location,Ahmedabad,Ahmedabad,Ahmedabad,Ahmedabad,Ahmedabad,Ahmedabad
lat,23.04292,23.04292,23.04292,23.04292,23.04292,23.04292
lon,72.54681,72.54681,72.54681,72.54681,72.54681,72.54681
asl,55.400,55.400,55.400,55.400,55.400,55.400
variable,Temperature,Precipitation Total,Relative Humidity,Mean Sea Level Pressure,Wind Speed,Wind Gust
unit,Â°C,mm,%,hPa,km/h,km/h
level,2 m elevation corrected,sfc,2 m,MSL,10 m,sfc
resolution,hourly,hourly,hourly,hourly,hourly,hourly
aggregation,None,None,None,None,None,None
timestamp,Ahmedabad Temperature [2 m elevation corrected],Ahmedabad Precipitation Total,Ahmedabad Relative Humidity [2 m],Ahmedabad Mean Sea Level Pressure [MSL],Ahmedabad Wind Speed [10 m],Ahmedabad Wind Gust
20210930T0000,25.456099,1.8,94.0,1003.6,23.838959,31.68
20210930T0100,25.226099,1.7,94.0,1003.9,21.915691,25.56
20210930T0200,25.0161,3.8,95.0,1003.6,17.884428,21.599998
20210930T0300,24.9061,4.8,96.0,1003.6,17.974781,25.56
20210930T0400,25.1461,2.0,95.0,1004.0,19.66536,28.44
20210930T0500,24.976099,0.4,94.0,1005.0,21.578989,33.12
20210930T0600,24.7361,0.0,94.0,1005.7,20.808498,30.960001
20210930T0700,24.796099,0.0,94.0,1006.3,20.68356,28.8
20210930T0800,25.376099,0.0,92.0,1007.4,21.611996,29.88
20210930T0900,26.1061,0.0,89.0,1008.1,22.862123,31.319998
20210930T1000,26.9861,0.0,85.0,1008.1,23.4,31.319998
20210930T1100,27.5361,0.0,82.0,1007.5,22.427162,29.88
20210930T1200,27.886099,0.0,80.0,1007.2,21.9718,28.44
20210930T1300,27.9861,0.0,79.0,1007.1,20.724247,27.359999
20210930T1400,28.9161,0.0,76.0,1006.8,20.523157,26.28
20210930T1500,28.5761,0.0,77.0,1006.5,20.617662,26.28
20210930T1600,28.3361,0.0,77.0,1006.3,20.674158,26.28
20210930T1700,29.6161,0.0,71.0,1006.3,20.880001,26.64
20210930T1800,28.4461,0.0,77.0,1006.9,17.414476,23.759998
20210930T1900,27.6561,0.0,81.0,1007.5,15.893093,21.24
20210930T2000,27.206099,0.0,84.0,1008.3,15.542662,20.519999
20210930T2100,26.8161,0.0,86.0,1009.0,15.111424,19.8
20210930T2200,26.556099,0.0,88.0,1009.3,15.03835,19.08
20210930T2300,26.3661,0.0,89.0,1008.9,13.441071,18.0
20211001T0000,26.206099,0.0,90.0,1008.7,12.287555,16.919998
20211001T0100,26.1161,0.0,91.0,1008.6,11.212135,16.199999
20211001T0200,25.976099,0.0,91.0,1008.1,9.826088,15.84
20211001T0300,25.8261,0.0,92.0,1007.7,9.0,15.119999
20211001T0400,25.6961,0.0,93.0,1007.8,8.225035,14.04
20211001T0500,25.6161,0.0,93.0,1008.6,8.0899935,13.32
20211001T0600,25.5361,0.0,93.0,1009.2,7.386582,12.24
20211001T0700,25.7561,0.0,92.0,1009.9,8.161764,12.599999
20211001T0800,26.386099,0.0,89.0,1010.7,9.1641035,12.959999
20211001T0900,27.296099,0.0,85.0,1011.1,9.290511,12.959999
20211001T1000,28.3961,0.0,78.0,1010.8,9.107359,12.959999
20211001T1100,28.3961,0.0,76.0,1010.0,8.759178,12.599999
20211001T1200,29.0961,0.0,72.0,1009.5,10.1376915,12.959999
20211001T1300,30.726099,0.0,66.0,1008.8,10.086427,13.679999
20211001T1400,31.2561,0.0,63.0,1008.0,10.105681,13.32
20211001T1500,31.1761,0.1,63.0,1007.4,9.422101,11.879999
20211001T1600,31.1061,0.1,63.0,1007.4,7.9932976,10.440001
20211001T1700,32.896103,0.0,53.0,1007.2,8.557102,11.5199995
20211001T1800,32.2461,0.0,54.0,1007.8,6.87779,10.799999
20211001T1900,31.476099,0.0,59.0,1008.4,8.287822,10.799999
20211001T2000,30.386099,0.0,65.0,1009.2,9.36,14.759999
20211001T2100,29.296099,0.0,70.0,1009.9,9.826088,15.84
20211001T2200,28.4261,0.0,72.0,1009.9,9.9571085,16.199999
20211001T2300,27.7861,0.0,73.0,1009.3,9.605998,11.879999
20211002T0000,27.2361,0.0,77.0,1008.9,8.825508,17.28
20211002T0100,26.7561,0.0,83.0,1008.7,8.12197,17.64
20211002T0200,26.386099,0.0,88.0,1008.4,7.771331,13.32
20211002T0300,26.1961,0.0,90.0,1008.1,7.072878,13.32
20211002T0400,25.9861,0.0,90.0,1008.2,6.379216,9.0
20211002T0500,25.716099,0.0,92.0,1009.0,5.634891,6.8399997
20211002T0600,25.476099,0.0,93.0,1009.7,5.3517847,6.12
20211002T0700,26.1661,0.0,90.0,1010.3,4.198285,5.04
20211002T0800,28.1061,0.0,79.0,1011.0,9.605998,9.0
20211002T0900,29.8361,0.0,70.0,1011.0,10.315115,9.36
20211002T1000,31.3561,0.0,64.0,1010.5,10.296251,8.64
20211002T1100,32.3461,0.0,58.0,1009.5,7.928177,6.4799995
20211002T1200,32.4061,0.0,57.0,1008.7,6.3690495,5.04
20211002T1300,32.556103,0.1,56.0,1008.3,6.193674,5.3999996
20211002T1400,32.9561,0.0,53.0,1007.8,5.4833565,3.96
20211002T1500,32.9361,0.2,53.0,1007.2,4.68,3.6
20211002T1600,32.8161,0.2,53.0,1007.1,4.0249224,3.96
20211002T1700,33.6861,0.0,49.0,1006.6,1.08,3.2399998
20211002T1800,33.076103,0.0,51.0,1007.2,4.39436,6.4799995
20211002T1900,32.3361,0.0,56.0,1007.6,7.289445,9.36
20211002T2000,31.4061,0.0,60.0,1008.2,8.427383,9.36
20211002T2100,30.6661,0.0,63.0,1008.9,9.0645685,10.799999
20211002T2200,29.886099,0.0,66.0,1009.1,9.422101,12.24
20211002T2300,28.9061,0.0,71.0,1008.7,9.565437,13.32
20211003T0000,28.1461,0.0,75.0,1008.6,8.891343,11.159999
20211003T0100,27.7761,0.0,77.0,1008.5,7.928177,14.04
20211003T0200,27.466099,0.0,79.0,1008.1,6.8777895,14.04
20211003T0300,27.1761,0.0,82.0,1007.7,5.904439,13.32
20211003T0400,26.8961,0.0,85.0,1007.8,5.692099,6.8399997
20211003T0500,26.6961,0.0,86.0,1008.4,5.3999996,5.04
20211003T0600,26.546099,0.0,87.0,1008.9,5.00128,4.32
20211003T0700,27.3461,0.0,84.0,1009.4,4.68,4.68
20211003T0800,28.9361,0.0,78.0,1010.2,11.709688,9.36
20211003T0900,30.626099,0.0,70.0,1010.5,14.48972,13.32
20211003T1000,31.5161,0.1,63.0,1010.3,10.495713,8.64
20211003T1100,32.4161,0.0,58.0,1009.5,7.729527,6.8399997
20211003T1200,32.486103,0.1,57.0,1008.6,5.6002855,4.68
20211003T1300,32.876102,0.1,55.0,1008.0,5.154415,4.32
20211003T1400,33.536102,0.0,52.0,1007.3,5.506941,4.32
20211003T1500,33.9061,0.0,50.0,1006.6,5.3999996,5.3999996
20211003T1600,33.826103,0.0,50.0,1006.5,5.506941,5.7599998
20211003T1700,33.7761,0.0,50.0,1005.9,3.8939953,6.4799995
20211003T1800,33.0861,0.0,53.0,1006.2,4.0249224,6.4799995
20211003T1900,32.5661,0.0,55.0,1006.5,5.95906,7.92
20211003T2000,31.8561,0.0,58.0,1006.8,6.9527545,11.879999
20211003T2100,30.9961,0.0,62.0,1007.2,8.473393,10.440001
20211003T2200,30.0161,0.0,65.0,1007.3,9.72,12.959999
20211003T2300,29.0761,0.0,68.0,1006.8,9.255571,14.04
20211004T0000,28.4861,0.0,70.0,1006.5,8.891344,15.84
20211004T0100,27.966099,0.0,75.0,1006.4,8.373386,14.04
20211004T0200,27.5361,0.0,79.0,1006.1,7.289445,14.4
20211004T0300,27.216099,0.0,82.0,1005.8,6.8777895,11.159999
20211004T0400,26.966099,0.0,83.0,1006.0,6.12,9.0
20211004T0500,26.8361,0.0,83.0,1006.8,5.937272,15.119999
20211004T0600,26.6861,0.0,81.0,1007.3,6.12,12.24
20211004T0700,27.0361,0.0,81.0,1007.8,6.638072,14.04
20211004T0800,28.3561,0.0,78.0,1008.5,10.30883,12.599999
20211004T0900,30.1761,0.0,71.0,1008.8,9.449572,10.799999
20211004T1000,31.7561,0.0,63.0,1008.5,7.7879906,10.440001
20211004T1100,32.236103,0.1,57.0,1007.5,7.69592,10.799999
20211004T1200,33.486103,0.0,53.0,1006.7,7.5599995,8.64
20211004T1300,34.3161,0.0,49.0,1006.2,7.771331,9.0
20211004T1400,34.6661,0.0,48.0,1005.6,7.42159,9.0
20211004T1500,34.8661,0.0,46.0,1004.9,6.696387,6.4799995
20211004T1600,34.8361,0.0,46.0,1004.6,6.3690495,6.4799995
20211004T1700,34.856102,0.0,44.0,1004.6,10.966713,10.08
20211004T1800,33.966103,0.0,46.0,1005.0,9.47012,12.24
20211004T1900,32.736103,0.0,52.0,1005.6,11.5199995,15.84
20211004T2000,30.9461,0.0,60.0,1006.5,14.417988,22.319998
20211004T2100,29.9061,0.0,64.0,1007.2,13.363711,22.319998
20211004T2200,29.1561,0.0,68.0,1007.4,12.7279215,19.08
20211004T2300,28.466099,0.0,72.0,1006.9,11.177405,22.319998
20211005T0000,28.0861,0.0,75.0,1006.7,9.360001,16.56
20211005T0100,27.7861,0.0,78.0,1006.7,8.089993,20.519999
20211005T0200,27.476099,0.0,81.0,1006.4,7.0911775,12.599999
20211005T0300,27.1661,0.0,83.0,1006.3,6.28713,10.440001
20211005T0400,26.8561,0.0,85.0,1006.6,5.8048253,10.440001
20211005T0500,26.6461,0.0,86.0,1007.6,5.1919937,9.0
20211005T0600,26.5061,0.0,86.0,1008.3,3.8268526,10.08
20211005T0700,27.2661,0.0,80.0,1009.1,2.1897945,6.12
20211005T0800,28.6161,0.0,75.0,1009.9,6.618519,7.5599995
20211005T0900,30.376099,0.0,69.0,1010.4,6.151683,5.3999996
20211005T1000,32.0661,0.0,62.0,1010.2,4.32,5.04
20211005T1100,33.1761,0.0,55.0,1009.3,2.52,6.4799995
20211005T1200,33.946102,0.0,52.0,1008.6,1.08,2.52
20211005T1300,34.5161,0.0,49.0,1008.0,0.71999997,3.96
20211005T1400,34.826103,0.0,48.0,1007.4,0.71999997,3.2399998
20211005T1500,34.8361,0.0,48.0,1006.8,1.1384199,2.8799999
20211005T1600,34.556103,0.0,48.0,1006.8,1.8,2.52
20211005T1700,34.896103,0.0,46.0,1006.3,3.2599385,6.12
20211005T1800,34.196102,0.0,47.0,1006.9,4.379589,7.2
20211005T1900,33.716103,0.0,49.0,1007.4,5.937272,6.8399997
20211005T2000,33.0661,0.0,52.0,1008.0,6.0347,7.92
20211005T2100,32.4961,0.0,54.0,1008.6,5.6920996,8.64
20211005T2200,31.9361,0.0,57.0,1008.8,5.6920996,7.5599995
20211005T2300,31.3661,0.0,59.0,1008.3,5.00128,7.2
20211006T0000,30.9161,0.0,61.0,1008.2,4.5820518,7.2
20211006T0100,30.546099,0.0,62.0,1007.9,4.2136917,5.7599998
20211006T0200,30.1561,0.0,64.0,1007.4,4.3349743,9.36
20211006T0300,29.6861,0.0,66.0,1007.1,4.6938257,11.159999
20211006T0400,29.1861,0.0,69.0,1007.3,5.904439,7.92
20211006T0500,28.9461,0.0,67.0,1008.0,6.830519,9.72
20211006T0600,28.6161,0.0,64.0,1008.5,7.771331,11.879999
20211006T0700,29.1461,0.0,60.0,1009.0,9.346143,13.32
20211006T0800,30.7761,0.0,52.0,1009.8,11.720751,15.119999
20211006T0900,32.606102,0.0,48.0,1010.1,11.966953,12.599999
20211006T1000,34.2761,0.0,45.0,1009.5,11.542478,12.959999
20211006T1100,35.3461,0.0,44.0,1008.2,9.659814,11.879999
20211006T1200,36.0661,0.0,42.0,1007.3,9.726664,11.879999
20211006T1300,36.5461,0.0,41.0,1006.6,9.449572,11.5199995
20211006T1400,36.716103,0.0,40.0,1005.8,8.714677,10.440001
20211006T1500,36.6161,0.0,41.0,1005.1,8.0899935,10.08
20211006T1600,36.2561,0.0,42.0,1005.1,8.217153,10.08
20211006T1700,36.1761,0.0,38.0,1005.2,5.815978,8.64
20211006T1800,35.446102,0.0,40.0,1005.7,5.4477882,8.64
20211006T1900,34.7761,0.0,43.0,1006.0,5.904439,6.8399997
20211006T2000,33.986103,0.0,46.0,1006.5,6.792466,9.0
20211006T2100,33.0861,0.0,50.0,1006.9,6.9527545,11.159999
20211006T2200,32.2761,0.0,53.0,1006.9,6.379216,11.159999
20211006T2300,31.6761,0.0,56.0,1006.4,5.0528407,10.08
20211007T0000,31.1561,0.0,59.0,1006.1,3.319036,9.36
20211007T0100,30.8261,0.0,60.0,1006.0,3.096837,9.0
20211007T0200,30.5661,0.0,61.0,1005.8,4.32,9.0
20211007T0300,30.1061,0.0,63.0,1005.5,4.802999,8.64
20211007T0400,29.5161,0.0,65.0,1005.7,5.3999996,11.879999
20211007T0500,28.9361,0.0,68.0,1006.6,5.1165614,3.6
20211007T0600,28.4061,0.0,70.0,1007.3,5.1165614,3.6
20211007T0700,28.8561,0.0,68.0,1007.8,5.1165614,5.04
20211007T0800,30.886099,0.0,56.0,1008.4,8.089993,7.92
20211007T0900,32.896103,0.0,51.0,1008.7,9.779817,8.64
20211007T1000,34.5961,0.0,46.0,1008.3,6.519877,11.879999
20211007T1100,35.396103,0.0,43.0,1007.3,5.0911684,7.5599995
20211007T1200,35.9061,0.0,41.0,1006.5,4.6102495,7.92
20211007T1300,36.3161,0.0,40.0,1005.8,5.634891,7.92
20211007T1400,36.6661,0.0,38.0,1005.0,6.193674,7.5599995
20211007T1500,36.1861,0.1,38.0,1004.4,6.1094027,6.12
20211007T1600,35.896103,0.2,38.0,1004.1,5.00128,4.68
20211007T1700,36.2261,0.0,35.0,1004.0,2.8116899,5.04
20211007T1800,35.5061,0.0,37.0,1004.2,2.5455842,5.7599998
20211007T1900,35.0861,0.0,38.0,1004.7,3.396233,4.32
20211007T2000,34.626102,0.0,40.0,1005.4,4.829907,5.3999996
20211007T2100,33.9961,0.0,42.0,1005.9,5.506941,7.2
20211007T2200,33.2561,0.0,44.0,1006.1,6.489992,9.36
20211007T2300,32.466103,0.0,47.0,1005.7,6.379216,11.159999
20211008T0000,31.726099,0.0,50.0,1005.6,5.95906,8.64
20211008T0100,31.1061,0.0,53.0,1005.5,5.495161,8.28
20211008T0200,30.6961,0.0,56.0,1005.2,5.0911684,7.92
20211008T0300,30.226099,0.0,59.0,1005.1,5.692099,9.0
20211008T0400,29.636099,0.0,62.0,1005.3,5.315336,13.679999
20211008T0500,29.1461,0.0,66.0,1006.0,3.219938,11.879999
20211008T0600,28.726099,0.0,69.0,1006.6,2.4149535,8.64
20211008T0700,28.8461,0.0,70.0,1007.2,3.319036,7.92
20211008T0800,30.886099,0.0,61.0,1007.9,3.8773184,5.7599998
20211008T0900,32.8161,0.0,52.0,1008.4,6.4096174,7.5599995
20211008T1000,34.4161,0.0,47.0,1008.2,4.8965297,6.4799995
20211008T1100,35.4261,0.0,40.0,1007.1,5.0528407,7.92
20211008T1200,36.0661,0.0,37.0,1006.5,3.2599385,3.96
20211008T1300,36.4161,0.0,35.0,1006.0,3.219938,6.4799995
20211008T1400,36.5261,0.0,34.0,1005.3,2.8116899,6.12
20211008T1500,36.4361,0.0,34.0,1004.7,2.8116899,5.3999996
20211008T1600,36.1361,0.0,35.0,1004.5,2.3051248,4.32
20211008T1700,36.4561,0.0,34.0,1003.6,5.506941,9.0
20211008T1800,35.536102,0.0,35.0,1004.0,1.1384199,9.72
20211008T1900,34.7261,0.0,38.0,1004.6,3.2599385,9.36
20211008T2000,34.0861,0.0,40.0,1005.1,5.1544156,10.08
20211008T2100,33.556103,0.0,43.0,1005.5,6.28713,8.64
20211008T2200,31.956099,0.0,51.0,1005.8,8.209263,10.799999
20211008T2300,30.5361,0.0,61.0,1005.7,8.891344,13.32
20211009T0000,29.6161,0.0,69.0,1005.6,9.360001,15.119999
20211009T0100,29.2661,0.0,72.0,1005.7,9.178235,15.119999
20211009T0200,28.8661,0.0,74.0,1005.3,7.9036193,15.4800005
20211009T0300,28.3461,0.0,78.0,1005.1,7.5170207,13.679999
20211009T0400,27.876099,0.0,81.0,1005.6,7.69592,12.24
20211009T0500,27.4861,0.0,84.0,1006.5,7.2805495,9.72
20211009T0600,27.4861,0.0,79.0,1007.1,2.16,7.2
20211009T0700,28.2561,0.0,72.0,1007.6,2.8799999,5.3999996
20211009T0800,30.0861,0.0,62.0,1008.1,1.9386592,4.68
20211009T0900,32.0261,0.0,52.0,1008.7,2.3051248,3.6
20211009T1000,33.5061,0.0,48.0,1008.5,2.9024127,2.16
20211009T1100,34.6561,0.0,43.0,1007.7,3.96,5.3999996
20211009T1200,35.5261,0.0,37.0,1007.0,4.3349743,10.08
20211009T1300,36.2461,0.0,33.0,1006.5,3.2399998,8.64
20211009T1400,36.5461,0.0,32.0,1005.6,2.9024127,5.3999996
20211009T1500,36.6161,0.0,32.0,1004.8,3.2399998,9.36
20211009T1600,36.4161,0.0,33.0,1004.6,3.8773184,7.5599995
20211009T1700,35.896103,0.0,34.0,1005.0,4.6102495,10.440001
20211009T1800,34.986103,0.0,36.0,1005.6,2.2768397,11.159999
20211009T1900,33.896103,0.0,40.0,1006.0,6.297428,11.879999
20211009T2000,32.396103,0.0,49.0,1006.8,7.928177,10.799999
20211009T2100,31.4961,0.0,55.0,1007.6,8.404285,10.440001
20211009T2200,30.6461,0.0,61.0,1007.9,8.435069,10.440001
20211009T2300,29.8361,0.0,66.0,1007.5,7.9932966,11.159999
20211010T0000,29.1761,0.0,72.0,1007.5,8.217153,12.24
20211010T0100,28.6761,0.0,76.0,1007.4,7.8954163,15.4800005
20211010T0200,28.226099,0.0,79.0,1006.8,6.763786,12.599999
20211010T0300,27.8261,0.0,82.0,1006.5,6.439876,8.64
20211010T0400,27.4861,0.0,84.0,1006.8,5.815978,9.36
20211010T0500,27.1761,0.0,86.0,1007.6,5.0911684,9.0
20211010T0600,27.1161,0.0,84.0,1008.1,3.7064266,9.72
20211010T0700,27.7761,0.0,79.0,1008.2,2.8799999,7.2
20211010T0800,29.6861,0.0,68.0,1008.7,2.8116899,4.32
20211010T0900,31.4161,0.0,60.0,1009.5,4.68,3.96
20211010T1000,32.8361,0.0,54.0,1009.2,5.0528407,4.32
20211010T1100,33.896103,0.0,46.0,1008.2,5.506941,8.28
20211010T1200,34.7061,0.0,41.0,1007.4,5.04,8.28
20211010T1300,35.2061,0.0,39.0,1006.9,6.2145634,6.12
20211010T1400,35.4961,0.0,39.0,1006.1,7.342588,6.4799995
20211010T1500,35.6161,0.0,37.0,1005.2,7.5942073,7.92
20211010T1600,35.3861,0.0,37.0,1004.9,8.350138,9.0
20211010T1700,34.806103,0.0,38.0,1005.4,8.905908,10.08
20211010T1800,33.896103,0.0,41.0,1005.7,2.5455842,9.0
20211010T1900,33.056103,0.0,46.0,1006.1,5.692099,8.64
20211010T2000,32.1661,0.0,51.0,1006.6,7.145796,9.36
20211010T2100,31.2461,0.0,58.0,1007.2,7.386582,9.72
20211010T2200,30.466099,0.0,61.0,1007.6,7.145796,9.72
20211010T2300,29.7761,0.0,64.0,1007.1,6.638072,12.24
20211011T0000,29.2561,0.0,67.0,1007.0,6.638072,8.64
20211011T0100,28.8461,0.0,69.0,1006.7,6.193674,11.159999
20211011T0200,28.4961,0.0,71.0,1006.2,4.8965297,10.08
20211011T0300,28.1961,0.0,73.0,1005.9,3.396233,9.72
20211011T0400,27.956099,0.0,74.0,1006.0,2.9024127,9.36
20211011T0500,27.7661,0.0,75.0,1006.7,1.5273507,8.64
20211011T0600,27.706099,0.0,75.0,1007.1,4.452954,7.5599995
20211011T0700,28.1761,0.0,73.0,1007.5,1.609969,6.4799995
20211011T0800,29.7861,0.0,66.0,1008.0,1.8,3.6
20211011T0900,31.3661,0.0,60.0,1008.5,3.2599385,3.2399998
20211011T1000,32.696102,0.0,55.0,1008.2,3.4152596,6.8399997
20211011T1100,33.6661,0.0,49.0,1007.4,3.6,7.2
20211011T1200,34.3361,0.0,44.0,1006.7,3.8268526,7.2
20211011T1300,34.7761,0.0,42.0,1006.0,3.6,6.4799995
20211011T1400,34.9361,0.0,41.0,1005.2,3.219938,5.3999996
20211011T1500,34.826103,0.0,42.0,1004.5,2.6208394,4.32
20211011T1600,34.446102,0.0,42.0,1004.2,2.2768397,3.6
20211011T1700,33.8461,0.0,44.0,1004.8,1.5273507,3.6
20211011T1800,32.856102,0.0,45.0,1005.1,3.5455887,4.32
20211011T1900,32.306103,0.0,48.0,1005.4,5.7599998,5.7599998
20211011T2000,31.476099,0.0,54.0,1006.1,6.379216,7.2
20211011T2100,30.6061,0.0,60.0,1006.5,5.771239,8.64
20211011T2200,30.1161,0.0,63.0,1006.7,5.506941,9.0
20211011T2300,29.626099,0.0,65.0,1006.3,5.634891,9.36
20211012T0000,29.1961,0.0,67.0,1006.0,5.1165614,9.72
20211012T0100,28.8161,0.0,69.0,1005.8,3.8268526,10.799999
20211012T0200,28.5261,0.0,70.0,1005.3,1.8,9.72
20211012T0300,28.1861,0.0,72.0,1004.9,0.8049845,9.72
20211012T0400,27.9261,0.0,74.0,1005.1,0.8049845,8.28
20211012T0500,27.6961,0.0,75.0,1005.9,2.4149535,8.28
20211012T0600,27.3261,0.0,75.0,1006.5,5.5887027,9.72
20211012T0700,27.726099,0.0,72.0,1007.0,6.2145634,10.440001
20211012T0800,29.5361,0.0,64.0,1007.9,5.8048253,9.36
20211012T0900,31.2861,0.0,56.0,1008.5,7.9932976,9.0
20211012T1000,32.8161,0.0,51.0,1008.3,8.049845,8.64
20211012T1100,34.0061,0.0,46.0,1007.4,7.69592,9.72
20211012T1200,34.826103,0.0,41.0,1006.5,6.2145634,8.64
20211012T1300,35.396103,0.0,38.0,1006.0,6.379216,7.5599995
20211012T1400,35.6661,0.0,36.0,1005.2,6.725354,8.64
20211012T1500,35.716103,0.0,35.0,1004.3,6.5693827,7.92
20211012T1600,35.486103,0.0,35.0,1004.0,7.6367526,8.64
20211012T1700,35.0861,0.0,36.0,1004.4,6.5693827,9.0
20211012T1800,34.326103,0.0,38.0,1004.7,4.802999,7.2
20211012T1900,33.7761,0.0,42.0,1005.3,1.835647,2.52
20211012T2000,33.1661,0.0,45.0,1006.0,1.08,4.32
20211012T2100,32.606102,0.0,47.0,1007.1,5.0528407,9.36
20211012T2200,31.4161,0.0,51.0,1007.4,7.6367526,11.159999
20211012T2300,30.226099,0.0,55.0,1006.9,8.699793,11.159999
20211013T0000,29.4261,0.0,56.0,1006.7,9.686609,10.08
20211013T0100,28.7661,0.0,56.0,1006.8,10.383987,10.440001
20211013T0200,28.1561,0.0,56.0,1006.4,10.163227,17.64
20211013T0300,27.6861,0.0,56.0,1006.1,10.041354,19.08
20211013T0400,27.2461,0.0,56.0,1006.0,10.182337,16.199999
20211013T0500,26.8461,0.0,55.0,1006.7,10.086427,18.359999
20211013T0600,26.5361,0.0,55.0,1007.2,7.5599995,15.4800005
20211013T0700,27.0961,0.0,54.0,1007.7,6.4799995,18.0
20211013T0800,29.126099,0.0,49.0,1008.2,9.72,14.04
20211013T0900,31.3961,0.0,43.0,1008.7,10.805999,14.4
20211013T1000,33.5161,0.0,37.0,1008.6,11.304229,12.24
20211013T1100,35.1361,0.0,33.0,1007.6,10.703569,9.36
20211013T1200,36.2561,0.0,30.0,1006.5,10.495713,10.08
20211013T1300,36.8861,0.0,29.0,1005.7,8.4963045,8.64
20211013T1400,37.146103,0.0,28.0,1004.8,7.24486,8.28
20211013T1500,37.216103,0.0,28.0,1003.9,6.9899354,8.28
20211013T1600,37.0061,0.0,28.0,1003.6,7.92,9.72
20211013T1700,36.5261,0.0,28.0,1004.1,7.2,9.0
20211013T1800,35.3361,0.0,30.0,1004.8,5.5887027,7.92
20211013T1900,34.5261,0.0,32.0,1005.1,5.3517847,9.0
20211013T2000,33.6161,0.0,34.0,1005.7,6.297428,9.72
20211013T2100,32.306103,0.0,38.0,1006.4,7.8954163,8.28
20211013T2200,31.1661,0.0,39.0,1006.7,8.0899935,9.72
20211013T2300,29.9861,0.0,41.0,1006.5,8.161764,11.5199995
20200930T0000,28.4261,0.0,61.0,1006.7,7.928177,12.24
20200930T0100,27.8561,0.0,65.0,1006.5,7.928177,14.04
20200930T0200,27.3561,0.0,69.0,1005.9,7.2,14.4
20200930T0300,26.8361,0.0,73.0,1005.3,6.439876,13.32
20200930T0400,26.4261,0.0,75.0,1005.4,6.638072,10.440001
20200930T0500,26.216099,0.0,74.0,1006.4,7.5599995,7.92
20200930T0600,25.6661,0.0,79.0,1007.1,8.669949,18.359999
20200930T0700,25.9461,0.0,81.0,1007.8,9.885262,20.16
20200930T0800,27.4161,0.0,79.0,1008.4,14.336861,11.5199995
20200930T0900,29.0961,0.0,74.0,1008.9,14.565548,13.679999
20200930T1000,30.6661,0.0,65.0,1008.7,13.513193,11.159999
20200930T1100,31.9161,0.0,56.0,1007.9,12.181624,14.04
20200930T1200,32.8161,0.0,50.0,1007.2,10.464797,14.4
20200930T1300,33.396103,0.0,48.0,1006.5,9.693296,12.959999
20200930T1400,33.6761,0.0,46.0,1005.5,8.891344,11.879999
20200930T1500,33.786102,0.0,44.0,1004.6,7.5170207,10.799999
20200930T1600,33.5961,0.0,44.0,1004.4,6.725354,10.440001
20200930T1700,33.0161,0.0,46.0,1005.0,10.041354,10.440001
20200930T1800,32.2561,0.0,47.0,1005.8,8.350138,14.4
20200930T1900,31.8661,0.4,49.0,1006.2,7.5685663,11.879999
20200930T2000,31.3261,0.3,52.0,1006.8,7.771331,11.879999
20200930T2100,30.5661,0.0,55.0,1007.3,8.225035,11.5199995
20200930T2200,29.7861,0.0,58.0,1007.5,8.891343,13.679999
20200930T2300,29.056099,0.0,60.0,1007.1,9.220499,16.919998
20201001T0000,28.5061,0.0,61.0,1006.9,9.422101,14.04
20201001T0100,28.0161,0.0,63.0,1006.8,9.178235,15.119999
20201001T0200,27.386099,0.0,67.0,1006.3,8.707237,12.959999
20201001T0300,26.7561,0.0,71.0,1005.9,8.759178,11.879999
20201001T0400,26.2861,0.0,75.0,1006.0,9.531505,19.8
20201001T0500,25.7561,0.0,81.0,1006.7,9.449572,21.599998
20201001T0600,25.3961,0.0,85.0,1007.4,8.891344,22.319998
20201001T0700,26.0761,0.0,85.0,1008.1,9.83268,12.959999
20201001T0800,27.886099,0.0,79.0,1008.8,14.77755,14.04
20201001T0900,29.626099,0.0,68.0,1009.3,15.986593,18.359999
20201001T1000,31.376099,0.0,58.0,1009.1,15.683774,12.599999
20201001T1100,32.7261,0.0,52.0,1008.1,15.463246,11.879999
20201001T1200,33.896103,0.0,48.0,1007.3,13.779114,14.04
20201001T1300,34.7661,0.0,44.0,1006.5,11.659777,14.4
20201001T1400,35.0961,0.0,41.0,1005.7,11.5199995,13.679999
20201001T1500,35.1161,0.0,40.0,1004.8,11.525623,11.5199995
20201001T1600,34.9961,0.0,38.0,1004.4,11.159999,11.159999
20201001T1700,34.536102,0.0,38.0,1005.2,10.636766,10.440001
20201001T1800,33.7261,0.0,40.0,1005.7,8.311245,9.0
20201001T1900,33.0861,0.0,42.0,1006.1,7.5599995,10.440001
20201001T2000,32.3861,0.0,45.0,1006.7,8.089993,12.24
20201001T2100,31.5961,0.0,48.0,1007.3,8.39657,13.679999
20201001T2200,30.6861,0.0,52.0,1007.3,8.209263,13.679999
20201001T2300,29.716099,0.0,58.0,1006.7,8.209263,15.4800005
20201002T0000,28.8561,0.0,63.0,1006.3,7.7043357,16.919998
20201002T0100,28.0761,0.0,70.0,1006.2,7.289445,17.64
20201002T0200,27.3961,0.0,76.0,1005.9,7.172949,15.4800005
20201002T0300,27.0861,0.0,76.0,1005.7,7.2,10.440001
20201002T0400,26.9061,0.0,72.0,1005.8,8.557102,19.8
20201002T0500,26.306099,0.0,75.0,1006.4,8.225035,21.599998
20201002T0600,25.7661,0.0,80.0,1006.9,7.4128532,14.759999
20201002T0700,26.2861,0.0,82.0,1007.7,7.9036193,21.96
20201002T0800,28.056099,0.0,78.0,1008.6,13.896187,13.679999
20201002T0900,30.1661,0.0,64.0,1009.2,16.595179,18.0
20201002T1000,31.9861,0.0,55.0,1008.9,15.484185,11.159999
20201002T1100,33.5661,0.0,48.0,1007.9,15.807239,14.04
20201002T1200,34.8361,0.0,45.0,1007.0,14.33234,13.32
20201002T1300,35.856102,0.0,41.0,1006.4,14.007655,14.4
20201002T1400,36.4761,0.0,37.0,1005.6,13.0447235,14.04
20201002T1500,36.786102,0.0,32.0,1004.9,9.826088,12.24
20201002T1600,36.6861,0.0,29.0,1004.7,8.217153,11.879999
20201002T1700,36.0161,0.0,31.0,1005.0,8.557102,8.64
20201002T1800,34.9761,0.0,33.0,1005.2,8.557102,6.4799995
20201002T1900,34.0261,0.0,36.0,1005.7,8.4042845,13.32
20201002T2000,33.0961,0.0,40.0,1006.5,8.707238,14.4
20201002T2100,32.216103,0.0,42.0,1007.2,8.825508,14.759999
20201002T2200,31.4261,0.0,45.0,1007.4,8.473393,13.32
20201002T2300,30.5261,0.0,47.0,1007.0,9.346143,12.24
20201003T0000,29.4461,0.0,52.0,1006.8,10.137692,20.16
20201003T0100,28.2561,0.0,63.0,1006.7,10.365251,11.879999
20201003T0200,27.3561,0.0,70.0,1006.4,10.24578,21.96
20201003T0300,26.7561,0.0,74.0,1006.2,10.028439,22.68
20201003T0400,26.1861,0.0,79.0,1006.2,9.504273,16.56
20201003T0500,25.7761,0.0,83.0,1006.8,8.707237,15.84
20201003T0600,25.4461,0.0,86.0,1007.1,7.7043357,14.4
20201003T0700,26.0661,0.0,85.0,1007.7,7.145796,18.0
20201003T0800,28.0261,0.0,79.0,1008.5,11.720751,12.24
20201003T0900,29.976099,0.0,68.0,1009.0,12.496718,10.08
20201003T1000,31.956099,0.0,57.0,1009.1,11.200571,8.64
20201003T1100,33.7061,0.0,49.0,1008.3,11.212135,9.36
20201003T1200,35.0261,0.0,43.0,1007.6,9.504272,8.64
20201003T1300,36.0961,0.0,34.0,1006.8,6.0347,5.3999996
20201003T1400,36.5461,0.0,32.0,1005.9,5.8603754,7.2
20201003T1500,36.6361,0.0,31.0,1005.2,6.4799995,6.8399997
20201003T1600,36.5261,0.0,30.0,1005.0,7.5685663,9.36
20201003T1700,35.966103,0.0,29.0,1005.7,7.5685663,9.36
20201003T1800,35.0661,0.0,31.0,1006.1,6.130579,7.92
20201003T1900,34.6161,0.0,32.0,1006.4,4.379589,6.8399997
20201003T2000,33.946102,0.0,34.0,1007.0,4.0249224,6.8399997
20201003T2100,33.1661,0.0,36.0,1007.6,3.396233,7.2
20201003T2200,32.2961,0.0,39.0,1008.1,3.319036,8.64
20201003T2300,31.476099,0.0,42.0,1008.1,5.3999996,6.4799995
20201004T0000,30.5961,0.0,43.0,1008.3,7.9932976,13.32
20201004T0100,28.806099,0.0,54.0,1008.3,10.587917,17.64
20201004T0200,27.2761,0.0,66.0,1007.9,11.27553,19.8
20201004T0300,26.546099,0.0,73.0,1007.6,11.525623,17.64
20201004T0400,26.056099,0.0,79.0,1007.8,11.384199,21.599998
20201004T0500,25.796099,0.0,82.0,1008.5,10.464797,23.759998
20201004T0600,25.4861,0.0,84.0,1009.1,9.19939,17.64
20201004T0700,26.0361,0.0,81.0,1009.8,9.585739,16.199999
20201004T0800,27.6661,0.0,72.0,1010.5,15.629971,16.56
20201004T0900,29.386099,0.0,64.0,1011.1,14.4,11.5199995
20201004T1000,31.2361,0.0,55.0,1010.9,13.392774,11.159999
20201004T1100,33.0661,0.0,47.0,1009.9,13.584932,12.599999
20201004T1200,34.306103,0.0,43.0,1008.9,11.923557,9.72
20201004T1300,35.2661,0.0,34.0,1008.1,9.449572,8.28
20201004T1400,35.6861,0.0,33.0,1007.1,9.449572,9.72
20201004T1500,35.8461,0.0,31.0,1006.1,9.9571085,9.36
20201004T1600,35.6361,0.0,32.0,1005.9,10.538843,10.08
20201004T1700,35.3661,0.0,30.0,1006.4,8.39657,11.159999
20201004T1800,34.4261,0.0,32.0,1006.9,7.4128532,9.0
20201004T1900,33.7661,0.0,33.0,1007.3,6.830519,10.08
20201004T2000,33.0961,0.0,34.0,1007.7,7.2359104,10.799999
20201004T2100,32.326103,0.0,34.0,1008.3,7.92,9.36
20201004T2200,31.5761,0.0,35.0,1008.6,7.92,9.36
20201004T2300,30.7661,0.0,37.0,1008.4,7.5942073,10.08
20201005T0000,29.976099,0.0,40.0,1008.2,7.69592,12.24
20201005T0100,28.956099,0.0,43.0,1008.2,8.669949,10.799999
20201005T0200,27.6661,0.0,53.0,1007.8,9.746631,19.08
20201005T0300,26.206099,0.0,68.0,1007.5,10.829959,21.96
20201005T0400,25.3361,0.0,79.0,1007.5,10.495713,13.679999
20201005T0500,24.966099,0.0,87.0,1008.3,9.83268,16.56
20201005T0600,24.7661,0.0,91.0,1008.9,9.339208,15.4800005
20201005T0700,25.206099,0.0,91.0,1009.6,8.891343,14.759999
20201005T0800,26.556099,0.0,85.0,1010.3,12.599998,13.679999
20201005T0900,28.5361,0.0,72.0,1010.8,14.291592,11.159999
20201005T1000,30.5661,0.0,63.0,1010.6,12.819235,9.36
20201005T1100,32.5461,0.0,53.0,1009.6,13.896187,12.599999
20201005T1200,34.2261,0.0,45.0,1008.6,14.277983,10.799999
20201005T1300,35.2561,0.0,38.0,1007.7,14.336861,18.72
20201005T1400,35.946102,0.0,31.0,1006.6,9.504273,11.5199995
20201005T1500,36.1761,0.0,28.0,1005.9,6.28713,12.24
20201005T1600,35.946102,0.0,28.0,1005.5,6.9527545,12.599999
20201005T1700,35.2761,0.0,33.0,1006.1,7.9036193,10.08
20201005T1800,34.446102,0.0,35.0,1006.5,7.172949,8.28
20201005T1900,33.856102,0.0,37.0,1006.8,6.849467,9.36
20201005T2000,33.2261,0.0,39.0,1007.1,7.5599995,8.64
20201005T2100,32.3161,0.0,41.0,1007.6,8.287822,10.08
20201005T2200,31.226099,0.0,43.0,1007.7,9.3876505,12.24
20201005T2300,30.226099,0.0,45.0,1007.5,10.105681,11.5199995
20201006T0000,29.476099,0.0,46.0,1007.4,9.746631,12.599999
20201006T0100,28.8361,0.0,46.0,1007.3,9.72,13.32
20201006T0200,27.716099,0.0,52.0,1006.9,10.239453,12.959999
20201006T0300,26.4161,0.0,66.0,1006.6,10.464797,12.599999
20201006T0400,25.7361,0.0,75.0,1006.7,9.885262,12.24
20201006T0500,25.4461,0.0,81.0,1007.6,8.669949,10.799999
20201006T0600,25.206099,0.0,85.0,1008.3,7.9932966,11.5199995
20201006T0700,25.9061,0.0,83.0,1009.0,8.373386,9.72
20201006T0800,27.3561,0.0,79.0,1009.9,16.516901,14.04
20201006T0900,29.1561,0.0,66.0,1010.5,15.978484,13.679999
20201006T1000,31.0061,0.0,60.0,1010.4,13.854155,11.879999
20201006T1100,33.0861,0.0,51.0,1009.4,14.336861,12.24
20201006T1200,34.7461,0.0,43.0,1008.6,13.584932,14.04
20201006T1300,36.036102,0.0,38.0,1007.8,11.384198,12.959999
20201006T1400,36.9761,0.0,30.0,1006.7,6.696387,8.28
20201006T1500,37.326103,0.0,24.0,1005.8,4.510787,4.68
20201006T1600,37.1561,0.0,24.0,1005.5,4.8965297,7.5599995
20201006T1700,36.2961,0.0,26.0,1005.6,4.802999,6.4799995
20201006T1800,35.4761,0.0,28.0,1006.0,4.1046314,2.52
20201006T1900,35.1361,0.0,28.0,1006.4,5.8048253,4.68
20201006T2000,34.2261,0.0,31.0,1006.9,7.92,6.8399997
20201006T2100,32.4561,0.0,37.0,1007.6,10.105681,11.879999
20201006T2200,30.706099,0.0,45.0,1007.8,10.931203,14.4
20201006T2300,29.626099,0.0,49.0,1007.6,10.086427,10.440001
20201007T0000,28.9061,0.0,51.0,1007.5,9.0,17.28
20201007T0100,28.2561,0.0,53.0,1007.6,7.8954163,18.72
20201007T0200,27.5761,0.0,56.0,1007.5,7.628263,14.4
20201007T0300,27.0961,0.0,57.0,1007.5,7.5685663,15.84
20201007T0400,26.6661,0.0,58.0,1007.7,7.4128532,12.24
20201007T0500,26.2661,0.0,59.0,1008.5,7.10031,17.28
20201007T0600,25.7761,0.0,60.0,1009.1,7.5942082,18.359999
20201007T0700,26.3261,0.0,59.0,1010.0,8.217153,18.72
20201007T0800,28.3161,0.0,54.0,1011.0,11.27553,21.24
20201007T0900,30.556099,0.0,44.0,1011.6,16.454008,20.880001
20201007T1000,32.7461,0.0,37.0,1011.5,15.463244,15.4800005
20201007T1100,34.5261,0.0,33.0,1010.4,16.327497,14.4
20201007T1200,35.896103,0.0,30.0,1009.3,14.934577,14.04
20201007T1300,36.9561,0.0,27.0,1008.5,12.144331,13.679999
20201007T1400,37.5461,0.0,23.0,1007.6,9.0,7.5599995
20201007T1500,37.646103,0.0,22.0,1006.8,8.28,8.64
20201007T1600,37.446102,0.0,22.0,1006.3,8.287822,7.2
20201007T1700,36.946102,0.0,21.0,1006.8,3.9763298,6.12
20201007T1800,36.236103,0.0,22.0,1007.2,3.7064266,5.04
20201007T1900,35.5661,0.0,24.0,1007.5,4.8965297,7.2
20201007T2000,34.9261,0.0,25.0,1007.9,6.151683,10.440001
20201007T2100,33.696102,0.0,29.0,1008.4,7.8625183,9.72
20201007T2200,31.976099,0.0,34.0,1008.5,9.021574,10.440001
20201007T2300,30.4261,0.0,38.0,1008.4,11.019764,24.119999
20201008T0000,29.376099,0.0,39.0,1008.3,11.298495,24.119999
20201008T0100,28.3461,0.0,41.0,1008.3,10.703569,19.44
20201008T0200,27.5061,0.0,43.0,1007.8,10.483357,26.28
20201008T0300,26.8561,0.0,45.0,1007.4,10.587917,21.96
20201008T0400,26.2361,0.0,48.0,1007.5,10.365251,22.319998
20201008T0500,25.7761,0.0,50.0,1008.2,10.365251,23.4
20201008T0600,25.296099,0.0,53.0,1008.7,10.587917,25.199999
20201008T0700,25.8961,0.0,52.0,1009.3,11.620809,26.64
20201008T0800,28.2861,0.0,46.0,1010.1,11.720751,27.0
20201008T0900,30.796099,0.0,39.0,1010.7,15.517629,18.72
20201008T1000,33.216103,0.0,33.0,1010.3,14.77755,17.64
20201008T1100,35.326103,0.0,29.0,1009.2,14.440443,16.56
20201008T1200,36.9761,0.0,25.0,1008.3,11.901798,14.759999
20201008T1300,38.1161,0.0,21.0,1007.5,8.557102,8.64
20201008T1400,38.6661,0.0,18.0,1006.6,6.8777895,9.0
20201008T1500,38.716103,0.0,17.0,1005.7,5.904439,8.28
20201008T1600,38.4561,0.0,17.0,1005.4,5.0911684,7.92
20201008T1700,37.0161,0.0,21.0,1006.0,5.6920996,12.24
20201008T1800,36.326103,0.0,22.0,1006.3,4.3349743,9.72
20201008T1900,35.5961,0.0,24.0,1006.7,4.1046314,6.12
20201008T2000,34.8861,0.0,25.0,1007.3,4.198285,6.4799995
20201008T2100,34.0061,0.0,27.0,1007.9,4.6938257,7.5599995
20201008T2200,32.9361,0.0,29.0,1008.2,5.00128,9.36
20201008T2300,31.8461,0.0,32.0,1007.8,7.10031,12.599999
20201009T0000,30.3461,0.0,36.0,1007.8,8.049845,8.28
20201009T0100,29.4861,0.0,37.0,1007.9,8.766573,11.879999
20201009T0200,28.806099,0.0,36.0,1007.7,9.885262,10.799999
20201009T0300,27.636099,0.0,38.0,1007.4,10.182337,11.5199995
20201009T0400,26.6061,0.0,42.0,1007.3,10.1376915,13.32
20201009T0500,25.886099,0.0,45.0,1007.8,10.105681,14.04
20201009T0600,25.2761,0.0,47.0,1008.2,9.726665,14.759999
20201009T0700,25.546099,0.0,47.0,1009.0,9.746631,13.32
20201009T0800,28.376099,0.0,42.0,1010.0,7.92,13.32
20201009T0900,31.6161,0.0,35.0,1010.7,13.556282,18.359999
20201009T1000,34.2461,0.0,31.0,1010.4,15.192682,17.28
20201009T1100,36.4261,0.0,26.0,1009.3,15.281989,16.199999
20201009T1200,37.8661,0.0,20.0,1008.4,13.363711,12.599999
20201009T1300,38.576103,0.0,17.0,1007.7,10.691453,10.08
20201009T1400,38.856102,0.0,17.0,1006.9,8.913181,9.0
20201009T1500,38.8661,0.0,17.0,1006.1,7.491114,8.64
20201009T1600,38.5961,0.0,18.0,1005.7,6.439876,6.12
20201009T1700,37.196102,0.0,20.0,1006.1,5.3999996,8.28
20201009T1800,36.4561,0.0,21.0,1006.4,3.7585104,6.4799995
20201009T1900,35.8661,0.0,22.0,1006.9,3.2399998,5.04
20201009T2000,35.3461,0.0,23.0,1007.6,3.2599385,4.32
20201009T2100,34.6561,0.0,24.0,1008.3,3.671294,4.68
20201009T2200,33.716103,0.0,26.0,1008.3,4.0249224,5.7599998
20201009T2300,32.6361,0.0,28.0,1007.9,5.2416787,7.5599995
20201010T0000,31.6461,0.0,30.0,1007.7,7.072878,9.72
20201010T0100,30.376099,0.0,33.0,1007.7,9.0,13.679999
20201010T0200,29.2861,0.0,35.0,1007.5,9.605998,12.599999
20201010T0300,28.5861,0.0,34.0,1007.2,10.182337,12.24
20201010T0400,27.8261,0.0,35.0,1007.1,10.446206,11.159999
20201010T0500,27.1461,0.0,37.0,1007.4,10.08,11.159999
20201010T0600,26.4961,0.0,39.0,1007.7,9.72,10.440001
20201010T0700,26.7861,0.0,40.0,1008.4,9.746631,10.440001
20201010T0800,29.2861,0.0,37.0,1009.2,7.9526596,9.72
20201010T0900,31.796099,0.0,34.0,1009.6,14.759999,14.759999
20201010T1000,34.1361,0.0,31.0,1009.1,14.404499,17.64
20201010T1100,36.2661,0.0,27.0,1007.9,12.24,13.32
20201010T1200,37.8461,0.0,22.0,1006.9,8.473393,12.959999
20201010T1300,38.7461,0.0,18.0,1006.2,8.39657,7.92
20201010T1400,39.1361,0.0,16.0,1005.5,8.714677,9.36
20201010T1500,39.146103,0.0,16.0,1004.7,7.5942082,9.36
20201010T1600,38.876102,0.0,17.0,1004.3,6.6185193,6.8399997
20201010T1700,37.8861,0.0,19.0,1004.8,6.2145634,7.5599995
20201010T1800,37.076103,0.0,20.0,1005.2,4.0249224,5.7599998
20201010T1900,36.4961,0.0,21.0,1005.5,4.072935,5.3999996
20201010T2000,35.856102,0.0,22.0,1005.9,4.6800003,6.4799995
20201010T2100,35.0461,0.0,24.0,1006.5,5.506941,8.28
20201010T2200,34.0461,0.0,25.0,1006.6,6.2145634,10.440001
20201010T2300,32.716103,0.0,29.0,1006.3,7.628263,11.879999
20201011T0000,30.9961,0.0,34.0,1006.3,8.78872,13.32
20201011T0100,29.976099,0.0,35.0,1006.1,10.514218,18.359999
20201011T0200,29.2361,0.0,33.0,1005.7,11.792404,17.28
20201011T0300,28.2561,0.0,34.0,1005.3,11.753877,16.199999
20201011T0400,27.3961,0.0,37.0,1005.3,11.165805,25.56
20201011T0500,26.4861,0.0,40.0,1005.8,9.6932955,28.08
20201011T0600,25.6961,0.0,43.0,1006.2,8.473393,28.44
20201011T0700,26.0261,0.0,45.0,1006.7,7.771331,9.72
20201011T0800,28.2861,0.0,44.0,1007.5,6.0347,14.759999
20201011T0900,30.6161,0.0,41.0,1008.0,11.620809,15.4800005
20201011T1000,33.1761,0.0,37.0,1007.6,8.209263,11.159999
20201011T1100,35.736103,0.0,30.0,1006.1,6.8399997,9.0
20201011T1200,37.7561,0.0,23.0,1005.1,4.8965297,7.2
20201011T1300,38.896103,0.0,20.0,1004.3,5.634891,6.4799995
20201011T1400,39.376102,0.0,18.0,1003.4,5.495161,6.4799995
20201011T1500,39.4261,0.0,17.0,1002.5,4.8433046,5.7599998
20201011T1600,39.1561,0.0,17.0,1002.1,4.198285,5.3999996
20201011T1700,37.5461,0.0,20.0,1002.8,4.072935,7.92
20201011T1800,36.7461,0.0,21.0,1003.2,1.609969,6.12
20201011T1900,36.446102,0.0,22.0,1003.7,1.1384199,1.8
20201011T2000,35.8861,0.0,22.0,1004.4,2.9024127,2.52
20201011T2100,35.2961,0.0,23.0,1005.0,3.8773184,3.96
20201011T2200,34.4961,0.0,25.0,1005.0,4.3349743,5.7599998
20201011T2300,33.576103,0.0,27.0,1004.4,4.802999,8.64
20201012T0000,32.6361,0.0,29.0,1004.0,5.0911684,10.08
20201012T0100,31.796099,0.0,31.0,1003.7,5.8048253,14.4
20201012T0200,30.9361,0.0,33.0,1003.2,6.618519,9.72
20201012T0300,30.306099,0.0,34.0,1002.8,7.653705,9.0
20201012T0400,29.1961,0.0,39.0,1002.8,7.9932966,9.0
20201012T0500,27.8561,0.0,46.0,1003.6,6.12,8.28
20201012T0600,26.8261,0.0,51.0,1004.3,3.6,17.64
20201012T0700,26.6661,0.0,53.0,1004.9,3.096837,16.919998
20201012T0800,28.6761,0.0,50.0,1005.5,2.5455842,15.4800005
20201012T0900,32.106102,0.0,37.0,1006.0,2.9024127,6.8399997
20201012T1000,34.626102,0.0,30.0,1005.7,6.2145634,7.5599995
20201012T1100,36.5161,0.0,25.0,1004.6,5.0528407,6.8399997
20201012T1200,37.876102,0.0,22.0,1003.5,3.6,5.04
20201012T1300,38.7561,0.0,20.0,1002.6,3.319036,4.68
20201012T1400,39.1861,0.0,19.0,1001.8,3.2399998,5.04
20201012T1500,39.2261,0.0,18.0,1000.9,2.8799999,4.68
20201012T1600,38.9761,0.0,18.0,1000.7,2.6208394,4.68
20201012T1700,37.806103,0.0,17.0,1001.4,5.2416787,5.04
20201012T1800,37.0261,0.0,18.0,1002.0,2.8799999,4.68
20201012T1900,36.5961,0.0,19.0,1002.2,2.5455842,3.6
20201012T2000,36.0061,0.0,19.0,1002.6,3.5455887,5.04
20201012T2100,35.2461,0.0,20.0,1003.0,4.5536795,8.28
20201012T2200,34.2461,0.0,22.0,1003.2,4.896529,9.36
20201012T2300,33.106102,0.0,25.0,1002.9,5.0142193,7.5599995
20201013T0000,32.0861,0.0,27.0,1002.8,4.510787,8.64
20201013T0100,31.206099,0.0,29.0,1002.7,4.5820518,10.440001
20201013T0200,30.2861,0.0,32.0,1002.4,5.00128,12.959999
20201013T0300,29.3961,0.0,34.0,1002.1,5.95906,10.799999
20201013T0400,28.1561,0.0,39.0,1002.1,6.830519,12.959999
20201013T0500,27.0161,0.0,44.0,1002.7,6.519877,25.199999
20201013T0600,26.126099,0.0,49.0,1003.2,6.519877,24.48
20201013T0700,26.306099,0.0,50.0,1004.0,6.193674,19.08
20201013T0800,28.376099,0.0,46.0,1004.7,3.396233,17.28
20201013T0900,31.7561,0.0,32.0,1005.3,7.289444,10.799999
20201013T1000,34.696102,0.0,24.0,1005.1,8.714677,10.440001
20201013T1100,36.8461,0.0,19.0,1004.2,9.565437,10.799999
20201013T1200,38.196102,0.0,17.0,1003.3,6.9247384,8.28
20201013T1300,39.0261,0.0,16.0,1002.5,4.3349743,6.4799995
20201013T1400,39.4161,0.0,16.0,1001.7,3.319036,3.96
20201013T1500,39.4561,0.0,16.0,1000.9,2.8116899,3.2399998
20201013T1600,39.2061,0.0,16.0,1000.8,2.5959969,3.6
20201013T1700,37.7561,0.0,16.0,1001.4,6.0347,9.72
20201013T1800,37.0961,0.0,17.0,1002.0,5.7599998,9.0
20201013T1900,36.3661,0.0,18.0,1002.6,5.0911684,7.92
20201013T2000,35.7461,0.0,19.0,1003.0,4.896529,7.5599995
20201013T2100,35.076103,0.0,19.0,1003.5,5.3517847,7.92
20201013T2200,34.236103,0.0,20.0,1003.6,5.937272,8.28
20201013T2300,33.236103,0.0,22.0,1003.4,6.519877,9.0
20190930T0000,24.5661,2.9,95.0,1009.6,24.842607,31.319998
20190930T0100,24.6761,1.6,95.0,1009.8,23.377836,32.399998
20190930T0200,24.636099,0.4,95.0,1009.4,21.749481,29.519999
20190930T0300,24.5361,0.1,95.0,1008.9,19.770523,27.0
20190930T0400,24.476099,0.0,95.0,1008.7,18.228943,25.199999
20190930T0500,24.456099,0.2,95.0,1009.4,18.175545,22.319998
20190930T0600,24.4161,0.2,95.0,1009.8,17.651016,21.24
20190930T0700,24.4861,0.3,95.0,1010.4,17.298738,21.24
20190930T0800,24.6961,0.7,94.0,1011.1,17.462784,21.24
20190930T0900,24.7461,1.2,94.0,1011.6,17.373497,20.16
20190930T1000,24.7661,1.9,95.0,1011.7,16.808569,19.8
20190930T1100,24.7561,1.6,95.0,1011.2,14.578888,16.919998
20190930T1200,24.8961,0.7,94.0,1010.9,12.55879,14.4
20190930T1300,25.1561,0.4,94.0,1010.4,11.808878,12.959999
20190930T1400,25.5061,0.1,93.0,1009.7,13.004922,15.119999
20190930T1500,25.1561,0.1,93.0,1009.0,13.324863,16.56
20190930T1600,25.3561,0.1,93.0,1008.9,12.229406,14.04
20190930T1700,25.0761,2.2,92.0,1005.5,25.60053,33.48
20190930T1800,24.976099,2.2,93.0,1005.8,27.0024,34.56
20190930T1900,24.7561,2.7,95.0,1006.1,27.36947,34.56
20190930T2000,24.7561,2.4,95.0,1006.6,26.932714,32.399998
20190930T2100,24.7861,2.2,95.0,1007.0,26.208395,31.319998
20190930T2200,24.7661,2.1,96.0,1007.3,25.44566,33.839996
20190930T2300,24.7361,1.9,96.0,1007.1,24.863466,32.760002
20191001T0000,24.6961,1.9,96.0,1007.1,23.708124,34.92
20191001T0100,24.6861,1.8,96.0,1007.2,23.233252,34.2
20191001T0200,24.6461,1.8,96.0,1006.8,22.9724,30.960001
20191001T0300,24.6161,1.8,96.0,1006.5,22.862123,32.399998
20191001T0400,24.5961,1.7,96.0,1006.6,23.006226,26.64
20191001T0500,24.6161,0.9,95.0,1007.4,23.000591,33.48
20191001T0600,24.6161,0.3,94.0,1007.9,23.587555,27.0
20191001T0700,24.7461,0.0,94.0,1008.6,22.702845,32.399998
20191001T0800,25.1761,0.0,94.0,1009.4,22.180206,26.64
20191001T0900,25.476099,0.0,92.0,1010.5,23.023119,34.56
20191001T1000,25.206099,0.1,93.0,1010.8,21.758419,31.319998
20191001T1100,25.1961,0.7,93.0,1010.3,20.291357,30.599998
20191001T1200,25.2461,0.8,93.0,1010.0,20.140705,30.239998
20191001T1300,25.4261,0.4,92.0,1009.6,19.022177,29.16
20191001T1400,25.6961,0.1,90.0,1008.9,17.399586,26.64
20191001T1500,26.126099,0.0,87.0,1008.3,15.137133,21.24
20191001T1600,26.4361,0.0,84.0,1008.1,12.904882,18.0
20191001T1700,30.806099,0.0,63.0,1007.6,14.764389,15.4800005
20191001T1800,30.1061,0.0,64.0,1008.3,12.245294,12.959999
20191001T1900,29.8161,0.8,65.0,1008.9,8.311245,12.599999
20191001T2000,29.7661,0.0,66.0,1009.6,5.0911684,6.4799995
20191001T2100,29.456099,0.0,67.0,1010.1,7.172949,13.32
20191001T2200,28.3161,0.0,75.0,1010.4,8.905908,11.159999
20191001T2300,27.476099,0.0,79.0,1010.2,9.220499,14.4
20191002T0000,27.0361,0.0,81.0,1010.2,10.30883,15.84
20191002T0100,26.4361,0.0,84.0,1010.3,10.24578,16.56
20191002T0200,25.9461,0.0,87.0,1010.0,10.587917,16.919998
20191002T0300,25.5161,0.0,90.0,1009.7,10.24578,16.919998
20191002T0400,25.1861,0.0,92.0,1009.9,9.449572,16.199999
20191002T0500,24.8961,0.0,93.0,1010.8,8.427383,15.4800005
20191002T0600,24.6161,0.0,95.0,1011.5,8.373386,18.359999
20191002T0700,25.0661,0.0,93.0,1012.2,8.891344,18.359999
20191002T0800,25.7461,0.0,90.0,1012.9,10.948973,16.919998
20191002T0900,26.636099,0.0,87.0,1013.5,11.525623,16.56
20191002T1000,27.9061,0.0,79.0,1013.6,11.525623,14.759999
20191002T1100,29.5361,0.0,70.0,1012.9,11.928989,11.159999
20191002T1200,30.976099,0.0,63.0,1012.2,12.6462,14.4
20191002T1300,31.9861,0.0,58.0,1011.2,12.959999,11.5199995
20191002T1400,32.536102,0.0,56.0,1010.2,13.339445,10.799999
20191002T1500,32.8361,0.0,53.0,1009.2,13.979871,10.799999
20191002T1600,32.7461,0.0,53.0,1008.9,13.896187,10.440001
20191002T1700,32.056103,0.0,54.0,1009.1,8.654986,11.5199995
20191002T1800,31.3261,0.0,56.0,1009.5,6.489992,10.440001
20191002T1900,30.8561,0.0,58.0,1010.0,7.10031,10.440001
20191002T2000,29.796099,0.0,65.0,1010.6,8.4042845,12.24
20191002T2100,28.1661,0.0,76.0,1011.4,11.212135,14.759999
20191002T2200,26.8261,0.0,87.0,1011.5,12.371645,14.759999
20191002T2300,26.456099,0.0,89.0,1011.1,11.013882,14.04
20191003T0000,26.216099,0.0,91.0,1010.9,9.227524,13.32
20191003T0100,25.9461,0.0,93.0,1010.8,8.161764,13.679999
20191003T0200,25.706099,0.0,94.0,1010.3,7.4128532,11.159999
20191003T0300,25.5661,0.0,91.0,1009.7,7.42159,10.08
20191003T0400,25.5661,0.0,87.0,1009.7,7.2,8.64
20191003T0500,25.5261,0.0,86.0,1010.3,6.5693827,16.56
20191003T0600,25.1761,0.0,88.0,1010.8,5.0911684,12.24
20191003T0700,25.5961,0.0,88.0,1011.3,5.0528407,9.0
20191003T0800,26.556099,0.0,86.0,1011.9,4.6938252,6.4799995
20191003T0900,27.966099,0.0,80.0,1012.4,3.9763298,6.12
20191003T1000,29.6061,0.0,70.0,1012.4,5.4119864,7.92
20191003T1100,30.7861,0.0,62.0,1012.0,7.968939,7.92
20191003T1200,31.6561,0.0,57.0,1011.5,8.891344,10.440001
20191003T1300,32.2961,0.0,54.0,1010.8,9.346143,8.28
20191003T1400,32.716103,0.0,50.0,1009.8,9.114471,10.440001
20191003T1500,32.786102,0.0,50.0,1009.0,9.0,9.36
20191003T1600,32.626102,0.0,50.0,1008.8,8.699793,6.4799995
20191003T1700,32.2461,0.0,52.0,1009.0,8.217153,6.8399997
20191003T1800,31.5261,0.0,54.0,1009.4,6.489992,6.12
20191003T1900,31.136099,0.0,56.0,1009.8,5.692099,4.32
20191003T2000,30.716099,0.0,58.0,1010.4,5.937272,6.12
20191003T2100,29.7861,0.0,64.0,1011.2,6.489992,6.8399997
20191003T2200,28.626099,0.0,72.0,1011.6,7.2359104,10.08
20191003T2300,27.8261,0.0,78.0,1011.4,6.830519,9.0
20191004T0000,27.4461,0.0,81.0,1011.4,6.193674,8.64
20191004T0100,27.046099,0.0,84.0,1011.3,6.297428,8.64
20191004T0200,26.886099,0.0,84.0,1010.8,6.489992,8.64
20191004T0300,26.6661,0.0,82.0,1010.3,6.5693827,8.64
20191004T0400,26.4261,0.0,80.0,1010.4,6.2145634,9.72
20191004T0500,26.056099,0.0,82.0,1011.2,5.7599998,12.959999
20191004T0600,25.6561,0.0,85.0,1011.8,5.4477882,11.5199995
20191004T0700,26.0661,0.0,85.0,1012.2,5.4119864,7.2
20191004T0800,27.2861,0.0,82.0,1012.5,8.12197,8.28
20191004T0900,28.9161,0.0,78.0,1012.9,7.10031,7.92
20191004T1000,30.056099,0.0,69.0,1012.8,6.28713,7.92
20191004T1100,30.9861,0.0,63.0,1012.2,6.8399997,7.92
20191004T1200,31.7761,0.0,58.0,1011.5,6.87779,9.0
20191004T1300,32.3461,0.0,55.0,1010.7,6.924738,6.4799995
20191004T1400,32.7261,0.0,52.0,1009.6,7.6367526,6.8399997
20191004T1500,32.806103,0.0,50.0,1008.8,7.69592,7.5599995
20191004T1600,32.5861,0.0,49.0,1008.6,7.2805495,11.879999
20191004T1700,31.976099,0.0,52.0,1008.9,10.853866,10.08
20191004T1800,31.216099,0.0,54.0,1009.5,7.9932976,8.64
20191004T1900,30.6161,0.0,58.0,1009.7,6.924738,10.08
20191004T2000,30.0161,0.0,61.0,1009.9,6.519877,9.36
20191004T2100,29.4361,0.0,64.0,1010.3,5.7599998,8.28
20191004T2200,28.8961,0.0,67.0,1010.6,5.506941,9.72
20191004T2300,28.4961,0.0,68.0,1010.6,4.0249224,7.2
20191005T0000,28.1561,0.0,70.0,1010.6,2.5455842,6.12
20191005T0100,27.9361,0.0,71.0,1010.5,2.968636,11.159999
20191005T0200,27.5961,0.0,71.0,1010.0,4.3349743,9.0
20191005T0300,27.0661,0.0,75.0,1009.5,5.0911684,9.0
20191005T0400,26.5961,0.0,78.0,1009.4,5.4477882,7.92
20191005T0500,26.226099,0.0,81.0,1010.1,5.0911684,6.8399997
20191005T0600,25.8461,0.0,84.0,1010.6,4.6938252,8.64
20191005T0700,26.206099,0.0,83.0,1010.9,3.6179552,5.04
20191005T0800,27.4861,0.0,78.0,1011.4,5.0142193,5.3999996
20191005T0900,29.1061,0.0,72.0,1011.7,3.8939953,4.32
20191005T1000,30.3461,0.0,62.0,1011.5,4.1046314,3.96
20191005T1100,31.296099,0.0,57.0,1010.9,5.00128,5.3999996
20191005T1200,31.966099,0.0,54.0,1010.3,5.6233797,6.8399997
20191005T1300,32.4961,0.0,51.0,1009.7,5.6002855,5.3999996
20191005T1400,32.716103,0.0,50.0,1009.0,5.692099,5.3999996
20191005T1500,31.9261,0.0,51.0,1008.3,5.1919937,6.12
20191005T1600,31.466099,0.0,52.0,1008.2,4.510787,4.68
20191005T1700,32.0461,0.4,47.0,1009.0,3.0758414,5.04
20191005T1800,31.4361,0.6,49.0,1009.5,1.8,5.04
20191005T1900,31.1561,0.0,47.0,1009.9,0.8049845,6.12
20191005T2000,30.706099,0.0,52.0,1010.4,3.6179552,2.52
20191005T2100,30.3661,0.0,53.0,1011.0,5.506941,4.32
20191005T2200,29.6161,0.0,58.0,1011.1,6.28713,6.8399997
20191005T2300,28.796099,0.0,63.0,1010.9,6.489992,8.28
20191006T0000,28.0961,0.0,66.0,1010.7,5.904439,9.72
20191006T0100,27.546099,0.0,69.0,1010.7,5.3517847,10.440001
20191006T0200,27.1661,0.0,71.0,1010.3,4.5536795,10.440001
20191006T0300,26.8661,0.0,73.0,1009.9,3.96,10.08
20191006T0400,26.5661,0.0,75.0,1009.8,3.8939953,10.08
20191006T0500,26.3561,0.0,76.0,1010.5,3.8939953,9.0
20191006T0600,26.0661,0.0,78.0,1011.0,4.6800003,10.440001
20191006T0700,26.3161,0.0,79.0,1011.4,4.2136917,7.5599995
20191006T0800,27.7561,0.0,77.0,1012.0,6.6185193,7.5599995
20191006T0900,29.206099,0.0,73.0,1012.4,7.8625183,5.7599998
20191006T1000,30.716099,0.0,62.0,1012.1,6.2145634,8.64
20191006T1100,31.4361,0.0,55.0,1011.3,4.68,6.12
20191006T1200,32.0661,0.0,51.0,1010.7,3.0758414,5.3999996
20191006T1300,32.4761,0.0,49.0,1010.0,2.3051248,4.68
20191006T1400,32.6361,0.0,49.0,1009.3,1.9386592,4.32
20191006T1500,32.5161,0.0,49.0,1008.7,0.8049845,3.96
20191006T1600,32.1361,0.0,50.0,1008.8,1.1384199,2.8799999
20191006T1700,32.1561,0.0,47.0,1008.9,3.6,10.440001
20191006T1800,31.4061,0.0,48.0,1009.7,4.73506,11.159999
20191006T1900,31.0161,0.0,50.0,1010.5,5.8048253,10.440001
20191006T2000,30.2461,0.0,54.0,1011.2,6.9899354,10.440001
20191006T2100,29.5261,0.0,58.0,1011.9,7.172949,9.0
20191006T2200,28.966099,0.0,60.0,1011.9,6.489992,8.28
20191006T2300,28.5961,0.0,60.0,1011.4,5.815978,7.2
20191007T0000,28.3461,0.0,60.0,1011.2,5.154415,6.4799995
20191007T0100,28.1061,0.0,60.0,1011.1,4.510787,5.7599998
20191007T0200,27.7561,0.0,61.0,1010.5,4.39436,5.7599998
20191007T0300,27.376099,0.0,63.0,1010.1,4.6938257,5.7599998
20191007T0400,26.966099,0.0,64.0,1010.2,5.0142193,6.8399997
20191007T0500,26.5261,0.0,67.0,1011.1,5.506941,8.28
20191007T0600,26.0161,0.0,69.0,1011.7,6.130579,10.440001
20191007T0700,26.226099,0.0,71.0,1012.4,5.7599998,6.8399997
20191007T0800,28.056099,0.0,65.0,1013.2,8.311245,7.5599995
20191007T0900,29.7861,0.0,59.0,1013.8,9.47012,8.28
20191007T1000,30.9361,0.0,54.0,1013.6,7.5942073,5.7599998
20191007T1100,31.8461,0.0,49.0,1012.8,6.28713,4.68
20191007T1200,32.5161,0.0,48.0,1012.0,7.072878,5.3999996
20191007T1300,33.0261,0.0,46.0,1011.3,7.8625183,6.8399997
20191007T1400,33.446102,0.0,43.0,1010.4,7.771331,6.8399997
20191007T1500,33.466103,0.0,43.0,1009.6,7.771331,7.2
20191007T1600,33.2461,0.0,44.0,1009.4,8.12197,7.92
20191007T1700,33.6361,0.0,41.0,1010.0,6.9247384,7.2
20191007T1800,32.8461,0.0,43.0,1010.7,5.0911684,5.3999996
20191007T1900,32.446102,0.0,45.0,1011.0,3.9763298,5.7599998
20191007T2000,31.8461,0.0,48.0,1011.5,3.8939953,4.32
20191007T2100,31.226099,0.0,51.0,1011.9,4.3498964,4.32
20191007T2200,30.5861,0.0,54.0,1011.9,4.6938252,5.04
20191007T2300,29.9461,0.0,56.0,1011.6,4.5536795,5.04
20191008T0000,29.3261,0.0,59.0,1011.5,4.072935,4.68
20191008T0100,28.7461,0.0,62.0,1011.4,3.671294,4.32
20191008T0200,28.1061,0.0,66.0,1011.1,4.2136917,6.8399997
20191008T0300,27.3361,0.0,70.0,1010.7,5.3517847,4.68
20191008T0400,26.7561,0.0,73.0,1010.7,6.28713,5.7599998
20191008T0500,26.4861,0.0,73.0,1011.4,6.924738,6.12
20191008T0600,26.216099,0.0,72.0,1012.1,6.489992,13.679999
20191008T0700,26.6461,0.0,72.0,1012.7,5.04,8.64
20191008T0800,28.4461,0.0,67.0,1013.1,7.2,14.759999
20191008T0900,30.5661,0.0,57.0,1013.2,8.287822,7.2
20191008T1000,32.1561,0.0,52.0,1012.9,7.2,7.5599995
20191008T1100,33.2561,0.0,46.0,1011.9,6.12,7.5599995
20191008T1200,34.0861,0.0,41.0,1011.1,6.924738,7.5599995
20191008T1300,34.6161,0.0,41.0,1010.3,6.849467,6.4799995
20191008T1400,34.7761,0.0,40.0,1009.6,6.4799995,5.7599998
20191008T1500,34.9161,0.0,37.0,1008.9,5.506941,4.68
20191008T1600,34.7261,0.0,38.0,1008.6,5.0142193,4.68
20191008T1700,33.856102,0.0,41.0,1009.1,5.6002855,6.12
20191008T1800,33.076103,0.0,44.0,1009.6,4.39436,5.7599998
20191008T1900,32.6861,0.0,46.0,1010.1,3.5455887,5.7599998
20191008T2000,32.2661,0.0,48.0,1010.4,3.319036,5.3999996
20191008T2100,31.8561,0.0,49.0,1010.9,3.2399998,5.3999996
20191008T2200,31.3661,0.0,51.0,1011.0,3.2599385,5.04
20191008T2300,30.8461,0.0,52.0,1010.6,2.52,3.96
20191009T0000,30.4161,0.0,54.0,1010.5,2.1897945,3.2399998
20191009T0100,29.9361,0.0,56.0,1010.5,1.08,2.16
20191009T0200,29.5661,0.0,57.0,1010.2,1.1384199,0.71999997
20191009T0300,29.0761,0.0,59.0,1009.8,2.52,1.08
20191009T0400,28.6861,0.0,60.0,1009.8,4.0249224,2.52
20191009T0500,28.3561,0.0,61.0,1010.5,5.315336,3.2399998
20191009T0600,27.7561,0.0,63.0,1011.1,6.297428,5.3999996
20191009T0700,27.5761,0.0,66.0,1011.4,6.193674,6.8399997
20191009T0800,29.3461,0.0,64.0,1011.8,2.4149535,3.2399998
20191009T0900,31.4461,0.0,54.0,1012.0,3.219938,3.6
20191009T1000,32.8861,0.0,48.0,1011.9,2.5959969,3.96
20191009T1100,33.606102,0.0,43.0,1011.1,6.1305785,6.12
20191009T1200,34.126102,0.0,41.0,1010.4,7.5942082,6.4799995
20191009T1300,34.4561,0.0,40.0,1009.6,8.089993,6.8399997
20191009T1400,34.6161,0.0,39.0,1008.9,8.089993,6.8399997
20191009T1500,34.5061,0.0,39.0,1008.1,7.729527,7.2
20191009T1600,34.2061,0.0,39.0,1008.0,7.4128532,7.2
20191009T1700,33.1361,0.0,45.0,1008.7,6.792466,9.0
20191009T1800,32.4761,0.0,47.0,1009.0,5.3999996,7.5599995
20191009T1900,31.9361,0.0,50.0,1009.2,4.6102495,7.2
20191009T2000,31.556099,0.0,51.0,1009.6,4.2136917,7.2
20191009T2100,31.2561,0.0,51.0,1010.1,4.3349743,7.5599995
20191009T2200,30.7761,0.0,53.0,1010.4,3.96,7.5599995
20191009T2300,30.3461,0.0,54.0,1010.1,3.6,7.2
20191010T0000,29.9161,0.0,56.0,1009.9,3.6,7.2
20191010T0100,29.4861,0.0,57.0,1009.7,3.8773184,6.8399997
20191010T0200,29.0061,0.0,58.0,1009.3,4.6102495,6.8399997
20191010T0300,28.5761,0.0,59.0,1009.0,5.8603754,6.4799995
20191010T0400,27.8361,0.0,62.0,1009.2,6.989936,7.2
20191010T0500,27.126099,0.0,66.0,1010.2,6.989936,7.92
20191010T0600,26.4961,0.0,69.0,1010.8,7.289445,9.0
20191010T0700,26.7561,0.0,69.0,1011.3,7.491114,9.0
20191010T0800,28.886099,0.0,65.0,1011.8,4.072935,6.4799995
20191010T0900,31.0961,0.0,55.0,1012.1,6.489992,7.5599995
20191010T1000,32.536102,0.0,49.0,1011.9,6.4096174,10.440001
20191010T1100,33.376102,0.0,44.0,1011.2,8.049845,10.799999
20191010T1200,33.9561,0.0,41.0,1010.6,8.0899935,7.92
20191010T1300,34.3461,0.0,40.0,1010.1,7.386582,7.5599995
20191010T1400,34.6761,0.0,37.0,1009.4,7.386582,7.2
20191010T1500,34.7061,0.0,36.0,1008.7,6.1305785,6.4799995
20191010T1600,34.486103,0.0,36.0,1008.5,5.3517847,4.68
20191010T1700,34.2961,0.0,35.0,1008.5,6.3690495,7.92
20191010T1800,33.4261,0.0,37.0,1009.0,5.3517847,6.12
20191010T1900,33.0161,0.0,38.0,1009.3,4.198285,7.2
20191010T2000,32.3861,0.0,41.0,1009.9,3.6179552,6.12
20191010T2100,31.8161,0.0,43.0,1010.4,3.4152596,5.3999996
20191010T2200,31.216099,0.0,45.0,1010.7,3.096837,4.32
20191010T2300,30.6161,0.0,47.0,1010.3,2.1897945,3.2399998
20191011T0000,29.9961,0.0,49.0,1010.1,1.0182338,1.8
20191011T0100,29.5061,0.0,51.0,1010.0,1.8,1.08
20191011T0200,28.8261,0.0,53.0,1009.8,3.6,2.52
20191011T0300,28.2561,0.0,55.0,1009.7,4.6102495,3.6
20191011T0400,27.7661,0.0,55.0,1009.7,5.8603754,3.96
20191011T0500,27.0161,0.0,57.0,1010.3,7.145796,5.3999996
20191011T0600,26.1561,0.0,60.0,1010.8,7.2,5.7599998
20191011T0700,26.0861,0.0,61.0,1011.3,7.10031,5.7599998
20191011T0800,27.9061,0.0,59.0,1011.9,3.219938,4.32
20191011T0900,30.7461,0.0,49.0,1012.3,3.2399998,3.6
20191011T1000,32.7461,0.0,42.0,1011.9,1.9386592,3.96
20191011T1100,33.9161,0.0,36.0,1010.8,2.0991426,8.64
20191011T1200,34.9761,0.0,30.0,1010.0,5.4833565,6.12
20191011T1300,35.556103,0.0,26.0,1009.3,7.4128532,6.8399997
20191011T1400,35.7461,0.0,26.0,1008.5,7.10031,9.0
20191011T1500,35.7061,0.0,27.0,1007.8,6.792466,8.64
20191011T1600,35.4061,0.0,27.0,1007.7,6.297428,11.159999
20191011T1700,34.4561,0.0,26.0,1008.0,7.653705,10.440001
20191011T1800,33.6561,0.0,28.0,1008.3,5.154415,7.92
20191011T1900,33.0161,0.0,30.0,1008.8,3.6179552,6.4799995
20191011T2000,32.446102,0.0,32.0,1009.5,3.319036,5.3999996
20191011T2100,31.8361,0.0,33.0,1010.1,4.0249224,5.3999996
20191011T2200,31.1161,0.0,35.0,1010.3,4.6938252,6.12
20191011T2300,30.2561,0.0,37.0,1009.9,4.1046314,6.8399997
20191012T0000,29.4261,0.0,40.0,1009.8,3.0758414,6.8399997
20191012T0100,28.9161,0.0,42.0,1009.7,1.4399999,5.3999996
20191012T0200,28.3361,0.0,44.0,1009.3,1.4399999,3.96
20191012T0300,27.7761,0.0,45.0,1009.0,3.7585104,3.2399998
20191012T0400,27.2661,0.0,47.0,1009.3,5.2416787,3.6
20191012T0500,26.796099,0.0,47.0,1010.2,7.072878,4.68
20191012T0600,25.876099,0.0,50.0,1010.9,8.12197,6.8399997
20191012T0700,25.386099,0.0,53.0,1011.5,8.473393,8.64
20191012T0800,27.0061,0.0,53.0,1012.3,4.896529,8.28
20191012T0900,29.9861,0.0,42.0,1012.8,7.5942073,8.64
20191012T1000,32.396103,0.0,37.0,1012.8,6.2145634,7.92
20191012T1100,34.0861,0.0,31.0,1012.1,4.73506,7.92
20191012T1200,35.1761,0.0,27.0,1011.5,6.130579,13.32
20191012T1300,35.7661,0.0,24.0,1010.8,9.007196,16.199999
20191012T1400,35.966103,0.0,23.0,1009.9,11.304229,16.56
20191012T1500,35.896103,0.0,23.0,1009.1,11.659777,17.64
20191012T1600,35.536102,0.0,23.0,1009.0,11.367109,17.28
20191012T1700,34.376102,0.0,26.0,1009.4,9.178235,15.119999
20191012T1800,33.4261,0.0,28.0,1009.9,6.489992,11.159999
20191012T1900,32.856102,0.0,30.0,1010.5,3.6179552,9.0
20191012T2000,32.326103,0.0,31.0,1011.3,3.4152596,8.64
20191012T2100,31.6961,0.0,32.0,1011.9,4.6800003,9.72
20191012T2200,30.9161,0.0,34.0,1012.1,4.896529,10.440001
20191012T2300,30.0661,0.0,36.0,1011.7,4.3349743,9.72
20191013T0000,29.296099,0.0,38.0,1011.4,4.5536795,9.0
20191013T0100,28.556099,0.0,39.0,1011.3,4.8965297,8.28
20191013T0200,27.886099,0.0,41.0,1010.9,6.1305785,7.2
20191013T0300,27.2561,0.0,42.0,1010.5,7.7043357,7.5599995
20191013T0400,26.4461,0.0,44.0,1010.6,7.928177,7.5599995
20191013T0500,25.7361,0.0,46.0,1011.5,8.404285,8.28
20191013T0600,25.0861,0.0,47.0,1012.0,8.209263,8.28
20191013T0700,24.9861,0.0,49.0,1012.6,8.287822,9.0
20191013T0800,26.7561,0.0,49.0,1013.3,5.1919937,8.28
20191013T0900,30.2461,0.0,39.0,1013.7,6.763786,7.2
20191013T1000,32.646103,0.0,34.0,1013.6,5.8048253,6.12
20191013T1100,34.2661,0.0,29.0,1012.8,4.8433046,8.28
20191013T1200,35.2061,0.0,26.0,1012.0,5.6002855,12.959999
20191013T1300,35.826103,0.0,25.0,1011.3,6.618519,15.119999
20191013T1400,36.1361,0.0,24.0,1010.4,7.653705,7.2
20191013T1500,36.1561,0.0,24.0,1009.5,8.707237,9.0
20191013T1600,35.876102,0.0,24.0,1009.4,8.854829,10.08
20191013T1700,34.7061,0.0,27.0,1010.3,6.9899354,10.799999
20191013T1800,33.966103,0.0,28.0,1010.7,4.6938252,7.2
20191013T1900,33.3361,0.0,31.0,1011.1,2.8799999,6.12
20191013T2000,33.0161,0.0,31.0,1011.8,1.609969,4.32
20191013T2100,32.626102,0.0,32.0,1012.5,1.1384199,2.52
20191013T2200,32.2461,0.0,32.0,1012.8,1.9386592,2.16
20191013T2300,31.5961,0.0,34.0,1012.5,3.0547013,3.2399998
20180930T0000,31.6461,0.0,32.0,1009.6,4.6102495,5.3999996
20180930T0100,30.7361,0.0,34.0,1009.6,4.3349743,4.68
20180930T0200,29.886099,0.0,36.0,1009.3,3.219938,4.32
20180930T0300,29.046099,0.0,38.0,1009.0,2.9024127,5.3999996
20180930T0400,28.296099,0.0,40.0,1009.2,3.6179552,7.5599995
20180930T0500,27.6461,0.0,42.0,1009.8,4.73506,10.440001
20180930T0600,27.0661,0.0,43.0,1010.2,6.2145634,16.56
20180930T0700,26.6861,0.0,47.0,1010.6,7.2805495,19.8
20180930T0800,28.9861,0.0,42.0,1011.2,6.379216,8.64
20180930T0900,31.1061,0.0,42.0,1011.5,11.792404,9.0
20180930T1000,33.3461,0.0,38.0,1011.4,10.137692,7.92
20180930T1100,35.3161,0.0,33.0,1010.7,7.4128532,6.8399997
20180930T1200,36.7061,0.0,26.0,1010.1,4.6102495,6.12
20180930T1300,37.446102,0.0,23.0,1009.4,1.9386592,4.32
20180930T1400,37.8161,0.0,22.0,1008.3,1.8,4.68
20180930T1500,37.9061,0.0,21.0,1007.4,1.4399999,9.72
20180930T1600,37.6561,0.0,21.0,1007.0,1.4399999,10.08
20180930T1700,37.1661,0.0,22.0,1007.3,3.2399998,5.3999996
20180930T1800,36.2761,0.0,22.0,1007.5,2.16,4.68
20180930T1900,35.826103,0.0,24.0,1007.7,1.835647,2.8799999
20180930T2000,35.3861,0.0,25.0,1008.2,1.4399999,2.52
20180930T2100,34.7961,0.0,26.0,1008.8,0.8049845,3.2399998
20180930T2200,34.1561,0.0,27.0,1009.1,1.1384199,3.96
20180930T2300,33.4261,0.0,29.0,1009.1,1.1384199,5.04
20181001T0000,32.5661,0.0,30.0,1009.1,1.1384199,6.4799995
20181001T0100,31.5661,0.0,33.0,1008.9,1.4399999,8.64
20181001T0200,30.4461,0.0,35.0,1008.4,2.16,11.5199995
20181001T0300,29.4061,0.0,38.0,1008.1,2.1897945,9.72
20181001T0400,28.5061,0.0,40.0,1008.4,2.4149535,10.799999
20181001T0500,27.7861,0.0,41.0,1009.1,2.5455842,15.119999
20181001T0600,27.2761,0.0,42.0,1009.6,3.8773184,16.56
20181001T0700,27.0661,0.0,45.0,1010.1,5.4119864,18.0
20181001T0800,29.1061,0.0,44.0,1010.8,3.96,6.8399997
20181001T0900,31.476099,0.0,41.0,1011.3,10.446206,7.2
20181001T1000,33.7261,0.0,37.0,1011.2,7.92,6.4799995
20181001T1100,35.736103,0.0,32.0,1010.4,4.73506,5.04
20181001T1200,37.1661,0.0,24.0,1009.7,1.9386592,3.2399998
20181001T1300,37.806103,0.0,21.0,1009.1,2.5455842,3.2399998
20181001T1400,38.0661,0.0,20.0,1008.1,2.16,2.52
20181001T1500,38.056103,0.0,20.0,1007.3,1.8,1.8
20181001T1600,37.786102,0.0,21.0,1007.1,1.4399999,1.4399999
20181001T1700,37.1861,0.0,23.0,1007.2,6.28713,7.2
20181001T1800,36.2661,0.0,24.0,1007.4,4.510787,4.32
20181001T1900,35.7461,0.0,25.0,1007.7,3.8268526,6.12
20181001T2000,35.0961,0.0,27.0,1008.2,4.072935,6.4799995
20181001T2100,34.3661,0.0,28.0,1008.7,4.198285,7.2
20181001T2200,33.536102,0.0,30.0,1008.9,4.802999,7.92
20181001T2300,32.6861,0.0,31.0,1008.9,5.0528407,7.92
20181002T0000,31.8461,0.0,33.0,1008.9,5.4477882,7.2
20181002T0100,30.966099,0.0,34.0,1008.9,5.6920996,6.8399997
20181002T0200,30.0861,0.0,36.0,1008.6,5.8048253,5.7599998
20181002T0300,29.2761,0.0,38.0,1008.4,5.692099,3.96
20181002T0400,28.5661,0.0,39.0,1008.7,5.6233797,2.52
20181002T0500,28.0161,0.0,40.0,1009.4,5.8603754,1.4399999
20181002T0600,27.2661,0.0,42.0,1009.8,6.618519,3.6
20181002T0700,27.2861,0.0,44.0,1010.3,7.386582,5.7599998
20181002T0800,29.3561,0.0,44.0,1011.0,4.3349743,7.2
20181002T0900,32.3861,0.0,38.0,1011.3,5.95906,7.5599995
20181002T1000,34.876102,0.0,32.0,1011.2,6.28713,8.28
20181002T1100,36.6361,0.0,28.0,1010.6,6.151683,9.0
20181002T1200,37.7461,0.0,26.0,1010.0,6.9899354,9.0
20181002T1300,38.286102,0.0,25.0,1009.3,7.289445,13.679999
20181002T1400,38.536102,0.0,25.0,1008.2,6.1305785,12.599999
20181002T1500,38.5261,0.0,25.0,1007.3,5.3999996,11.879999
20181002T1600,38.196102,0.0,26.0,1007.0,5.0142193,10.08
20181002T1700,37.2761,0.0,27.0,1007.9,3.2599385,10.08
20181002T1800,36.396103,0.0,29.0,1008.0,1.1384199,6.4799995
20181002T1900,36.0061,0.0,29.0,1008.1,0.8049845,1.4399999
20181002T2000,35.6161,0.0,30.0,1008.6,1.8,1.8
20181002T2100,35.0961,0.0,31.0,1009.0,2.9024127,2.16
20181002T2200,34.4761,0.0,32.0,1009.1,3.6,2.52
20181002T2300,33.7061,0.0,34.0,1008.9,4.072935,2.16
20181003T0000,32.8161,0.0,36.0,1008.8,4.39436,1.08
20181003T0100,31.9161,0.0,38.0,1008.8,4.0249224,1.08
20181003T0200,31.0761,0.0,41.0,1008.4,3.4152596,1.8
20181003T0300,30.3261,0.0,43.0,1008.1,3.7585104,0.71999997
20181003T0400,29.6061,0.0,44.0,1008.1,4.6938257,4.32
20181003T0500,28.796099,0.0,46.0,1008.7,5.991594,6.8399997
20181003T0600,27.7661,0.0,50.0,1009.1,6.193674,8.64
20181003T0700,27.7461,0.0,51.0,1009.7,5.6233797,9.36
20181003T0800,29.886099,0.0,50.0,1010.4,2.9024127,6.4799995
20181003T0900,32.646103,0.0,41.0,1010.8,6.12,6.8399997
20181003T1000,34.8661,0.0,35.0,1010.6,6.9247384,7.5599995
20181003T1100,36.5261,0.0,31.0,1009.7,5.6002855,5.7599998
20181003T1200,37.4261,0.0,28.0,1009.2,3.671294,10.440001
20181003T1300,37.9561,0.0,25.0,1008.6,2.9024127,11.5199995
20181003T1400,38.2061,0.0,25.0,1007.7,3.0758414,12.24
20181003T1500,38.236103,0.0,25.0,1006.9,3.096837,11.5199995
20181003T1600,37.896103,0.0,26.0,1006.5,3.096837,11.5199995
20181003T1700,36.1161,0.0,32.0,1007.6,5.771239,12.959999
20181003T1800,35.2761,0.0,33.0,1007.6,7.289444,13.679999
20181003T1900,34.3661,0.0,37.0,1007.8,8.217153,10.799999
20181003T2000,33.376102,0.0,41.0,1008.4,8.587338,13.32
20181003T2100,32.5461,0.0,44.0,1008.9,8.587338,14.4
20181003T2200,31.9161,0.0,46.0,1009.2,8.39657,14.4
20181003T2300,31.3561,0.0,48.0,1009.2,7.754637,14.759999
20181004T0000,30.8361,0.0,49.0,1009.3,7.342588,12.959999
20181004T0100,30.3561,0.0,51.0,1009.3,6.162207,6.4799995
20181004T0200,29.9461,0.0,53.0,1008.9,5.1919937,6.12
20181004T0300,29.5261,0.0,55.0,1008.6,3.7064266,10.440001
20181004T0400,29.2661,0.0,56.0,1008.7,2.7416782,8.64
20181004T0500,29.046099,0.0,56.0,1009.3,3.96,6.8399997
20181004T0600,28.636099,0.0,57.0,1009.8,5.0142193,5.7599998
20181004T0700,28.546099,0.0,58.0,1010.3,6.1094027,9.0
20181004T0800,30.4161,0.0,55.0,1011.1,2.9024127,3.96
20181004T0900,32.9261,0.0,45.0,1011.5,2.4149535,3.6
20181004T1000,34.7761,0.0,41.0,1011.3,1.0182338,4.32
20181004T1100,36.0061,0.0,36.0,1010.5,3.096837,7.92
20181004T1200,37.076103,0.0,27.0,1009.9,3.219938,6.8399997
20181004T1300,37.716103,0.0,24.0,1009.4,2.4149535,6.8399997
20181004T1400,37.9761,0.0,24.0,1008.6,1.9386592,6.4799995
20181004T1500,37.9061,0.0,24.0,1007.9,2.4149535,6.4799995
20181004T1600,37.6361,0.0,25.0,1007.6,2.9024127,6.8399997
20181004T1700,35.4261,0.0,36.0,1008.3,1.08,2.52
20181004T1800,34.7261,0.0,37.0,1008.4,3.4152596,5.04
20181004T1900,34.3161,0.0,38.0,1008.5,5.1544156,6.4799995
20181004T2000,33.806103,0.0,40.0,1009.0,4.802999,7.5599995
20181004T2100,33.5261,0.0,41.0,1009.6,4.1046314,7.5599995
20181004T2200,33.0261,0.0,42.0,1009.9,3.4152596,7.5599995
20181004T2300,32.6361,0.0,43.0,1009.9,2.0364676,6.12
20181005T0000,32.326103,0.0,44.0,1009.9,2.6208394,5.3999996
20181005T0100,31.8561,0.0,45.0,1009.8,4.6102495,5.3999996
20181005T0200,31.386099,0.0,45.0,1009.4,6.1094027,6.4799995
20181005T0300,30.4361,0.0,47.0,1009.1,7.386582,8.28
20181005T0400,29.386099,0.0,50.0,1009.3,7.928177,10.08
20181005T0500,28.5861,0.0,52.0,1010.1,7.7879906,11.159999
20181005T0600,27.9961,0.0,53.0,1010.7,7.5685663,14.4
20181005T0700,28.5161,0.0,52.0,1011.4,7.729527,15.84
20181005T0800,31.0961,0.0,46.0,1012.1,8.373386,12.959999
20181005T0900,33.556103,0.0,41.0,1012.5,11.183201,12.959999
20181005T1000,35.5961,0.0,35.0,1012.3,12.181625,12.599999
20181005T1100,36.716103,0.0,31.0,1011.5,12.313894,13.679999
20181005T1200,37.1861,0.0,29.0,1011.0,10.703569,12.959999
20181005T1300,37.4961,0.0,28.0,1010.6,9.1641035,12.24
20181005T1400,37.736103,0.0,28.0,1009.7,7.729527,11.5199995
20181005T1500,37.626102,0.0,28.0,1008.9,6.2145634,10.440001
20181005T1600,37.4061,0.0,28.0,1008.6,6.8399997,11.159999
20181005T1700,36.9261,0.0,28.0,1008.3,5.0911684,7.5599995
20181005T1800,36.106102,0.0,29.0,1008.2,4.1046314,6.4799995
20181005T1900,35.7261,0.0,30.0,1008.4,3.4152596,5.7599998
20181005T2000,35.146103,0.0,32.0,1008.8,3.4152596,6.12
20181005T2100,34.5961,0.0,33.0,1009.4,3.671294,6.8399997
20181005T2200,33.9561,0.0,35.0,1009.8,4.3349743,7.92
20181005T2300,33.1861,0.0,36.0,1009.9,5.04,8.64
20181006T0000,32.3661,0.0,38.0,1010.0,5.771239,9.36
20181006T0100,31.6461,0.0,39.0,1009.8,6.638072,10.08
20181006T0200,30.726099,0.0,41.0,1009.4,7.172949,10.08
20181006T0300,29.8161,0.0,43.0,1009.0,7.754637,10.08
20181006T0400,29.0161,0.0,45.0,1009.2,7.8954163,10.08
20181006T0500,28.3461,0.0,46.0,1009.9,8.225035,10.799999
20181006T0600,27.7661,0.0,48.0,1010.4,8.427383,11.159999
20181006T0700,28.1061,0.0,48.0,1011.1,8.654986,12.24
20181006T0800,30.466099,0.0,45.0,1012.0,5.506941,8.28
20181006T0900,33.2661,0.0,40.0,1012.6,7.6367526,8.28
20181006T1000,35.736103,0.0,33.0,1012.5,7.42159,7.5599995
20181006T1100,37.0261,0.0,29.0,1011.7,5.3517847,4.68
20181006T1200,37.6861,0.0,25.0,1011.1,4.32,4.32
20181006T1300,38.2261,0.0,24.0,1010.4,3.4152596,4.32
20181006T1400,38.376102,0.0,24.0,1009.4,3.8939953,4.68
20181006T1500,38.396103,0.0,23.0,1008.5,4.198285,5.04
20181006T1600,38.1761,0.0,23.0,1008.1,4.39436,5.7599998
20181006T1700,37.7561,0.0,21.0,1007.6,6.989936,10.799999
20181006T1800,36.8461,0.0,23.0,1007.8,5.0911684,8.28
20181006T1900,36.2961,0.0,24.0,1008.1,3.5455887,6.12
20181006T2000,35.7661,0.0,25.0,1008.7,3.319036,5.3999996
20181006T2100,35.2061,0.0,26.0,1009.2,4.072935,5.7599998
20181006T2200,34.4961,0.0,27.0,1009.4,4.8965297,7.2
20181006T2300,33.5861,0.0,29.0,1009.2,4.8433046,8.28
20181007T0000,32.576103,0.0,31.0,1009.3,4.8965297,9.0
20181007T0100,31.5761,0.0,33.0,1009.4,4.829907,9.0
20181007T0200,30.6861,0.0,35.0,1009.0,4.3349743,7.92
20181007T0300,29.9161,0.0,37.0,1008.7,4.452954,6.4799995
20181007T0400,29.2461,0.0,38.0,1008.9,5.991594,5.3999996
20181007T0500,28.2661,0.0,40.0,1009.6,8.161764,3.6
20181007T0600,27.0061,0.0,42.0,1010.3,8.404285,2.52
20181007T0700,27.0861,0.0,43.0,1010.9,8.404285,5.04
20181007T0800,29.2761,0.0,42.0,1011.6,3.8268526,2.52
20181007T0900,32.556103,0.0,35.0,1011.9,4.0249224,4.68
20181007T1000,35.1361,0.0,29.0,1011.8,3.0758414,3.6
20181007T1100,36.8861,0.0,25.0,1011.0,2.5959969,4.32
20181007T1200,37.8661,0.0,23.0,1010.3,1.835647,5.04
20181007T1300,38.5061,0.0,21.0,1009.6,2.52,9.72
20181007T1400,38.806103,0.0,20.0,1008.6,3.0758414,6.8399997
20181007T1500,38.856102,0.0,19.0,1007.7,2.6208394,6.4799995
20181007T1600,38.5961,0.0,19.0,1007.3,2.2768397,9.0
20181007T1700,37.8861,0.0,20.0,1007.5,5.771239,11.5199995
20181007T1800,37.0061,0.0,21.0,1007.7,5.0528407,9.0
20181007T1900,36.356102,0.0,23.0,1008.0,4.452954,7.92
20181007T2000,35.6161,0.0,24.0,1008.6,4.6800003,9.72
20181007T2100,34.7261,0.0,26.0,1009.2,5.4833565,11.879999
20181007T2200,33.6761,0.0,28.0,1009.5,6.489992,13.32
20181007T2300,32.646103,0.0,30.0,1009.4,6.489992,14.4
20181008T0000,31.6961,0.0,32.0,1009.5,6.489992,14.4
20181008T0100,30.8561,0.0,33.0,1009.4,6.6185193,13.679999
20181008T0200,30.1161,0.0,34.0,1008.9,6.6185193,13.32
20181008T0300,29.4461,0.0,35.0,1008.5,6.830519,12.599999
20181008T0400,28.7561,0.0,37.0,1008.4,7.342588,12.959999
20181008T0500,27.9061,0.0,39.0,1009.0,7.5942073,13.679999
20181008T0600,26.976099,0.0,41.0,1009.4,7.5942073,13.32
20181008T0700,26.876099,0.0,44.0,1009.9,8.225035,12.24
20181008T0800,28.956099,0.0,44.0,1010.6,4.8965297,9.72
20181008T0900,32.2761,0.0,37.0,1011.0,3.219938,5.7599998
20181008T1000,34.856102,0.0,31.0,1010.9,0.5091169,4.32
20181008T1100,36.6361,0.0,27.0,1010.1,2.4149535,9.0
20181008T1200,37.6761,0.0,23.0,1009.4,3.396233,9.72
20181008T1300,38.3661,0.0,20.0,1008.7,4.2136917,9.36
20181008T1400,38.626102,0.0,20.0,1007.6,4.0249224,6.12
20181008T1500,38.5861,0.0,19.0,1006.7,4.379589,6.12
20181008T1600,38.376102,0.0,19.0,1006.3,4.452954,6.4799995
20181008T1700,37.4761,0.0,22.0,1006.8,3.396233,7.92
20181008T1800,36.6361,0.0,23.0,1007.0,3.6179552,6.12
20181008T1900,36.0661,0.0,24.0,1007.1,3.9763298,5.7599998
20181008T2000,35.446102,0.0,25.0,1007.4,4.379589,6.8399997
20181008T2100,34.7761,0.0,26.0,1007.7,4.73506,7.92
20181008T2200,34.0261,0.0,27.0,1008.0,5.0528407,9.0
20181008T2300,33.1761,0.0,29.0,1007.8,5.4119864,10.440001
20181009T0000,32.306103,0.0,31.0,1007.9,5.5887027,10.440001
20181009T0100,31.4961,0.0,32.0,1007.9,6.151683,11.5199995
20181009T0200,30.5761,0.0,34.0,1007.4,6.725354,13.679999
20181009T0300,29.6461,0.0,36.0,1007.2,6.849467,10.799999
20181009T0400,28.876099,0.0,39.0,1007.3,6.2145634,13.32
20181009T0500,28.2861,0.0,42.0,1007.9,5.2416787,7.2
20181009T0600,27.9461,0.0,44.0,1008.3,3.671294,7.2
20181009T0700,28.4361,0.0,45.0,1008.6,2.4149535,6.4799995
20181009T0800,30.1861,0.0,42.0,1009.4,1.484318,5.7599998
20181009T0900,32.786102,0.0,37.0,1009.9,2.52,7.2
20181009T1000,35.286102,0.0,31.0,1010.0,5.95906,9.36
20181009T1100,36.7061,0.0,27.0,1009.3,7.4128532,10.08
20181009T1200,37.7061,0.0,23.0,1008.7,8.669949,9.36
20181009T1300,38.3161,0.0,20.0,1008.0,8.049845,6.8399997
20181009T1400,38.4761,0.0,20.0,1007.1,6.725354,8.64
20181009T1500,38.4161,0.0,20.0,1006.2,6.0347,8.28
20181009T1600,38.106102,0.0,20.0,1005.9,6.12,8.28
20181009T1700,37.036102,0.0,23.0,1006.5,3.2399998,6.8399997
20181009T1800,36.076103,0.0,25.0,1006.7,4.452954,6.8399997
20181009T1900,35.3861,0.0,27.0,1007.0,6.638072,8.64
20181009T2000,34.286102,0.0,29.0,1007.5,8.350138,11.879999
20181009T2100,33.0061,0.0,32.0,1008.0,8.64,11.159999
20181009T2200,31.8161,0.0,34.0,1008.3,8.707238,12.24
20181009T2300,30.6661,0.0,36.0,1008.3,8.766573,14.759999
20181010T0000,29.7461,0.0,37.0,1008.4,9.659814,21.599998
20181010T0100,28.9061,0.0,43.0,1008.5,9.511088,25.56
20181010T0200,28.126099,0.0,49.0,1008.1,9.290511,10.440001
20181010T0300,27.796099,0.0,48.0,1007.8,8.714677,10.08
20181010T0400,27.706099,0.0,46.0,1007.9,8.473393,9.72
20181010T0500,27.3361,0.0,46.0,1008.7,7.6367526,20.519999
20181010T0600,26.796099,0.0,48.0,1009.2,6.6185193,9.0
20181010T0700,27.056099,0.0,51.0,1009.7,6.297428,10.08
20181010T0800,28.626099,0.0,53.0,1010.5,9.504272,9.0
20181010T0900,31.6761,0.0,46.0,1011.0,11.681987,12.959999
20181010T1000,33.9561,0.0,36.0,1010.8,13.527572,13.679999
20181010T1100,35.7461,0.0,31.0,1009.9,11.435313,12.599999
20181010T1200,36.8661,0.0,26.0,1009.2,6.4096174,8.28
20181010T1300,37.536102,0.0,24.0,1008.4,4.73506,5.7599998
20181010T1400,37.826103,0.0,23.0,1007.3,4.3349743,6.8399997
20181010T1500,37.9161,0.0,22.0,1006.4,4.32,6.4799995
20181010T1600,37.6661,0.0,22.0,1006.1,4.1046314,6.12
20181010T1700,37.3861,0.0,22.0,1005.9,8.161764,8.64
20181010T1800,36.3361,0.0,24.0,1006.1,7.7043357,7.5599995
20181010T1900,35.376102,0.0,26.0,1006.4,7.42159,11.5199995
20181010T2000,34.2461,0.0,27.0,1007.0,8.12197,12.959999
20181010T2100,33.2261,0.0,28.0,1007.5,8.4042845,12.959999
20181010T2200,32.556103,0.0,29.0,1007.7,7.6367526,11.879999
20181010T2300,31.8661,0.0,30.0,1007.7,6.12,11.159999
20181011T0000,31.056099,0.0,32.0,1007.9,5.4477882,12.24
20181011T0100,30.206099,0.0,36.0,1008.1,6.130579,16.199999
20181011T0200,29.3661,0.0,38.0,1007.9,6.9899354,12.959999
20181011T0300,28.6061,0.0,39.0,1007.6,7.729527,15.4800005
20181011T0400,27.7461,0.0,45.0,1007.8,7.7879906,17.28
20181011T0500,26.9961,0.0,51.0,1008.5,7.491114,25.56
20181011T0600,26.2861,0.0,56.0,1009.0,6.696387,25.199999
20181011T0700,26.556099,0.0,60.0,1009.3,6.696387,27.72
20181011T0800,28.706099,0.0,58.0,1010.0,9.957108,16.56
20181011T0900,31.2461,0.0,44.0,1010.4,16.055355,16.56
20181011T1000,33.646103,0.0,32.0,1010.1,15.546833,18.0
20181011T1100,35.5861,0.0,26.0,1009.3,14.003028,14.04
20181011T1200,37.0861,0.0,22.0,1008.6,12.538134,10.799999
20181011T1300,38.0161,0.0,19.0,1007.9,10.948973,9.0
20181011T1400,38.3661,0.0,18.0,1007.0,9.449572,9.72
20181011T1500,38.4261,0.0,18.0,1006.2,8.891344,9.0
20181011T1600,38.1661,0.0,17.0,1006.0,8.699793,10.799999
20181011T1700,37.3461,0.0,22.0,1006.5,1.4399999,5.3999996
20181011T1800,36.5861,0.0,23.0,1006.7,2.2768397,3.6
20181011T1900,35.986103,0.0,25.0,1007.0,3.7585104,6.8399997
20181011T2000,35.2961,0.0,25.0,1007.6,5.4119864,9.0
20181011T2100,34.2661,0.0,26.0,1008.1,6.924738,9.72
20181011T2200,33.356102,0.0,26.0,1008.5,7.0911775,10.08
20181011T2300,32.4761,0.0,27.0,1008.5,6.638072,12.959999
20181012T0000,31.4861,0.0,29.0,1008.6,5.904439,13.32
20181012T0100,30.5261,0.0,31.0,1008.7,5.991594,15.84
20181012T0200,29.5161,0.0,33.0,1008.4,6.489992,14.04
20181012T0300,28.5161,0.0,36.0,1008.2,6.696387,15.84
20181012T0400,27.5761,0.0,38.0,1008.4,7.7043357,19.44
20181012T0500,26.8561,0.0,40.0,1009.1,7.7879906,14.4
20181012T0600,26.2561,0.0,42.0,1009.6,6.9527545,24.119999
20181012T0700,26.5361,0.0,42.0,1010.1,6.28713,18.0
20181012T0800,28.8161,0.0,41.0,1010.8,3.2599385,13.32
20181012T0900,31.2761,0.0,40.0,1011.2,9.36,14.4
20181012T1000,33.9961,0.0,30.0,1011.1,6.924738,7.92
20181012T1100,36.1361,0.0,24.0,1010.4,5.315336,7.92
20181012T1200,37.7661,0.0,19.0,1009.8,3.319036,6.12
20181012T1300,38.3161,0.0,19.0,1009.1,0.71999997,4.68
20181012T1400,38.5061,0.0,19.0,1008.2,0.35999998,3.6
20181012T1500,38.4561,0.0,19.0,1007.5,1.8,4.68
20181012T1600,38.1561,0.0,19.0,1007.2,3.319036,5.3999996
20181012T1700,37.1761,0.0,19.0,1007.8,3.563818,6.12
20181012T1800,36.3861,0.0,20.0,1008.0,3.0547013,4.32
20181012T1900,35.876102,0.0,21.0,1008.4,3.0547013,3.96
20181012T2000,35.3361,0.0,21.0,1008.9,2.8116899,3.96
20181012T2100,34.7961,0.0,22.0,1009.4,2.8116899,3.6
20181012T2200,34.1561,0.0,23.0,1009.7,2.9024127,2.8799999
20181012T2300,33.4061,0.0,24.0,1009.6,3.219938,2.8799999
20181013T0000,32.4761,0.0,26.0,1009.7,3.8773184,2.52
20181013T0100,31.4461,0.0,28.0,1009.9,4.6800003,3.2399998
20181013T0200,30.3261,0.0,30.0,1009.7,5.634891,3.96
20181013T0300,29.206099,0.0,32.0,1009.6,6.28713,4.32
20181013T0400,28.1461,0.0,34.0,1009.8,7.24486,6.4799995
20181013T0500,27.0061,0.0,37.0,1010.5,7.9036193,7.92
20181013T0600,26.126099,0.0,39.0,1011.1,7.928177,8.64
20181013T0700,26.296099,0.0,41.0,1011.6,8.654987,6.8399997
20181013T0800,28.5361,0.0,41.0,1012.3,5.6233797,5.3999996
20181013T0900,31.476099,0.0,37.0,1012.7,8.28,7.5599995
20181013T1000,34.126102,0.0,32.0,1012.6,9.659814,9.0
20181013T1100,35.9961,0.0,27.0,1011.8,9.686609,9.36
20181013T1200,37.1861,0.0,24.0,1011.1,5.692099,7.92
20181013T1300,37.9961,0.0,19.0,1010.4,3.8268526,4.32
20181013T1400,38.236103,0.0,19.0,1009.5,4.39436,4.68
20181013T1500,38.196102,0.0,18.0,1008.6,4.198285,11.5199995
20181013T1600,37.9261,0.0,18.0,1008.4,4.2136917,11.5199995
20181013T1700,36.8461,0.0,19.0,1009.3,4.1046314,6.8399997
20181013T1800,36.076103,0.0,20.0,1009.4,2.8799999,5.04
20181013T1900,35.5661,0.0,21.0,1009.7,2.5959969,2.8799999
20181013T2000,34.9761,0.0,22.0,1010.1,3.2399998,2.16
20181013T2100,34.2461,0.0,23.0,1010.5,3.671294,1.4399999
20181013T2200,33.356102,0.0,25.0,1010.7,4.0249224,1.08
20181013T2300,32.3161,0.0,27.0,1010.6,4.6102495,2.8799999