location,Chennai,Chennai,Chennai,Chennai,Chennai,Chennai
lat,13.06744,13.06744,13.06744,13.06744,13.06744,13.06744
lon,80.25395,80.25395,80.25395,80.25395,80.25395,80.25395
asl,8.800,8.800,8.800,8.800,8.800,8.800
variable,Temperature,Precipitation Total,Relative Humidity,Mean Sea Level Pressure,Wind Speed,Wind Gust
unit,Â°C,mm,%,hPa,km/h,km/h
level,2 m elevation corrected,sfc,2 m,MSL,10 m,sfc
resolution,hourly,hourly,hourly,hourly,hourly,hourly
aggregation,None,None,None,None,None,None
timestamp,Chennai Temperature [2 m elevation corrected],Chennai Precipitation Total,Chennai Relative Humidity [2 m],Chennai Mean Sea Level Pressure [MSL],Chennai Wind Speed [10 m],Chennai Wind Gust
20210930T0000,29.1662,0.0,76.0,1008.3,6.130579,7.92
20210930T0100,29.0362,0.0,76.0,1007.6,6.519877,7.92
20210930T0200,28.8862,0.0,77.0,1007.1,7.42159,8.64
20210930T0300,28.7762,1.2,77.0,1007.0,7.6367526,7.92
20210930T0400,28.7462,1.9,74.0,1007.5,6.489992,8.28
20210930T0500,28.7462,0.5,72.0,1008.0,3.96,4.68
20210930T0600,28.7962,0.0,73.0,1008.6,1.484318,2.8799999
20210930T0700,29.6362,0.0,70.0,1009.5,2.5959969,5.7599998
20210930T0800,29.5762,1.0,68.0,1010.1,1.9386592,5.7599998
20210930T0900,29.9862,0.5,64.0,1010.5,3.563818,6.8399997
20210930T1000,30.7962,0.4,61.0,1009.4,3.219938,6.12
20210930T1100,31.3762,0.2,59.0,1008.4,2.52,5.7599998
20210930T1200,31.7662,0.4,58.0,1007.7,3.396233,6.12
20210930T1300,31.8762,0.4,57.0,1006.8,5.3517847,8.28
20210930T1400,31.7962,0.3,58.0,1006.2,7.2,9.72
20210930T1500,32.0362,0.2,59.0,1005.9,10.195057,12.599999
20210930T1600,31.2062,0.2,63.0,1006.2,12.387348,14.4
20210930T1700,30.7162,0.0,65.0,1006.5,14.021525,12.599999
20210930T1800,29.7362,0.0,71.0,1007.1,12.979984,11.879999
20210930T1900,29.2762,0.0,74.0,1007.9,12.594856,12.24
20210930T2000,28.9662,0.0,77.0,1008.3,12.24,12.24
20210930T2100,28.7262,0.0,79.0,1008.7,11.753877,12.24
20210930T2200,28.5662,0.0,79.0,1008.5,10.948973,10.799999
20210930T2300,28.426199,0.0,78.0,1008.2,10.495713,10.08
20211001T0000,28.2162,0.0,80.0,1008.0,10.009036,9.72
20211001T0100,27.9862,0.0,83.0,1007.1,9.290511,9.72
20211001T0200,27.9862,2.3,79.0,1007.8,11.525623,13.679999
20211001T0300,27.7762,0.9,76.0,1007.4,8.587338,11.159999
20211001T0400,27.4662,0.0,77.0,1008.1,6.3690495,8.64
20211001T0500,27.3362,0.0,79.0,1008.6,4.73506,7.2
20211001T0600,27.4062,0.0,78.0,1009.0,3.396233,4.32
20211001T0700,28.5062,0.0,73.0,1009.4,2.9024127,5.04
20211001T0800,29.6062,0.0,67.0,1009.6,1.609969,7.92
20211001T0900,30.7562,0.0,61.0,1009.7,1.835647,7.92
20211001T1000,31.7562,0.0,57.0,1009.0,5.8603754,12.599999
20211001T1100,32.3562,0.0,55.0,1008.2,9.726665,15.119999
20211001T1200,32.5162,0.0,55.0,1007.5,12.24,15.84
20211001T1300,32.2862,0.0,56.0,1006.5,13.722565,15.4800005
20211001T1400,31.9362,0.0,58.0,1006.0,14.05845,15.119999
20211001T1500,31.346199,0.0,60.0,1005.5,14.759999,15.4800005
20211001T1600,30.5762,0.0,63.0,1006.0,15.119999,15.84
20211001T1700,30.0462,0.0,67.0,1006.3,14.764389,16.56
20211001T1800,29.3562,0.0,71.0,1006.9,12.959999,14.759999
20211001T1900,29.1662,0.0,73.0,1008.1,11.885453,14.04
20211001T2000,28.9562,0.0,74.0,1008.8,11.212135,13.32
20211001T2100,28.7762,0.0,75.0,1009.6,10.594036,11.879999
20211001T2200,28.5862,0.0,76.0,1009.4,9.6932955,10.08
20211001T2300,28.5062,0.0,73.0,1009.0,9.107359,10.08
20211002T0000,28.2962,0.0,73.0,1008.6,7.8625183,8.64
20211002T0100,28.2462,0.1,73.0,1007.9,6.4799995,7.2
20211002T0200,28.1262,0.1,73.0,1007.5,5.2416787,6.8399997
20211002T0300,27.8262,0.0,75.0,1007.1,4.1046314,5.7599998
20211002T0400,27.6062,0.0,76.0,1007.6,4.510787,6.12
20211002T0500,27.3362,0.0,78.0,1008.0,6.0347,7.5599995
20211002T0600,27.4662,0.0,78.0,1008.4,7.072878,9.0
20211002T0700,28.6862,0.1,71.0,1009.0,9.178235,10.799999
20211002T0800,29.9862,0.0,65.0,1009.4,11.525623,12.599999
20211002T0900,30.9662,0.0,61.0,1009.8,14.84318,16.56
20211002T1000,31.1562,0.0,61.0,1008.8,15.629971,17.28
20211002T1100,31.5762,0.0,60.0,1007.9,15.986593,17.28
20211002T1200,31.996199,0.0,58.0,1007.2,16.923828,18.0
20211002T1300,31.926199,0.0,58.0,1006.2,17.727943,18.359999
20211002T1400,31.2462,0.0,62.0,1005.9,18.720001,19.08
20211002T1500,30.0262,0.0,68.0,1005.7,18.899143,19.44
20211002T1600,29.4562,0.0,70.0,1006.3,18.25026,19.08
20211002T1700,29.3062,0.1,70.0,1006.7,14.044615,15.119999
20211002T1800,28.8262,0.0,72.0,1007.1,12.245294,14.04
20211002T1900,28.7262,0.0,72.0,1007.8,12.24,13.679999
20211002T2000,28.5862,0.0,73.0,1008.5,11.5199995,12.599999
20211002T2100,28.4862,0.0,74.0,1009.1,10.799999,11.5199995
20211002T2200,28.3362,0.0,74.0,1008.8,9.72,9.72
20211002T2300,28.346199,0.2,74.0,1008.5,8.647496,9.0
20211003T0000,28.2162,0.1,75.0,1008.2,7.5942073,7.5599995
20211003T0100,28.0862,0.0,75.0,1007.6,6.5693827,6.8399997
20211003T0200,27.9662,0.0,76.0,1007.4,5.5887027,6.4799995
20211003T0300,27.7062,0.0,77.0,1007.1,4.3498964,5.7599998
20211003T0400,27.5462,0.0,78.0,1007.7,3.7064266,5.7599998
20211003T0500,27.3562,0.0,79.0,1008.2,3.219938,5.7599998
20211003T0600,27.3962,0.0,79.0,1008.7,2.6208394,5.7599998
20211003T0700,28.926199,0.1,73.0,1009.3,3.6179552,6.8399997
20211003T0800,29.6962,0.0,68.0,1010.0,5.4119864,7.92
20211003T0900,30.6862,0.0,64.0,1010.2,7.208994,10.799999
20211003T1000,31.3562,0.1,61.0,1009.5,8.64,10.799999
20211003T1100,31.5462,0.0,61.0,1008.7,10.105681,12.24
20211003T1200,31.9162,0.0,59.0,1007.9,11.609651,13.32
20211003T1300,32.006203,0.0,59.0,1006.8,12.429127,14.4
20211003T1400,31.7962,0.0,60.0,1006.3,13.493999,15.119999
20211003T1500,31.3762,0.0,61.0,1005.7,13.910169,14.759999
20211003T1600,30.7762,0.0,64.0,1006.3,13.556282,14.4
20211003T1700,29.2862,0.0,73.0,1006.0,13.009903,13.32
20211003T1800,28.6662,0.0,76.0,1006.5,12.413476,12.959999
20211003T1900,28.5562,0.0,76.0,1007.6,11.525623,11.159999
20211003T2000,28.4062,0.0,76.0,1008.2,11.525623,10.799999
20211003T2100,28.2462,0.0,77.0,1008.6,10.594036,9.72
20211003T2200,28.0662,0.0,78.0,1008.1,9.531505,8.28
20211003T2300,27.9662,0.0,78.0,1007.6,8.209263,7.2
20211004T0000,27.8962,0.0,78.0,1007.1,7.289444,6.4799995
20211004T0100,27.7362,0.0,79.0,1006.3,6.6087217,6.12
20211004T0200,27.5762,0.0,80.0,1005.8,6.1305785,6.4799995
20211004T0300,27.5362,0.0,80.0,1005.5,6.4096174,7.2
20211004T0400,27.5862,0.0,80.0,1006.1,6.3690495,7.5599995
20211004T0500,27.6162,0.0,78.0,1006.5,6.696387,7.2
20211004T0600,27.8362,0.0,77.0,1006.8,7.10031,8.28
20211004T0700,28.596199,0.0,74.0,1007.6,7.9932966,10.08
20211004T0800,28.9062,0.0,73.0,1008.0,8.669949,10.440001
20211004T0900,29.0762,0.0,72.0,1008.4,9.504272,11.159999
20211004T1000,30.2862,0.0,68.0,1007.7,10.1887,11.879999
20211004T1100,29.8262,0.0,70.0,1007.1,11.119281,12.24
20211004T1200,31.096199,0.0,64.0,1006.5,12.904882,15.119999
20211004T1300,31.1462,0.0,63.0,1005.6,13.70839,15.119999
20211004T1400,31.1162,0.0,64.0,1005.1,14.57889,15.84
20211004T1500,30.6962,0.0,66.0,1004.6,15.124284,16.199999
20211004T1600,30.096199,0.0,68.0,1005.1,15.30741,16.199999
20211004T1700,29.9062,0.0,71.0,1005.3,14.04,15.119999
20211004T1800,29.3262,0.0,73.0,1005.8,12.599999,14.04
20211004T1900,29.1462,0.0,74.0,1006.8,11.159999,12.599999
20211004T2000,29.0062,0.0,74.0,1007.5,9.72,10.799999
20211004T2100,28.8262,0.0,74.0,1008.1,8.64,10.08
20211004T2200,28.5762,0.0,75.0,1007.6,7.2805495,9.0
20211004T2300,28.3562,0.0,76.0,1007.1,6.379216,7.92
20211005T0000,28.1862,0.0,77.0,1006.6,5.8048253,7.5599995
20211005T0100,28.1662,0.0,77.0,1005.8,5.8603754,7.92
20211005T0200,28.1562,0.1,75.0,1005.5,7.2,9.72
20211005T0300,27.676199,0.0,77.0,1005.2,7.628263,10.08
20211005T0400,27.346199,0.0,80.0,1005.7,8.350138,10.799999
20211005T0500,27.0662,0.0,81.0,1006.2,9.028754,11.159999
20211005T0600,27.2262,0.0,81.0,1006.6,9.826088,12.24
20211005T0700,28.4862,0.1,74.0,1007.4,12.57426,15.119999
20211005T0800,29.2162,0.2,70.0,1008.1,14.578888,17.28
20211005T0900,29.5362,0.5,68.0,1008.5,15.459054,18.0
20211005T1000,29.1962,0.9,70.0,1007.9,15.778518,18.0
20211005T1100,29.096199,1.6,71.0,1007.3,15.629971,18.0
20211005T1200,29.0462,2.6,72.0,1006.7,16.485485,16.56
20211005T1300,28.846199,3.3,75.0,1005.8,17.974781,17.28
20211005T1400,28.4662,3.4,79.0,1005.3,19.878391,18.0
20211005T1500,27.9062,3.5,83.0,1004.9,21.313093,20.880001
20211005T1600,27.5762,2.0,84.0,1005.4,19.107151,18.72
20211005T1700,28.0462,0.0,78.0,1006.1,17.193533,19.44
20211005T1800,27.5262,0.0,81.0,1006.6,14.689589,17.64
20211005T1900,27.3062,0.0,82.0,1007.7,12.768586,16.199999
20211005T2000,27.1862,0.0,83.0,1008.3,9.339208,13.32
20211005T2100,27.1362,0.0,83.0,1008.7,7.4128532,11.5199995
20211005T2200,26.9862,0.0,84.0,1008.1,5.815978,10.440001
20211005T2300,26.8562,0.0,85.0,1007.7,4.73506,8.28
20211006T0000,26.6562,0.0,86.0,1007.4,3.9763298,6.12
20211006T0100,26.4862,0.0,86.0,1006.5,3.319036,6.4799995
20211006T0200,26.3362,0.0,87.0,1005.8,1.8,4.32
20211006T0300,26.2262,0.0,87.0,1005.4,2.0991426,3.96
20211006T0400,26.1662,0.0,87.0,1005.9,1.484318,1.8
20211006T0500,26.1162,0.0,87.0,1006.5,0.8049845,1.8
20211006T0600,26.1862,0.0,86.0,1006.9,1.08,1.8
20211006T0700,26.5162,0.0,84.0,1007.7,1.8,3.96
20211006T0800,27.3662,0.0,81.0,1008.1,3.8268526,4.32
20211006T0900,27.4362,0.0,80.0,1008.3,5.0911684,5.04
20211006T1000,28.5862,0.0,75.0,1007.5,7.8954163,7.2
20211006T1100,28.9662,0.0,73.0,1006.6,10.182337,8.64
20211006T1200,29.5062,0.0,71.0,1005.9,10.703569,8.28
20211006T1300,28.7662,0.0,73.0,1005.1,12.475961,10.08
20211006T1400,29.3562,0.0,71.0,1004.4,10.948973,9.0
20211006T1500,29.1262,0.0,72.0,1003.9,10.44,9.0
20211006T1600,28.9762,0.0,72.0,1004.3,9.957108,8.64
20211006T1700,29.2262,1.0,74.0,1004.3,4.5536795,8.28
20211006T1800,28.6462,2.4,78.0,1005.2,7.7043357,10.440001
20211006T1900,28.1862,0.7,81.0,1006.0,10.948973,11.879999
20211006T2000,27.6362,0.3,84.0,1006.8,13.397612,12.24
20211006T2100,27.5362,0.8,85.0,1007.5,16.199999,12.24
20211006T2200,27.3762,0.4,86.0,1007.0,15.986595,13.679999
20211006T2300,27.1462,0.1,87.0,1006.5,15.542662,14.04
20211007T0000,26.926199,0.0,87.0,1006.1,14.799459,18.359999
20211007T0100,26.7462,0.0,88.0,1005.5,15.379206,24.119999
20211007T0200,26.6462,0.0,87.0,1005.2,17.917007,25.919998
20211007T0300,26.3362,0.0,88.0,1005.0,19.161337,22.68
20211007T0400,26.2062,0.4,89.0,1005.6,19.969458,20.880001
20211007T0500,25.9362,0.0,90.0,1006.2,19.08,23.039999
20211007T0600,25.8662,0.0,90.0,1006.7,19.469976,23.4
20211007T0700,26.7162,0.0,86.0,1007.6,21.485697,23.759998
20211007T0800,28.096199,0.0,79.0,1008.0,22.86496,25.56
20211007T0900,29.4762,0.1,73.0,1008.2,20.746122,21.96
20211007T1000,29.0562,0.9,75.0,1007.5,17.84816,20.16
20211007T1100,29.1962,0.8,73.0,1006.8,15.629971,18.359999
20211007T1200,29.4362,0.5,72.0,1006.2,14.618837,18.0
20211007T1300,29.6562,0.3,70.0,1005.2,13.324863,16.56
20211007T1400,30.7362,0.1,66.0,1004.5,12.313894,15.84
20211007T1500,30.5862,0.0,65.0,1003.9,11.753876,15.4800005
20211007T1600,30.7762,0.0,64.0,1004.2,10.97262,15.119999
20211007T1700,29.6062,0.0,71.0,1004.8,19.803272,18.0
20211007T1800,28.846199,0.0,76.0,1005.3,18.359999,18.72
20211007T1900,28.5262,0.0,78.0,1006.1,18.0,20.880001
20211007T2000,28.3662,0.0,80.0,1006.7,16.203999,20.16
20211007T2100,28.2362,0.0,81.0,1007.3,15.119999,21.599998
20211007T2200,28.176199,0.0,81.0,1007.3,16.343367,13.679999
20211007T2300,28.2462,0.2,79.0,1007.0,18.888851,15.4800005
20211008T0000,28.2462,1.6,79.0,1006.7,20.532627,18.359999
20211008T0100,27.8862,1.4,82.0,1006.2,22.505037,18.0
20211008T0200,27.2362,1.5,85.0,1006.2,24.535524,23.4
20211008T0300,26.8162,0.8,88.0,1005.9,24.033876,24.48
20211008T0400,26.5562,0.0,89.0,1006.5,22.79684,24.119999
20211008T0500,26.346199,0.0,90.0,1006.8,21.933426,23.759998
20211008T0600,26.4662,0.0,89.0,1007.2,21.461555,25.56
20211008T0700,27.5262,0.0,85.0,1008.1,22.057161,24.119999
20211008T0800,28.8962,0.0,79.0,1008.5,22.057161,23.039999
20211008T0900,30.5362,0.2,71.0,1008.3,20.608229,21.96
20211008T1000,29.8362,2.6,72.0,1007.7,16.831684,18.359999
20211008T1100,29.9062,1.3,69.0,1007.4,14.685176,18.359999
20211008T1200,29.8762,0.9,67.0,1007.0,12.620554,18.0
20211008T1300,29.8862,0.6,67.0,1006.1,11.659777,16.56
20211008T1400,30.1262,0.2,66.0,1005.4,12.849528,18.0
20211008T1500,30.596199,0.2,64.0,1004.8,13.004921,18.72
20211008T1600,30.6662,0.0,62.0,1005.1,11.928989,18.72
20211008T1700,31.7262,0.0,57.0,1004.7,14.021525,16.199999
20211008T1800,30.9162,0.0,60.0,1004.9,10.630672,14.759999
20211008T1900,30.3762,0.1,66.0,1005.6,9.72,13.679999
20211008T2000,29.8162,0.0,74.0,1006.0,12.959999,15.4800005
20211008T2100,29.6362,0.0,79.0,1006.5,14.759999,16.199999
20211008T2200,29.1662,0.0,82.0,1006.5,16.343367,16.199999
20211008T2300,28.676199,0.0,83.0,1006.0,16.854767,15.119999
20211009T0000,28.1862,0.0,84.0,1005.5,17.727943,15.84
20211009T0100,27.7162,0.0,84.0,1004.9,17.786331,15.4800005
20211009T0200,27.2562,0.0,85.0,1004.6,15.7908325,22.68
20211009T0300,26.926199,0.0,86.0,1004.3,15.530151,25.56
20211009T0400,26.7562,0.0,86.0,1005.0,14.255272,18.0
20211009T0500,26.7162,1.1,87.0,1005.8,11.212135,12.599999
20211009T0600,26.8262,1.8,84.0,1006.2,14.458382,17.28
20211009T0700,27.9462,1.6,77.0,1007.5,16.23596,18.0
20211009T0800,30.0162,0.1,66.0,1007.7,17.462784,23.039999
20211009T0900,33.2162,0.0,51.0,1007.7,15.807239,20.519999
20211009T1000,32.6962,1.6,52.0,1007.0,14.021525,18.72
20211009T1100,32.7862,1.2,51.0,1006.2,11.183201,15.84
20211009T1200,33.3562,1.0,50.0,1006.1,9.0,14.4
20211009T1300,33.3362,1.7,50.0,1005.3,6.297428,12.959999
20211009T1400,32.986202,2.4,53.0,1004.8,3.5455887,11.5199995
20211009T1500,32.596203,2.5,58.0,1004.4,0.0,9.0
20211009T1600,31.8062,3.2,68.0,1004.7,4.2136917,3.6
20211009T1700,31.096199,3.4,78.0,1005.1,5.506941,8.64
20211009T1800,30.6562,2.6,76.0,1005.4,9.19939,11.159999
20211009T1900,30.4162,2.0,74.0,1006.3,9.114471,13.679999
20211009T2000,30.0862,1.2,72.0,1006.7,9.693296,15.119999
20211009T2100,29.4662,1.6,72.0,1007.4,12.738099,18.359999
20211009T2200,28.6662,0.2,76.0,1007.1,13.830749,19.44
20211009T2300,28.3062,1.5,78.0,1006.6,12.682018,19.44
20211010T0000,28.0162,1.6,80.0,1006.2,11.923557,15.84
20211010T0100,27.676199,1.7,81.0,1005.5,11.923557,15.84
20211010T0200,27.3562,1.6,83.0,1005.1,11.753877,18.359999
20211010T0300,27.0562,1.2,85.0,1004.6,11.269782,17.28
20211010T0400,26.8062,1.5,87.0,1004.9,12.245293,16.199999
20211010T0500,26.5762,2.0,88.0,1005.4,12.496719,20.16
20211010T0600,26.5662,2.0,85.0,1006.3,9.290511,15.4800005
20211010T0700,26.9662,1.6,83.0,1007.6,8.39657,12.959999
20211010T0800,27.7362,0.8,77.0,1008.3,9.9571085,15.84
20211010T0900,29.6462,0.0,65.0,1008.3,12.074766,19.8
20211010T1000,31.5462,0.0,58.0,1007.2,11.480557,16.56
20211010T1100,32.896202,0.0,53.0,1006.3,9.387651,14.759999
20211010T1200,32.206203,0.8,55.0,1005.7,7.2,12.599999
20211010T1300,32.1962,1.1,55.0,1005.2,5.04,11.879999
20211010T1400,32.0662,1.2,55.0,1004.7,3.2399998,11.5199995
20211010T1500,31.8262,1.2,57.0,1004.3,2.16,10.799999
20211010T1600,31.6162,0.7,58.0,1004.5,1.484318,8.64
20211010T1700,31.5862,0.0,59.0,1004.9,3.0547013,7.5599995
20211010T1800,30.8162,0.0,64.0,1005.3,1.2979984,5.3999996
20211010T1900,30.1962,0.0,68.0,1006.1,3.319036,5.04
20211010T2000,29.5362,0.0,71.0,1006.6,5.4833565,4.68
20211010T2100,28.9762,0.0,74.0,1007.0,5.3517847,5.04
20211010T2200,28.6562,0.0,76.0,1006.5,6.28713,6.4799995
20211010T2300,28.3562,0.0,78.0,1006.2,8.373386,8.64
20211011T0000,28.2062,0.8,80.0,1006.1,7.968939,11.879999
20211011T0100,27.9662,0.2,82.0,1005.3,8.699793,8.28
20211011T0200,27.7062,0.0,84.0,1004.6,7.928177,8.28
20211011T0300,27.426199,0.0,85.0,1004.3,8.14587,9.72
20211011T0400,27.4462,1.0,85.0,1004.9,9.290511,9.36
20211011T0500,27.3862,1.4,85.0,1005.5,10.495713,17.28
20211011T0600,27.1362,0.2,84.0,1006.2,6.519877,14.04
20211011T0700,27.926199,0.0,79.0,1007.1,5.692099,10.440001
20211011T0800,29.676199,0.1,70.0,1007.6,6.3690495,8.64
20211011T0900,31.1462,0.0,62.0,1007.4,3.319036,6.8399997
20211011T1000,31.3162,1.1,61.0,1006.7,4.0249224,8.64
20211011T1100,31.6962,0.4,58.0,1005.7,5.6920996,10.799999
20211011T1200,31.8662,0.3,57.0,1005.2,6.162207,11.159999
20211011T1300,31.7662,0.4,58.0,1004.2,6.193674,10.799999
20211011T1400,31.5562,0.4,59.0,1003.6,7.289445,11.879999
20211011T1500,30.8162,0.5,62.0,1003.1,8.089993,12.24
20211011T1600,30.2662,0.2,67.0,1003.3,7.2359104,5.7599998
20211011T1700,29.8662,0.0,71.0,1003.8,7.0911775,3.96
20211011T1800,29.1662,0.0,75.0,1004.2,7.928178,6.4799995
20211011T1900,28.9762,0.0,76.0,1005.2,5.95906,6.12
20211011T2000,28.9862,0.0,75.0,1005.8,4.8433046,6.12
20211011T2100,29.0362,0.0,74.0,1006.4,4.6800003,6.12
20211011T2200,28.8562,0.0,76.0,1005.9,5.506941,5.04
20211011T2300,28.6662,0.0,77.0,1005.7,6.4799995,6.8399997
20211012T0000,28.5062,0.0,79.0,1005.3,6.519877,10.08
20211012T0100,28.2862,0.0,81.0,1004.2,6.151683,10.440001
20211012T0200,28.2062,0.0,83.0,1003.9,5.5887027,4.68
20211012T0300,28.2762,0.0,83.0,1003.6,5.4477882,3.96
20211012T0400,28.2362,0.0,83.0,1004.1,6.6087217,3.2399998
20211012T0500,28.1662,0.0,82.0,1004.8,7.4128532,4.32
20211012T0600,27.6662,2.7,81.0,1005.3,10.594036,9.0
20211012T0700,28.0762,1.6,75.0,1006.3,10.538843,11.159999
20211012T0800,29.6362,0.5,67.0,1006.9,11.901798,11.5199995
20211012T0900,32.276203,0.0,56.0,1007.2,8.647496,10.08
20211012T1000,33.686203,0.0,50.0,1005.9,4.8965297,7.5599995
20211012T1100,33.4462,0.2,49.0,1005.2,4.452954,5.7599998
20211012T1200,34.396202,0.0,48.0,1004.5,6.489992,6.12
20211012T1300,32.916203,0.9,53.0,1003.8,9.0,7.92
20211012T1400,31.9362,1.1,60.0,1003.3,9.72,7.92
20211012T1500,31.7662,0.4,63.0,1002.9,9.178235,7.92
20211012T1600,31.1962,0.4,67.0,1003.4,9.085988,8.28
20211012T1700,30.5662,0.0,71.0,1004.0,9.220499,7.92
20211012T1800,29.7262,0.0,75.0,1004.4,8.209263,7.92
20211012T1900,29.4862,0.6,76.0,1005.6,7.729527,8.28
20211012T2000,29.2962,1.5,76.0,1006.3,8.699793,9.36
20211012T2100,29.1662,1.8,77.0,1007.1,8.557102,10.08
20211012T2200,28.8962,1.8,81.0,1006.6,7.8625183,12.599999
20211012T2300,28.7762,0.0,83.0,1006.1,8.311245,8.64
20211013T0000,28.5662,0.0,85.0,1005.5,7.9526596,6.4799995
20211013T0100,28.2962,0.0,85.0,1004.6,6.792466,5.7599998
20211013T0200,28.2062,0.0,81.0,1004.2,8.427383,10.799999
20211013T0300,27.9662,0.0,79.0,1003.9,8.905908,12.959999
20211013T0400,27.5662,0.0,80.0,1004.5,9.793058,13.679999
20211013T0500,27.1462,0.0,82.0,1005.3,12.224107,17.28
20211013T0600,26.7762,0.0,79.0,1005.7,14.417988,20.519999
20211013T0700,28.0062,0.0,72.0,1006.6,14.003029,21.24
20211013T0800,30.0262,0.0,64.0,1006.5,12.313894,16.199999
20211013T0900,31.976198,0.0,57.0,1006.9,11.269782,11.159999
20211013T1000,32.076202,0.4,56.0,1006.1,10.446206,10.799999
20211013T1100,32.236202,0.4,56.0,1005.4,9.9571085,10.08
20211013T1200,32.1262,0.9,58.0,1004.7,9.585739,9.72
20211013T1300,31.4762,1.2,62.0,1003.7,9.422101,9.0
20211013T1400,31.9462,1.1,63.0,1003.1,9.085988,10.799999
20211013T1500,31.3962,0.2,65.0,1002.8,9.504273,10.799999
20211013T1600,31.1662,0.0,65.0,1003.2,8.473393,7.5599995
20211013T1700,30.3362,0.0,69.0,1004.0,8.28,6.8399997
20211013T1800,29.4762,0.0,72.0,1004.6,11.620809,8.64
20211013T1900,29.3762,0.2,73.0,1005.7,8.39657,7.5599995
20211013T2000,29.3562,0.0,73.0,1006.1,7.2,6.12
20211013T2100,29.3862,0.3,73.0,1006.4,6.193674,5.3999996
20211013T2200,29.0762,0.4,75.0,1006.1,6.849467,9.0
20211013T2300,28.6362,0.0,79.0,1005.7,10.086427,14.04
20200930T0000,27.7062,0.2,89.0,1005.7,4.510787,13.32
20200930T0100,27.4162,0.0,90.0,1004.8,2.2768397,9.0
20200930T0200,27.1462,0.0,91.0,1004.0,0.8049845,6.4799995
20200930T0300,26.8362,0.0,91.0,1003.3,2.8116899,6.12
20200930T0400,26.676199,1.9,92.0,1004.1,5.6002855,8.28
20200930T0500,26.4962,1.6,94.0,1004.6,8.404285,11.5199995
20200930T0600,26.4362,0.2,92.0,1005.1,9.178235,13.679999
20200930T0700,26.6962,0.0,90.0,1006.1,10.703569,14.4
20200930T0800,26.9862,0.7,90.0,1006.9,11.457958,15.119999
20200930T0900,27.3262,0.6,88.0,1007.6,10.587918,16.56
20200930T1000,27.4462,1.2,86.0,1006.9,10.483357,16.56
20200930T1100,27.5662,1.0,81.0,1006.0,11.304229,15.84
20200930T1200,27.7762,0.0,80.0,1004.9,11.159999,15.119999
20200930T1300,28.1162,0.0,79.0,1003.8,12.57426,18.72
20200930T1400,28.3762,0.0,79.0,1003.3,13.32,18.359999
20200930T1500,28.5862,0.0,78.0,1002.8,12.0694,17.64
20200930T1600,28.7662,0.0,77.0,1003.3,9.178235,16.56
20200930T1700,30.5562,0.0,65.0,1003.0,8.942214,16.199999
20200930T1800,29.9862,0.0,68.0,1003.7,8.373386,15.4800005
20200930T1900,29.5062,0.0,71.0,1004.6,9.0,16.199999
20200930T2000,29.1362,0.0,74.0,1005.2,9.255571,15.119999
20200930T2100,28.8862,0.0,77.0,1005.7,9.504273,15.4800005
20200930T2200,28.6262,0.0,79.0,1005.6,7.653705,14.4
20200930T2300,28.7562,0.0,75.0,1005.5,6.924738,15.4800005
20201001T0000,28.346199,0.1,72.0,1005.8,12.849528,19.8
20201001T0100,26.4662,0.5,78.0,1005.2,15.484185,26.64
20201001T0200,25.3962,0.2,82.0,1004.0,16.595179,26.64
20201001T0300,25.6362,0.0,80.0,1003.3,15.782622,23.759998
20201001T0400,25.9662,0.0,81.0,1003.9,14.565548,21.599998
20201001T0500,25.9962,0.0,86.0,1004.7,11.808878,19.08
20201001T0600,26.2062,0.0,88.0,1005.4,7.2805495,17.28
20201001T0700,27.0762,0.0,83.0,1006.4,7.289445,21.599998
20201001T0800,27.5862,0.0,77.0,1007.0,11.212135,22.68
20201001T0900,27.9362,0.0,70.0,1007.2,16.375053,24.48
20201001T1000,29.5162,0.0,62.0,1006.4,21.67786,29.16
20201001T1100,30.7262,0.0,59.0,1005.4,23.051247,23.759998
20201001T1200,31.9662,0.0,56.0,1004.6,18.668005,21.24
20201001T1300,32.096203,0.5,55.0,1003.6,15.192682,18.359999
20201001T1400,32.7662,0.3,53.0,1002.9,14.654254,17.28
20201001T1500,31.3362,0.0,56.0,1002.7,13.089354,16.56
20201001T1600,31.7262,0.0,54.0,1003.2,9.085988,13.32
20201001T1700,32.9262,0.0,49.0,1003.4,11.200571,20.519999
20201001T1800,32.076202,0.0,51.0,1004.0,8.161764,14.04
20201001T1900,31.4062,0.0,55.0,1005.0,5.991594,12.959999
20201001T2000,30.7562,0.0,58.0,1005.6,5.6920996,14.04
20201001T2100,30.0462,0.0,61.0,1006.4,5.5887027,14.4
20201001T2200,29.3262,0.0,64.0,1006.1,6.9527545,16.199999
20201001T2300,28.7862,0.0,65.0,1005.7,6.6185193,9.72
20201002T0000,28.3962,0.0,66.0,1005.4,6.162207,8.28
20201002T0100,28.0062,0.0,67.0,1004.7,6.5693827,11.159999
20201002T0200,27.7662,0.0,67.0,1004.5,6.763786,9.72
20201002T0300,27.4662,0.0,68.0,1004.3,7.653705,14.759999
20201002T0400,27.1062,0.0,70.0,1004.6,8.942214,13.32
20201002T0500,26.846199,0.0,73.0,1005.2,10.1887,14.759999
20201002T0600,27.0662,0.0,74.0,1005.3,10.948973,14.759999
20201002T0700,28.0762,0.0,72.0,1005.9,12.096214,16.199999
20201002T0800,30.6362,0.0,62.0,1006.6,12.24,16.199999
20201002T0900,32.866203,0.0,54.0,1006.8,9.0,13.32
20201002T1000,33.8162,0.0,49.0,1006.0,9.449572,15.119999
20201002T1100,34.686203,0.0,44.0,1005.2,8.587338,15.84
20201002T1200,35.2662,0.0,42.0,1004.5,5.4833565,13.679999
20201002T1300,35.366203,0.0,42.0,1003.6,1.8,12.24
20201002T1400,35.276203,0.0,43.0,1003.1,2.3051248,10.440001
20201002T1500,34.5862,0.3,45.0,1002.6,6.2145634,10.08
20201002T1600,34.206203,0.3,46.0,1003.0,10.086427,14.04
20201002T1700,30.9362,0.0,70.0,1003.4,19.483284,18.359999
20201002T1800,29.5562,0.0,77.0,1003.8,18.448023,19.08
20201002T1900,29.1462,0.0,78.0,1004.5,18.36353,19.08
20201002T2000,29.0362,0.0,78.0,1005.2,18.374111,17.64
20201002T2100,28.9062,0.0,78.0,1005.9,18.448023,21.24
20201002T2200,28.676199,0.0,81.0,1005.8,16.595179,19.08
20201002T2300,28.4162,0.0,84.0,1005.5,14.458382,14.759999
20201003T0000,28.176199,0.0,86.0,1005.3,12.904882,14.759999
20201003T0100,28.1162,0.3,89.0,1004.6,12.074766,14.04
20201003T0200,27.8762,0.5,92.0,1004.4,12.594856,14.759999
20201003T0300,27.8062,0.0,88.0,1004.2,12.538134,15.84
20201003T0400,27.6862,0.0,83.0,1004.5,12.475961,21.599998
20201003T0500,27.7462,0.0,78.0,1004.9,13.830749,14.759999
20201003T0600,27.9462,0.0,76.0,1005.3,14.386494,14.759999
20201003T0700,30.0162,0.0,66.0,1006.2,15.716793,18.0
20201003T0800,31.4962,0.0,58.0,1006.7,16.62249,17.28
20201003T0900,32.7862,0.0,54.0,1007.1,14.081478,17.28
20201003T1000,33.916203,0.0,51.0,1006.4,12.224107,16.919998
20201003T1100,34.7862,0.0,45.0,1005.8,10.931203,14.04
20201003T1200,35.296204,0.0,42.0,1005.3,10.829959,14.759999
20201003T1300,35.6562,0.0,40.0,1004.2,9.885262,15.119999
20201003T1400,35.986202,0.0,38.0,1003.5,7.92,14.4
20201003T1500,35.956203,0.0,38.0,1003.0,7.628263,14.04
20201003T1600,35.5662,0.0,38.0,1003.3,9.504272,15.119999
20201003T1700,35.546204,0.0,38.0,1003.9,2.5959969,11.5199995
20201003T1800,34.9262,0.0,41.0,1004.7,6.162207,11.5199995
20201003T1900,33.7662,0.0,48.0,1005.4,9.0645685,12.24
20201003T2000,32.436203,0.0,57.0,1006.0,10.587917,15.119999
20201003T2100,31.3662,0.0,65.0,1006.5,10.315115,15.119999
20201003T2200,30.7062,0.0,69.0,1006.5,9.793059,14.04
20201003T2300,30.2562,0.0,70.0,1006.4,9.686609,13.32
20201004T0000,29.9062,0.0,70.0,1006.2,9.422101,12.959999
20201004T0100,29.7962,0.0,68.0,1005.3,10.703569,14.04
20201004T0200,29.6062,0.0,62.0,1005.2,14.118243,17.64
20201004T0300,28.5262,0.0,64.0,1004.9,16.039202,17.28
20201004T0400,27.8662,0.0,66.0,1005.4,17.651016,18.72
20201004T0500,27.5262,0.0,66.0,1005.7,18.03237,24.119999
20201004T0600,27.4462,0.0,66.0,1006.0,18.359999,19.44
20201004T0700,28.5462,0.0,63.0,1006.8,18.844202,26.28
20201004T0800,30.2362,0.0,58.0,1007.6,19.191748,25.199999
20201004T0900,32.206203,0.0,52.0,1008.0,17.174677,21.24
20201004T1000,33.866203,0.0,47.0,1007.3,17.654688,21.24
20201004T1100,34.796204,0.0,45.0,1006.5,18.584509,21.96
20201004T1200,34.646202,0.4,45.0,1005.9,16.595179,21.599998
20201004T1300,35.0362,0.4,44.0,1004.6,15.277749,19.44
20201004T1400,34.9762,0.3,43.0,1003.9,12.783802,19.44
20201004T1500,35.3362,0.0,42.0,1003.4,9.220499,16.199999
20201004T1600,34.0362,0.4,48.0,1004.0,3.8773184,12.959999
20201004T1700,31.2762,0.0,64.0,1005.1,12.096214,20.880001
20201004T1800,29.3862,0.0,76.0,1005.9,15.496736,22.68
20201004T1900,28.5362,0.0,81.0,1006.8,16.645864,23.039999
20201004T2000,28.3662,0.0,81.0,1007.2,16.343367,22.319998
20201004T2100,28.3162,0.0,80.0,1007.5,15.905319,21.24
20201004T2200,28.2162,0.0,80.0,1007.2,15.683776,21.24
20201004T2300,27.9062,0.0,85.0,1006.9,15.484185,21.599998
20201005T0000,27.4662,0.0,90.0,1006.6,15.496736,17.28
20201005T0100,27.1162,0.0,91.0,1005.6,13.755579,16.199999
20201005T0200,26.9462,0.0,90.0,1005.2,13.479583,15.119999
20201005T0300,26.8862,0.0,84.0,1005.0,13.527572,14.759999
20201005T0400,26.9862,0.0,78.0,1005.3,13.708391,15.119999
20201005T0500,26.8062,0.0,76.0,1005.9,12.758432,14.759999
20201005T0600,26.6562,0.0,75.0,1006.4,11.304229,15.119999
20201005T0700,28.0762,0.0,68.0,1007.1,12.620554,15.4800005
20201005T0800,30.0562,0.0,59.0,1007.5,13.37825,17.64
20201005T0900,32.256203,0.0,51.0,1007.7,12.979984,18.0
20201005T1000,34.1562,0.0,46.0,1006.7,12.031756,16.56
20201005T1100,35.5662,0.0,43.0,1005.7,9.449572,12.959999
20201005T1200,36.4962,0.0,40.0,1004.9,7.2,15.84
20201005T1300,35.9062,0.0,40.0,1003.9,7.386582,10.799999
20201005T1400,35.1262,0.2,45.0,1003.4,6.4799995,9.72
20201005T1500,34.7662,0.0,48.0,1002.9,8.404285,8.64
20201005T1600,33.986202,0.0,51.0,1003.5,11.113451,11.5199995
20201005T1700,33.9462,0.0,48.0,1003.9,7.24486,10.440001
20201005T1800,31.6262,0.0,60.0,1004.5,14.241629,16.56
20201005T1900,29.7662,0.0,70.0,1005.4,16.454008,19.44
20201005T2000,28.676199,0.0,78.0,1005.9,15.188415,14.4
20201005T2100,28.3762,0.0,81.0,1006.4,12.964998,14.04
20201005T2200,28.2162,0.0,81.0,1006.4,12.371645,14.4
20201005T2300,27.9562,0.0,81.0,1006.3,14.332341,17.28
20201006T0000,27.5862,0.0,83.0,1006.2,15.827721,18.359999
20201006T0100,27.1962,0.0,86.0,1005.3,16.311613,17.64
20201006T0200,27.0062,0.0,87.0,1004.8,16.1198,18.0
20201006T0300,26.8162,0.0,87.0,1004.5,16.09969,15.84
20201006T0400,26.5562,0.0,90.0,1005.2,15.315873,22.68
20201006T0500,26.3262,0.0,91.0,1005.9,13.684735,14.759999
20201006T0600,26.3862,0.0,89.0,1006.6,13.513193,12.959999
20201006T0700,28.2362,0.0,76.0,1007.7,14.904173,14.4
20201006T0800,30.6462,0.0,64.0,1008.1,13.363711,12.24
20201006T0900,32.7262,0.0,55.0,1008.2,7.968939,10.799999
20201006T1000,34.236202,0.0,49.0,1007.2,4.73506,9.72
20201006T1100,35.2462,0.0,42.0,1006.3,3.0758414,9.0
20201006T1200,35.796204,0.0,41.0,1005.7,1.484318,6.8399997
20201006T1300,35.6062,0.0,41.0,1004.5,3.7585104,5.7599998
20201006T1400,36.096203,0.0,40.0,1003.5,7.754637,7.2
20201006T1500,35.736202,0.0,43.0,1002.8,13.363711,12.24
20201006T1600,33.796204,0.0,55.0,1003.4,19.319628,18.359999
20201006T1700,30.7162,0.0,68.0,1004.2,20.771093,14.759999
20201006T1800,29.5362,0.0,75.0,1004.7,19.469975,16.199999
20201006T1900,29.0662,0.0,78.0,1005.6,18.709612,19.08
20201006T2000,28.6662,0.0,82.0,1006.3,18.448023,20.880001
20201006T2100,28.4562,0.0,83.0,1007.1,17.673029,19.44
20201006T2200,28.2862,0.0,83.0,1007.1,16.923828,20.880001
20201006T2300,28.1062,0.0,83.0,1007.1,17.339897,19.44
20201007T0000,27.926199,0.0,83.0,1007.1,18.64369,18.72
20201007T0100,27.7562,0.0,82.0,1006.5,18.430452,17.64
20201007T0200,27.6562,0.0,80.0,1006.1,18.511143,19.08
20201007T0300,27.5062,0.0,80.0,1005.9,18.709612,18.0
20201007T0400,27.3562,0.0,81.0,1006.6,19.562946,18.72
20201007T0500,27.176199,0.0,82.0,1007.1,20.082708,17.64
20201007T0600,27.2662,0.0,82.0,1007.2,19.721298,16.199999
20201007T0700,28.676199,0.0,75.0,1008.1,21.2522,18.72
20201007T0800,30.2462,0.0,69.0,1008.9,17.595861,15.84
20201007T0900,32.056202,0.0,61.0,1009.3,9.1641035,9.72
20201007T1000,33.4762,0.0,55.0,1008.1,3.319036,6.4799995
20201007T1100,34.556202,0.0,47.0,1007.0,2.0991426,8.28
20201007T1200,35.3562,0.0,43.0,1006.0,1.835647,7.2
20201007T1300,35.596203,0.0,43.0,1004.9,5.1165614,6.4799995
20201007T1400,35.3362,0.0,45.0,1004.2,11.304229,10.440001
20201007T1500,34.056202,0.0,54.0,1003.7,18.359999,16.56
20201007T1600,32.1962,0.0,64.0,1004.3,21.794127,20.880001
20201007T1700,30.9762,0.0,64.0,1004.9,17.782686,12.599999
20201007T1800,30.096199,0.0,68.0,1005.5,16.267857,10.799999
20201007T1900,29.596199,0.0,72.0,1006.2,14.799459,13.679999
20201007T2000,29.2262,0.0,74.0,1006.9,13.358861,16.56
20201007T2100,28.926199,0.0,78.0,1007.6,11.525623,9.36
20201007T2200,28.676199,0.0,80.0,1007.7,10.483357,9.36
20201007T2300,28.4462,0.0,81.0,1007.8,9.904906,9.72
20201008T0000,28.176199,0.0,83.0,1007.7,10.308831,10.440001
20201008T0100,27.8362,0.0,87.0,1007.0,10.1376915,11.159999
20201008T0200,27.7462,0.0,89.0,1006.5,10.08,10.799999
20201008T0300,27.7362,0.0,90.0,1006.2,9.007196,8.28
20201008T0400,27.6562,0.0,88.0,1006.9,12.57426,12.24
20201008T0500,27.2862,1.4,83.0,1007.8,20.345573,19.44
20201008T0600,27.0562,0.0,80.0,1008.1,19.08,19.44
20201008T0700,27.8962,0.0,77.0,1008.5,19.881649,20.16
20201008T0800,29.4062,0.0,70.0,1008.8,20.364674,18.359999
20201008T0900,30.676199,0.0,63.0,1009.3,18.0,15.4800005
20201008T1000,31.7262,0.0,60.0,1008.3,18.806337,15.84
20201008T1100,32.296204,0.0,58.0,1007.5,19.523155,15.119999
20201008T1200,32.7262,0.0,55.0,1007.0,20.633371,15.84
20201008T1300,32.7862,0.0,55.0,1006.1,20.833395,15.119999
20201008T1400,32.526203,0.0,57.0,1005.6,21.129883,15.4800005
20201008T1500,31.8762,0.0,61.0,1005.0,22.35481,19.44
20201008T1600,30.8662,0.0,67.0,1005.4,23.241617,20.880001
20201008T1700,30.6262,0.0,70.0,1005.3,14.021525,12.24
20201008T1800,29.5662,0.0,75.0,1006.1,14.021525,11.879999
20201008T1900,29.1462,0.0,78.0,1007.2,14.255272,11.879999
20201008T2000,28.8062,0.0,81.0,1007.9,16.548256,14.04
20201008T2100,28.6062,0.0,83.0,1008.5,20.371038,16.919998
20201008T2200,28.1362,2.4,83.0,1008.4,21.868332,20.519999
20201008T2300,27.7962,0.2,82.0,1007.8,19.161337,18.359999
20201009T0000,27.6462,0.0,83.0,1007.9,19.592731,14.759999
20201009T0100,27.6062,0.0,81.0,1007.6,18.511143,14.04
20201009T0200,27.2862,0.0,81.0,1007.3,18.057508,16.199999
20201009T0300,26.9362,0.0,83.0,1007.1,16.563911,21.24
20201009T0400,26.7362,0.0,84.0,1007.6,16.923828,12.959999
20201009T0500,26.5462,0.0,85.0,1008.0,16.923828,14.759999
20201009T0600,26.7262,0.0,84.0,1008.3,15.517629,20.16
20201009T0700,28.0462,0.0,77.0,1009.2,16.62249,14.759999
20201009T0800,29.2662,0.0,71.0,1009.9,16.919998,18.0
20201009T0900,28.7262,0.1,72.0,1010.6,17.015474,16.199999
20201009T1000,30.3762,0.0,65.0,1009.8,16.700275,13.679999
20201009T1100,31.0762,0.0,61.0,1009.0,16.394829,14.04
20201009T1200,31.8362,0.0,59.0,1008.3,16.343367,14.04
20201009T1300,31.8362,0.0,57.0,1007.3,15.546833,11.5199995
20201009T1400,31.8962,0.0,56.0,1006.6,14.759999,10.08
20201009T1500,31.7762,0.1,56.0,1006.0,14.044615,9.72
20201009T1600,31.6962,0.0,57.0,1006.0,14.77755,13.32
20201009T1700,29.2562,0.0,76.0,1006.4,14.693999,10.440001
20201009T1800,28.4762,0.0,83.0,1006.9,14.386494,10.08
20201009T1900,28.2362,0.0,85.0,1007.8,13.584932,9.36
20201009T2000,28.0562,0.0,86.0,1008.5,11.923557,8.28
20201009T2100,28.0262,0.0,87.0,1009.0,10.805998,7.5599995
20201009T2200,27.7762,0.0,90.0,1008.6,8.942214,6.12
20201009T2300,27.8762,1.1,90.0,1008.3,9.983106,7.2
20201010T0000,27.5162,2.6,84.0,1007.9,11.709688,9.72
20201010T0100,27.0762,0.3,83.0,1007.0,10.948973,9.36
20201010T0200,26.846199,0.0,83.0,1006.5,9.504273,6.12
20201010T0300,26.5862,0.0,84.0,1006.1,9.565437,5.3999996
20201010T0400,26.3962,0.0,85.0,1006.6,10.390226,6.8399997
20201010T0500,26.2462,0.0,87.0,1006.9,11.609651,9.36
20201010T0600,26.5162,0.0,86.0,1007.0,13.324863,10.08
20201010T0700,28.0362,0.0,79.0,1007.6,14.417988,12.24
20201010T0800,28.9662,0.0,74.0,1008.3,9.531505,8.64
20201010T0900,29.3162,0.3,70.0,1009.0,6.379216,7.5599995
20201010T1000,29.6262,0.1,68.0,1008.3,3.7585104,6.8399997
20201010T1100,30.1962,0.1,66.0,1007.5,3.6179552,6.4799995
20201010T1200,29.4562,0.3,68.0,1006.8,3.6179552,6.12
20201010T1300,29.9562,0.1,66.0,1005.9,2.5455842,5.3999996
20201010T1400,29.6562,0.1,67.0,1005.4,2.0364676,5.3999996
20201010T1500,29.5662,0.3,67.0,1005.1,2.5455842,7.2
20201010T1600,29.4462,0.4,67.0,1005.6,3.396233,8.28
20201010T1700,28.6462,0.5,75.0,1005.6,10.464797,7.92
20201010T1800,28.1962,0.0,78.0,1006.1,9.585739,6.4799995
20201010T1900,27.9762,0.0,79.0,1007.0,10.086427,6.8399997
20201010T2000,27.3662,0.0,84.0,1007.4,11.966954,9.0
20201010T2100,26.9862,0.0,86.0,1007.7,12.387348,12.959999
20201010T2200,26.7062,0.0,86.0,1007.2,10.948973,11.879999
20201010T2300,26.5362,0.0,87.0,1006.7,9.793058,10.799999
20201011T0000,26.4062,0.0,87.0,1006.2,8.669949,9.72
20201011T0100,26.2762,0.0,88.0,1005.5,8.311245,10.440001
20201011T0200,26.1562,0.0,89.0,1004.9,9.83268,12.24
20201011T0300,26.0362,0.0,91.0,1004.4,11.183201,16.56
20201011T0400,25.8962,0.0,92.0,1004.5,13.004922,19.08
20201011T0500,25.7362,0.0,93.0,1004.6,13.324863,20.16
20201011T0600,25.7862,0.3,92.0,1004.8,14.168641,20.519999
20201011T0700,26.9462,0.0,84.0,1005.6,15.978484,20.519999
20201011T0800,28.3362,0.0,77.0,1006.3,16.279802,19.44
20201011T0900,29.3762,0.1,74.0,1006.6,14.05845,17.64
20201011T1000,29.0262,2.0,74.0,1006.0,15.827721,19.44
20201011T1100,28.926199,1.7,73.0,1005.3,16.595179,20.880001
20201011T1200,29.1962,1.3,71.0,1004.5,16.08761,21.24
20201011T1300,29.096199,2.0,73.0,1003.6,18.193361,22.319998
20201011T1400,28.596199,2.8,78.0,1003.2,21.2522,23.039999
20201011T1500,27.7962,3.3,83.0,1002.8,21.316135,21.599998
20201011T1600,27.3662,3.0,84.0,1003.3,20.240196,19.8
20201011T1700,28.2962,0.0,68.0,1003.2,18.25026,29.88
20201011T1800,27.7962,0.0,70.0,1003.6,15.379206,26.64
20201011T1900,27.7262,0.0,71.0,1004.3,15.315873,23.759998
20201011T2000,27.6362,0.0,71.0,1004.7,14.904173,23.759998
20201011T2100,27.5062,0.0,72.0,1005.1,12.4811535,19.8
20201011T2200,27.2662,0.0,74.0,1004.9,11.753877,24.48
20201011T2300,27.0462,0.0,76.0,1004.6,9.83268,18.0
20201012T0000,26.8362,0.0,78.0,1004.3,8.891344,15.4800005
20201012T0100,26.5062,0.0,80.0,1003.4,8.427383,18.359999
20201012T0200,26.2862,0.0,81.0,1003.0,7.42159,16.919998
20201012T0300,26.1662,0.0,82.0,1002.8,7.5685663,16.919998
20201012T0400,26.1562,0.0,83.0,1003.6,7.2,11.879999
20201012T0500,26.0362,0.0,84.0,1004.0,8.311245,13.32
20201012T0600,26.0162,0.0,84.0,1004.3,9.0645685,19.8
20201012T0700,27.0462,0.0,78.0,1004.9,8.669949,18.359999
20201012T0800,27.9462,0.0,74.0,1005.5,7.9932976,19.08
20201012T0900,28.8262,0.0,69.0,1005.9,8.209263,17.64
20201012T1000,29.426199,0.0,65.0,1005.2,9.565437,20.519999
20201012T1100,29.8962,0.0,63.0,1004.5,11.177405,18.72
20201012T1200,29.926199,0.0,63.0,1003.9,12.0694,19.44
20201012T1300,30.9862,0.0,60.0,1003.0,13.527572,20.16
20201012T1400,30.2862,0.0,61.0,1002.5,15.509274,21.24
20201012T1500,30.4062,0.0,61.0,1002.0,16.595179,22.319998
20201012T1600,30.426199,0.0,61.0,1002.2,14.145756,19.8
20201012T1700,27.8262,0.3,79.0,1002.1,5.3999996,10.08
20201012T1800,27.8362,0.0,79.0,1002.5,4.3349743,13.32
20201012T1900,27.8362,0.0,80.0,1002.8,4.0249224,12.24
20201012T2000,27.7762,0.0,81.0,1003.0,4.6938252,12.959999
20201012T2100,27.8562,0.0,83.0,1003.4,6.924738,16.199999
20201012T2200,28.096199,0.0,82.0,1002.8,8.287822,18.359999
20201012T2300,27.7262,0.0,81.0,1002.5,10.948973,23.759998
20201013T0000,27.676199,0.0,76.0,1002.3,13.779114,24.84
20201013T0100,27.0862,0.0,76.0,1001.5,14.707222,24.84
20201013T0200,26.4862,0.0,79.0,1001.2,13.905509,25.919998
20201013T0300,26.096199,0.0,81.0,1000.8,12.979984,19.08
20201013T0400,25.846199,0.0,82.0,1001.4,11.726277,17.64
20201013T0500,25.5562,0.0,84.0,1001.8,11.726277,21.599998
20201013T0600,25.6062,0.0,84.0,1002.3,12.074766,16.56
20201013T0700,27.3262,0.0,77.0,1003.2,14.8257065,21.24
20201013T0800,29.4362,0.0,67.0,1003.8,16.746773,21.96
20201013T0900,30.7862,0.0,60.0,1004.2,16.862455,24.119999
20201013T1000,31.7362,0.0,57.0,1003.4,16.299694,25.56
20201013T1100,31.176199,0.0,58.0,1003.0,15.546833,21.96
20201013T1200,31.0562,0.0,58.0,1002.4,15.941944,22.68
20201013T1300,31.0262,0.0,58.0,1001.5,17.227419,24.48
20201013T1400,32.096203,0.0,55.0,1000.9,18.59845,26.64
20201013T1500,31.3262,0.0,57.0,1000.3,18.331741,27.72
20201013T1600,31.2862,0.0,56.0,1000.7,17.727943,27.0
20201013T1700,31.8762,0.0,55.0,1000.5,18.671474,27.72
20201013T1800,31.0662,0.0,58.0,1001.3,14.658676,24.84
20201013T1900,30.6362,0.0,59.0,1002.2,14.168641,24.119999
20201013T2000,30.1462,0.0,61.0,1002.7,12.599998,23.759998
20201013T2100,29.7362,0.0,63.0,1003.2,12.768586,22.68
20201013T2200,29.8162,0.0,62.0,1002.9,15.9134655,25.199999
20201013T2300,29.5262,0.0,64.0,1002.6,17.786331,26.64
20190930T0000,26.2162,0.0,88.0,1013.3,9.957108,8.28
20190930T0100,26.2262,0.0,88.0,1012.5,9.504272,8.64
20190930T0200,26.3262,0.0,87.0,1012.0,8.854829,8.28
20190930T0300,26.2862,0.0,85.0,1011.4,9.178235,9.0
20190930T0400,26.2462,0.0,85.0,1011.8,9.746631,10.440001
20190930T0500,25.9362,0.0,85.0,1012.2,10.105681,10.440001
20190930T0600,26.1362,0.0,85.0,1012.7,10.08,11.159999
20190930T0700,26.926199,0.0,81.0,1013.6,9.36,12.599999
20190930T0800,27.8562,0.0,77.0,1014.2,8.64,10.08
20190930T0900,28.7862,0.0,72.0,1014.7,9.826088,11.159999
20190930T1000,29.4562,0.0,69.0,1014.0,11.177405,12.24
20190930T1100,29.9962,0.0,66.0,1013.2,13.37825,12.959999
20190930T1200,30.1962,0.0,66.0,1012.3,15.141414,14.4
20190930T1300,30.1062,0.0,67.0,1011.0,16.179987,15.4800005
20190930T1400,29.8362,0.0,69.0,1010.1,16.279802,15.119999
20190930T1500,29.346199,0.0,71.0,1009.5,15.986593,15.4800005
20190930T1600,28.7462,0.0,72.0,1009.9,16.179987,15.119999
20190930T1700,28.0362,0.0,76.0,1010.4,16.1198,17.64
20190930T1800,27.3262,0.0,80.0,1010.9,14.917212,18.0
20190930T1900,26.9962,0.0,83.0,1011.9,14.145756,18.72
20190930T2000,26.7362,0.0,85.0,1012.4,13.493999,18.0
20190930T2100,26.5162,0.0,86.0,1012.9,12.620554,16.199999
20190930T2200,26.2962,0.0,87.0,1012.9,13.679999,15.119999
20190930T2300,26.096199,0.0,88.0,1012.7,13.698934,14.759999
20191001T0000,25.846199,0.0,89.0,1012.4,12.371645,14.04
20191001T0100,25.5062,0.0,90.0,1011.6,12.074766,16.199999
20191001T0200,25.1862,0.0,92.0,1011.2,12.661564,18.72
20191001T0300,24.7862,0.0,93.0,1010.7,12.10157,18.359999
20191001T0400,24.4662,0.0,93.0,1011.1,11.113451,17.64
20191001T0500,24.2262,0.0,93.0,1011.6,11.298495,18.72
20191001T0600,24.2662,0.0,92.0,1011.8,11.435313,18.0
20191001T0700,25.8262,0.0,83.0,1012.5,12.181624,16.199999
20191001T0800,27.6062,0.0,73.0,1012.8,11.681987,14.04
20191001T0900,28.9662,0.0,70.0,1013.0,11.525623,10.440001
20191001T1000,29.9562,0.0,67.0,1012.3,11.525623,10.440001
20191001T1100,30.6962,0.0,67.0,1011.7,12.0694,10.799999
20191001T1200,31.0662,0.0,66.0,1011.0,14.007655,11.879999
20191001T1300,31.0562,0.0,66.0,1010.0,15.141414,12.24
20191001T1400,30.7562,0.0,67.0,1009.2,15.807239,12.24
20191001T1500,30.1662,0.0,70.0,1008.7,15.683774,13.32
20191001T1600,29.3562,0.0,72.0,1009.1,16.981165,14.4
20191001T1700,28.2262,0.0,77.0,1009.3,17.22742,17.28
20191001T1800,27.4962,0.0,80.0,1009.9,15.941944,16.199999
20191001T1900,27.2662,0.0,83.0,1010.9,14.986553,15.119999
20191001T2000,27.1062,0.0,85.0,1011.6,14.182355,19.44
20191001T2100,26.9962,0.0,86.0,1012.3,14.168641,14.759999
20191001T2200,26.8362,0.0,87.0,1012.2,14.007655,14.4
20191001T2300,26.6862,0.0,88.0,1012.2,13.905509,10.440001
20191002T0000,26.5662,0.0,89.0,1012.1,13.5515,9.72
20191002T0100,26.3962,0.0,90.0,1011.3,13.202726,9.36
20191002T0200,26.346199,0.0,92.0,1010.8,12.6462,11.879999
20191002T0300,26.5362,0.0,92.0,1010.3,12.605142,10.08
20191002T0400,26.6162,0.0,93.0,1010.9,15.158522,13.32
20191002T0500,26.5762,0.0,91.0,1011.4,16.700275,14.4
20191002T0600,26.5362,0.0,88.0,1011.9,17.114204,18.359999
20191002T0700,27.2062,0.0,84.0,1012.6,16.279802,10.799999
20191002T0800,28.346199,0.0,79.0,1012.8,15.256526,10.799999
20191002T0900,29.4562,0.0,76.0,1012.9,13.979871,11.159999
20191002T1000,30.5262,0.0,71.0,1012.1,13.339445,10.08
20191002T1100,31.2362,0.0,65.0,1011.6,11.609651,10.08
20191002T1200,31.8362,0.0,62.0,1011.0,10.587917,11.159999
20191002T1300,32.1362,0.0,60.0,1010.0,10.787993,9.72
20191002T1400,31.8362,0.0,62.0,1009.1,13.0447235,11.159999
20191002T1500,31.1562,0.0,66.0,1008.7,13.684735,11.879999
20191002T1600,30.1962,0.0,72.0,1009.4,14.021525,10.799999
20191002T1700,28.4462,0.0,79.0,1009.7,17.174677,15.84
20191002T1800,27.7062,0.0,84.0,1010.2,15.807239,15.119999
20191002T1900,27.4462,0.0,86.0,1011.0,14.84318,14.4
20191002T2000,27.2262,0.0,88.0,1011.7,13.5515,18.359999
20191002T2100,26.9962,0.0,89.0,1012.2,12.758432,17.28
20191002T2200,26.7762,0.0,90.0,1012.0,12.0694,12.599999
20191002T2300,26.5662,0.0,91.0,1011.7,12.0694,13.32
20191003T0000,26.3862,0.0,92.0,1011.5,12.224107,9.72
20191003T0100,26.2562,0.0,93.0,1010.6,12.371645,10.799999
20191003T0200,26.5762,0.0,92.0,1010.0,13.339445,11.879999
20191003T0300,26.5362,0.0,92.0,1009.4,14.044615,13.679999
20191003T0400,26.4762,0.0,91.0,1010.0,15.226764,12.959999
20191003T0500,26.4362,0.0,90.0,1010.6,15.281989,19.8
20191003T0600,26.5162,0.0,89.0,1011.1,16.055353,12.599999
20191003T0700,27.2762,0.0,84.0,1012.1,15.941944,12.959999
20191003T0800,28.2862,0.0,78.0,1012.6,15.629971,11.159999
20191003T0900,29.4162,0.0,72.0,1012.6,14.24163,10.440001
20191003T1000,30.2762,0.0,67.0,1011.7,14.759999,10.440001
20191003T1100,31.096199,0.0,62.0,1011.0,14.440443,10.440001
20191003T1200,31.7862,0.0,59.0,1010.5,13.363711,11.879999
20191003T1300,31.8662,0.0,58.0,1009.6,12.864649,10.08
20191003T1400,31.6662,0.0,59.0,1009.2,13.37825,10.440001
20191003T1500,30.9662,0.0,63.0,1008.8,15.2947035,11.5199995
20191003T1600,29.7862,0.0,70.0,1009.4,17.068707,12.599999
20191003T1700,28.6562,0.0,77.0,1009.7,17.727943,14.4
20191003T1800,27.7562,0.0,81.0,1010.2,16.946787,16.199999
20191003T1900,27.3762,0.0,82.0,1011.1,16.09969,15.119999
20191003T2000,27.1262,0.0,84.0,1011.7,14.917212,14.4
20191003T2100,26.9062,0.0,85.0,1012.3,14.205182,18.72
20191003T2200,26.7162,0.0,87.0,1012.0,14.561099,14.759999
20191003T2300,26.5662,0.0,87.0,1011.6,14.917212,15.84
20191004T0000,26.4162,0.0,88.0,1011.4,14.512064,9.0
20191004T0100,26.2362,0.0,90.0,1010.8,13.722565,8.64
20191004T0200,26.0662,0.0,91.0,1010.2,14.764389,12.959999
20191004T0300,26.1062,0.0,92.0,1009.8,14.561099,9.0
20191004T0400,26.2762,0.0,91.0,1010.5,16.520823,10.08
20191004T0500,26.2962,0.0,90.0,1011.2,16.279802,10.08
20191004T0600,26.4162,0.0,89.0,1011.8,14.81259,9.36
20191004T0700,26.8962,0.0,85.0,1012.7,13.479583,9.36
20191004T0800,27.5262,0.0,82.0,1012.9,11.525623,8.64
20191004T0900,28.6262,0.0,77.0,1012.8,9.19939,7.92
20191004T1000,29.7762,0.0,72.0,1011.7,9.726665,8.64
20191004T1100,30.5562,0.0,67.0,1011.1,10.137692,9.72
20191004T1200,30.9562,0.0,64.0,1010.7,10.163227,9.72
20191004T1300,31.0262,0.0,64.0,1009.8,10.1887,10.440001
20191004T1400,30.8262,0.0,65.0,1009.1,10.799999,12.24
20191004T1500,30.3662,0.0,67.0,1008.4,11.808878,10.799999
20191004T1600,29.6562,0.0,72.0,1008.8,12.538134,9.72
20191004T1700,28.7662,0.0,76.0,1009.0,14.973577,12.24
20191004T1800,28.0462,0.0,79.0,1009.7,14.182355,14.759999
20191004T1900,27.6962,0.0,82.0,1010.4,14.372974,18.0
20191004T2000,27.4562,0.0,84.0,1010.7,14.707222,19.08
20191004T2100,27.2862,0.0,85.0,1011.0,15.509274,11.5199995
20191004T2200,27.096199,0.0,86.0,1010.8,15.716793,10.799999
20191004T2300,26.9462,0.0,88.0,1010.8,16.171976,10.799999
20191005T0000,26.7962,0.0,89.0,1010.7,16.327497,11.5199995
20191005T0100,26.6462,0.0,90.0,1010.0,16.454008,11.879999
20191005T0200,26.8662,0.0,89.0,1009.5,16.62249,12.24
20191005T0300,26.8362,0.0,89.0,1009.2,15.84,12.959999
20191005T0400,26.7962,0.0,86.0,1009.7,15.546833,11.159999
20191005T0500,26.4362,0.0,87.0,1010.1,14.759999,14.4
20191005T0600,26.5462,0.0,87.0,1010.4,13.1041975,9.72
20191005T0700,27.1062,0.0,81.0,1011.1,12.9249525,9.0
20191005T0800,27.9462,0.0,77.0,1011.5,9.826088,7.5599995
20191005T0900,28.846199,0.0,73.0,1011.3,9.779817,9.72
20191005T1000,29.6262,0.0,71.0,1010.6,9.47012,8.64
20191005T1100,30.2962,0.0,67.0,1010.2,8.311245,6.12
20191005T1200,30.7062,0.0,65.0,1009.6,9.504272,7.2
20191005T1300,30.7062,0.0,65.0,1008.6,10.948973,8.28
20191005T1400,30.4462,0.0,66.0,1007.8,12.218805,9.72
20191005T1500,29.9762,0.0,68.0,1007.3,12.218805,10.08
20191005T1600,29.3262,0.0,72.0,1007.8,12.475961,11.159999
20191005T1700,28.6662,0.0,77.0,1008.4,15.175612,12.599999
20191005T1800,27.926199,0.0,79.0,1009.1,13.37825,14.4
20191005T1900,27.596199,0.0,81.0,1009.9,12.904882,16.56
20191005T2000,27.3862,0.0,83.0,1010.5,13.049689,9.72
20191005T2100,27.2262,0.0,84.0,1011.1,13.202726,10.799999
20191005T2200,27.0362,0.0,86.0,1011.0,14.039999,10.440001
20191005T2300,26.8762,0.0,87.0,1010.8,14.707222,11.159999
20191006T0000,26.7462,0.0,87.0,1010.9,15.256526,11.159999
20191006T0100,26.5462,0.0,87.0,1010.2,15.281989,10.799999
20191006T0200,26.3362,0.0,88.0,1009.7,14.618837,10.440001
20191006T0300,26.0762,0.0,88.0,1009.6,13.32,9.36
20191006T0400,26.2562,0.0,87.0,1010.1,13.039754,11.879999
20191006T0500,26.2562,0.0,87.0,1010.5,11.620809,9.0
20191006T0600,26.2662,0.0,88.0,1010.9,9.339208,9.0
20191006T0700,27.2362,0.0,81.0,1011.6,9.511088,10.08
20191006T0800,27.9062,0.0,76.0,1012.0,7.5942082,7.5599995
20191006T0900,28.8062,0.0,72.0,1012.0,5.4477882,6.8399997
20191006T1000,29.5562,0.0,69.0,1011.2,5.5887027,6.8399997
20191006T1100,30.2062,0.0,65.0,1010.7,6.792466,7.2
20191006T1200,30.5662,0.0,63.0,1010.3,7.8954163,7.5599995
20191006T1300,30.7262,0.0,62.0,1009.4,9.290511,8.28
20191006T1400,30.5562,0.0,62.0,1008.8,10.1887,9.0
20191006T1500,30.0262,0.0,65.0,1008.2,11.183201,10.08
20191006T1600,29.3762,0.0,69.0,1008.6,11.4862,10.08
20191006T1700,28.1362,0.0,78.0,1008.4,17.76081,17.28
20191006T1800,27.4462,0.0,81.0,1009.1,16.279802,18.359999
20191006T1900,27.1562,0.0,83.0,1009.8,15.256526,17.64
20191006T2000,27.0162,0.0,84.0,1010.5,14.707222,19.08
20191006T2100,26.9062,0.0,85.0,1011.2,13.854155,13.32
20191006T2200,26.7962,0.0,86.0,1011.2,13.363711,12.959999
20191006T2300,26.6862,0.0,87.0,1011.1,13.217443,9.36
20191007T0000,26.5862,0.0,88.0,1010.9,13.217443,9.36
20191007T0100,26.4362,0.0,88.0,1010.2,12.24,8.64
20191007T0200,26.4162,0.0,89.0,1009.7,10.966713,8.64
20191007T0300,26.4762,0.0,89.0,1009.3,10.587917,6.8399997
20191007T0400,26.6062,0.0,88.0,1010.0,10.239453,11.5199995
20191007T0500,26.6362,0.0,87.0,1010.6,9.0,6.4799995
20191007T0600,26.7562,0.0,87.0,1011.0,10.308831,10.799999
20191007T0700,27.4162,0.0,80.0,1011.7,12.413476,10.08
20191007T0800,28.1262,0.0,77.0,1012.1,11.966954,9.36
20191007T0900,29.0462,0.0,72.0,1012.3,11.440978,10.08
20191007T1000,29.8362,0.0,69.0,1011.4,10.086427,9.72
20191007T1100,30.5662,0.0,65.0,1010.7,9.255571,9.36
20191007T1200,30.9562,0.0,63.0,1010.2,9.693296,10.08
20191007T1300,31.0362,0.0,62.0,1009.0,11.966954,10.440001
20191007T1400,30.596199,0.0,65.0,1008.3,13.755579,13.32
20191007T1500,30.0262,0.0,69.0,1007.7,14.003028,12.959999
20191007T1600,29.3062,0.0,72.0,1008.3,13.755579,12.599999
20191007T1700,28.6462,0.0,77.0,1008.6,14.372974,12.599999
20191007T1800,27.846199,0.0,80.0,1009.3,13.905509,11.879999
20191007T1900,27.4662,0.0,83.0,1010.0,12.904882,15.4800005
20191007T2000,27.2662,0.0,84.0,1010.5,12.397806,9.72
20191007T2100,27.1562,0.0,85.0,1011.1,12.397806,10.08
20191007T2200,27.0062,0.0,85.0,1010.9,11.91812,10.08
20191007T2300,26.7962,0.0,86.0,1010.8,11.770403,9.0
20191008T0000,26.6262,0.0,87.0,1010.6,11.631956,9.36
20191008T0100,26.4662,0.0,88.0,1010.0,11.27553,9.0
20191008T0200,26.2962,0.0,90.0,1009.6,10.1376915,7.92
20191008T0300,26.2162,0.0,91.0,1009.2,9.0645685,7.2
20191008T0400,26.2262,0.0,91.0,1009.8,9.227524,6.8399997
20191008T0500,26.2362,0.0,92.0,1010.4,8.0899935,5.7599998
20191008T0600,26.4562,0.0,91.0,1010.8,7.2,6.12
20191008T0700,26.7162,0.0,85.0,1011.4,8.049845,7.92
20191008T0800,27.5562,0.0,82.0,1011.7,6.0347,6.12
20191008T0900,28.3762,0.0,77.0,1011.8,5.771239,5.7599998
20191008T1000,29.096199,0.0,74.0,1011.0,5.937272,5.7599998
20191008T1100,29.9362,0.0,70.0,1010.4,7.2,6.8399997
20191008T1200,30.3762,0.0,67.0,1009.8,9.422101,9.72
20191008T1300,30.4562,0.0,67.0,1008.8,11.200571,11.159999
20191008T1400,30.346199,0.0,68.0,1008.1,12.229406,11.879999
20191008T1500,29.9162,0.0,69.0,1007.6,12.768586,12.24
20191008T1600,29.3362,0.0,72.0,1008.2,13.104198,12.24
20191008T1700,28.6862,0.0,78.0,1008.2,15.646544,12.959999
20191008T1800,28.0062,0.0,81.0,1009.0,14.372974,14.759999
20191008T1900,27.7162,0.0,83.0,1009.8,13.1041975,12.959999
20191008T2000,27.4962,0.0,85.0,1010.3,12.522619,16.199999
20191008T2100,27.3262,0.0,86.0,1010.8,12.413476,12.599999
20191008T2200,27.1362,0.0,88.0,1010.7,11.966954,7.5599995
20191008T2300,26.9562,0.0,89.0,1010.5,12.661564,8.64
20191009T0000,26.8162,0.0,90.0,1010.4,12.313893,7.92
20191009T0100,26.846199,0.2,91.0,1009.9,8.699793,6.8399997
20191009T0200,26.9862,0.6,88.0,1009.4,9.0,6.12
20191009T0300,26.7762,0.0,83.0,1009.0,8.707238,6.8399997
20191009T0400,26.6362,0.0,82.0,1009.7,8.707238,6.8399997
20191009T0500,26.4162,0.0,85.0,1010.3,8.12197,8.28
20191009T0600,26.3562,0.0,86.0,1010.8,8.209263,10.08
20191009T0700,27.2362,0.0,81.0,1011.4,8.209263,8.64
20191009T0800,28.0862,0.0,77.0,1011.4,7.6367526,6.12
20191009T0900,28.9662,0.0,74.0,1011.3,7.9526596,6.4799995
20191009T1000,29.7262,0.0,70.0,1010.4,9.449572,7.5599995
20191009T1100,30.3062,0.0,67.0,1009.8,10.630672,10.08
20191009T1200,30.5662,0.0,66.0,1009.3,12.287555,10.799999
20191009T1300,30.5062,0.0,67.0,1008.3,14.277983,11.879999
20191009T1400,30.1662,0.0,68.0,1007.7,15.379206,12.599999
20191009T1500,29.7562,0.0,71.0,1007.1,15.629971,12.599999
20191009T1600,29.1662,0.0,75.0,1007.6,15.463246,14.04
20191009T1700,28.4962,0.0,77.0,1007.9,18.35647,18.0
20191009T1800,27.7262,0.0,80.0,1008.6,17.163355,19.44
20191009T1900,27.3962,0.0,82.0,1009.7,16.343367,18.0
20191009T2000,27.1662,0.0,84.0,1010.3,15.273505,17.28
20191009T2100,27.0062,0.0,86.0,1011.0,14.345898,18.72
20191009T2200,26.8962,0.0,87.0,1010.7,14.458382,10.799999
20191009T2300,26.8062,0.0,87.0,1010.4,14.145756,10.799999
20191010T0000,26.6662,0.0,88.0,1010.3,13.979871,13.32
20191010T0100,26.5262,0.0,88.0,1009.7,14.05845,13.32
20191010T0200,26.3762,0.0,89.0,1009.1,13.797912,11.159999
20191010T0300,26.1962,0.0,91.0,1008.7,13.039754,10.799999
20191010T0400,26.2062,0.0,91.0,1009.3,12.313893,10.08
20191010T0500,26.5762,0.3,88.0,1010.1,12.783802,10.440001
20191010T0600,26.5862,0.0,87.0,1010.7,12.964998,11.159999
20191010T0700,26.9362,0.0,82.0,1011.4,14.830076,12.599999
20191010T0800,28.1462,0.0,77.0,1011.5,14.830076,12.959999
20191010T0900,29.0862,0.0,73.0,1011.5,15.4800005,12.959999
20191010T1000,29.7962,0.0,71.0,1010.9,15.629972,12.959999
20191010T1100,30.2662,0.0,69.0,1010.3,14.934577,12.24
20191010T1200,30.676199,0.0,66.0,1009.9,14.578888,11.159999
20191010T1300,30.7462,0.0,66.0,1009.1,13.854155,10.799999
20191010T1400,30.6062,0.0,67.0,1008.5,14.336861,10.799999
20191010T1500,30.0662,0.0,70.0,1008.1,14.8257065,10.440001
20191010T1600,29.3762,0.0,73.0,1008.5,15.496736,12.959999
20191010T1700,28.4362,0.0,75.0,1008.6,16.981165,18.359999
20191010T1800,27.7862,0.0,78.0,1009.3,15.827721,19.08
20191010T1900,27.4762,0.0,81.0,1010.3,15.281989,19.8
20191010T2000,27.2562,0.0,82.0,1010.8,14.494192,14.04
20191010T2100,27.0562,0.0,84.0,1011.3,13.276144,12.599999
20191010T2200,26.8162,0.0,85.0,1011.0,12.144331,11.159999
20191010T2300,26.5462,0.0,87.0,1010.7,11.659777,10.440001
20191011T0000,26.3762,0.0,88.0,1010.5,11.609651,10.440001
20191011T0100,26.1962,0.0,89.0,1010.0,10.823973,10.08
20191011T0200,26.0262,0.0,90.0,1009.6,10.08,9.36
20191011T0300,25.8562,0.0,90.0,1009.2,9.3669195,9.0
20191011T0400,25.7762,0.0,90.0,1009.8,8.669949,12.599999
20191011T0500,25.6862,0.0,90.0,1010.3,7.69592,7.5599995
20191011T0600,25.9062,0.0,91.0,1010.7,8.473393,8.64
20191011T0700,27.1362,0.0,85.0,1011.5,8.905908,6.12
20191011T0800,27.8062,0.0,79.0,1011.8,8.12197,6.12
20191011T0900,28.7762,0.0,75.0,1012.0,7.5942073,6.4799995
20191011T1000,29.676199,0.0,70.0,1011.3,9.028754,7.92
20191011T1100,30.2862,0.0,66.0,1010.5,11.384198,11.159999
20191011T1200,30.5062,0.0,65.0,1010.1,12.031756,11.159999
20191011T1300,30.6162,0.0,65.0,1009.1,12.984975,11.5199995
20191011T1400,30.3962,0.0,67.0,1008.5,13.755579,11.879999
20191011T1500,29.8962,0.0,69.0,1008.0,14.05845,12.24
20191011T1600,29.3062,0.0,72.0,1008.3,13.896187,12.959999
20191011T1700,28.7862,0.0,75.0,1008.4,14.186923,13.32
20191011T1800,28.1862,0.0,78.0,1008.8,12.979984,13.32
20191011T1900,27.8862,0.0,80.0,1009.6,12.287555,11.879999
20191011T2000,27.6662,0.0,82.0,1010.2,11.609651,10.799999
20191011T2100,27.5362,0.0,83.0,1010.7,10.495713,9.72
20191011T2200,27.4062,0.0,84.0,1010.4,9.504272,8.28
20191011T2300,27.2662,0.0,84.0,1010.8,14.57889,9.36
20191012T0000,27.3562,0.0,80.0,1010.4,13.37825,16.56
20191012T0100,27.0862,0.0,80.0,1009.7,11.113451,8.28
20191012T0200,27.0862,0.0,80.0,1009.1,8.287822,5.3999996
20191012T0300,27.1262,0.0,79.0,1008.7,7.42159,4.32
20191012T0400,27.1162,0.0,79.0,1009.4,8.4963045,7.2
20191012T0500,27.1162,0.0,79.0,1010.0,7.7879906,6.12
20191012T0600,26.9562,0.0,83.0,1010.5,5.95906,3.96
20191012T0700,27.926199,0.0,81.0,1011.2,5.6920996,5.3999996
20191012T0800,28.5362,0.0,73.0,1012.0,5.4119864,5.3999996
20191012T0900,29.426199,0.0,70.0,1012.2,7.2,9.36
20191012T1000,30.1362,0.0,67.0,1011.6,7.928177,8.64
20191012T1100,30.5362,0.0,65.0,1011.2,8.39657,8.64
20191012T1200,30.7162,0.0,64.0,1010.9,8.854829,8.28
20191012T1300,30.8062,0.0,64.0,1009.7,10.163227,9.72
20191012T1400,30.6062,0.0,65.0,1009.0,11.27553,11.879999
20191012T1500,30.1162,0.0,67.0,1008.4,11.720751,11.879999
20191012T1600,29.4462,0.0,70.0,1008.7,11.570515,12.24
20191012T1700,28.8962,0.0,74.0,1008.8,10.195057,10.799999
20191012T1800,28.2762,0.0,78.0,1009.3,8.161764,9.72
20191012T1900,27.9862,0.0,80.0,1010.3,7.42159,7.92
20191012T2000,27.846199,0.0,80.0,1011.0,7.289445,7.5599995
20191012T2100,27.8162,0.0,80.0,1011.7,7.24486,7.5599995
20191012T2200,27.8362,0.0,80.0,1011.5,6.9527545,7.2
20191012T2300,27.7962,0.0,80.0,1011.3,7.10031,6.12
20191013T0000,27.6362,0.0,80.0,1011.0,8.39657,6.4799995
20191013T0100,27.5762,0.0,79.0,1010.4,7.24486,5.7599998
20191013T0200,27.426199,0.0,79.0,1010.0,6.989936,5.7599998
20191013T0300,27.1962,0.0,80.0,1009.6,5.991594,5.04
20191013T0400,27.096199,0.0,80.0,1010.1,4.510787,4.68
20191013T0500,27.0362,0.0,80.0,1010.6,3.7064266,4.32
20191013T0600,26.8162,0.0,84.0,1011.1,1.484318,3.6
20191013T0700,27.5562,0.0,84.0,1011.7,0.8049845,3.96
20191013T0800,28.7562,0.0,74.0,1012.1,1.609969,3.96
20191013T0900,29.596199,0.0,70.0,1012.3,3.2599385,5.7599998
20191013T1000,30.3262,0.0,67.0,1011.5,5.0911684,7.5599995
20191013T1100,30.7962,0.0,65.0,1010.8,7.8625183,9.72
20191013T1200,30.9662,0.0,64.0,1010.2,10.137692,11.159999
20191013T1300,30.9462,0.0,66.0,1009.2,11.966954,11.879999
20191013T1400,30.5862,0.0,68.0,1008.6,13.1041975,12.959999
20191013T1500,30.0562,0.0,70.0,1008.0,13.797913,13.679999
20191013T1600,29.4462,0.0,73.0,1008.5,13.708391,13.679999
20191013T1700,29.0362,0.0,74.0,1009.3,8.669949,9.0
20191013T1800,28.426199,0.0,77.0,1010.0,7.42159,8.28
20191013T1900,28.1362,0.0,80.0,1011.0,6.9527545,8.28
20191013T2000,27.9762,0.0,81.0,1011.5,7.289444,7.2
20191013T2100,27.926199,0.0,81.0,1012.0,7.628263,6.12
20191013T2200,27.8862,0.0,81.0,1011.8,7.968939,6.12
20191013T2300,27.8262,0.0,80.0,1011.7,8.4042845,6.8399997
20180930T0000,28.3562,0.0,76.0,1009.6,9.007196,9.36
20180930T0100,28.2062,0.0,75.0,1009.0,8.287822,8.64
20180930T0200,28.0462,0.0,75.0,1008.6,7.208994,7.5599995
20180930T0300,27.8962,0.0,76.0,1008.3,5.771239,6.4799995
20180930T0400,27.8162,0.0,76.0,1008.5,4.3349743,5.7599998
20180930T0500,27.6862,0.0,77.0,1008.8,2.8799999,5.04
20180930T0600,27.6862,0.0,77.0,1009.1,1.5273507,5.3999996
20180930T0700,28.4562,0.0,73.0,1009.9,2.5455842,5.7599998
20180930T0800,29.596199,0.0,68.0,1010.2,4.198285,8.28
20180930T0900,30.6562,0.0,64.0,1010.4,6.830519,10.799999
20180930T1000,31.4662,0.0,61.0,1009.8,9.255571,12.599999
20180930T1100,31.9562,0.0,60.0,1009.2,11.304229,13.679999
20180930T1200,32.2262,0.0,59.0,1008.9,12.371645,14.4
20180930T1300,32.296204,0.0,60.0,1007.9,13.75558,15.4800005
20180930T1400,31.9862,0.0,61.0,1007.2,14.440443,15.4800005
20180930T1500,31.4762,0.0,63.0,1006.6,14.404499,15.84
20180930T1600,30.846199,0.0,66.0,1006.8,14.4,15.4800005
20180930T1700,30.1662,0.0,69.0,1007.2,14.417988,16.199999
20180930T1800,29.5262,0.0,72.0,1007.6,12.959999,14.759999
20180930T1900,29.3362,0.0,74.0,1008.5,11.609651,13.32
20180930T2000,29.1462,0.0,75.0,1009.1,9.6932955,11.879999
20180930T2100,28.9662,0.0,76.0,1009.6,8.557102,10.799999
20180930T2200,28.7862,0.0,77.0,1009.7,7.729527,9.72
20180930T2300,28.6262,0.0,77.0,1009.8,7.4128532,8.28
20181001T0000,28.5162,0.0,78.0,1009.8,7.4128532,7.92
20181001T0100,28.3562,0.0,79.0,1009.2,7.7879906,7.92
20181001T0200,28.3162,0.0,78.0,1008.7,9.220499,9.36
20181001T0300,27.8662,0.0,78.0,1008.5,9.422101,10.440001
20181001T0400,27.596199,0.0,77.0,1008.9,9.1641035,9.0
20181001T0500,27.3662,0.0,77.0,1009.4,5.8048253,7.2
20181001T0600,27.3762,0.0,77.0,1009.6,2.968636,5.04
20181001T0700,28.2162,0.0,74.0,1010.4,1.8,3.6
20181001T0800,29.4062,0.0,68.0,1010.8,1.0182338,3.2399998
20181001T0900,30.6662,0.0,62.0,1011.0,4.0249224,6.4799995
20181001T1000,31.7162,0.0,58.0,1010.5,7.6367526,9.36
20181001T1100,32.2162,0.0,57.0,1009.9,10.8955765,11.5199995
20181001T1200,32.436203,0.0,57.0,1009.5,13.084402,12.959999
20181001T1300,32.326202,0.0,57.0,1008.5,13.75558,13.32
20181001T1400,32.046204,0.0,58.0,1007.9,14.081478,13.32
20181001T1500,31.5262,0.0,60.0,1007.3,14.417988,14.04
20181001T1600,30.8162,0.0,63.0,1007.5,14.764389,14.759999
20181001T1700,29.9562,0.0,68.0,1007.9,13.70839,14.04
20181001T1800,29.3662,0.0,70.0,1008.3,12.904882,12.959999
20181001T1900,29.1262,0.0,72.0,1009.0,12.10157,12.959999
20181001T2000,28.8962,0.0,73.0,1009.6,11.4862,12.599999
20181001T2100,28.7062,0.0,74.0,1010.2,10.883676,11.5199995
20181001T2200,28.5462,0.0,75.0,1010.4,10.1887,10.799999
20181001T2300,28.3362,0.0,75.0,1010.4,10.1887,10.799999
20181002T0000,28.2862,0.0,75.0,1010.4,10.1887,11.159999
20181002T0100,28.1662,0.0,74.0,1009.8,9.511088,11.159999
20181002T0200,28.0862,0.0,74.0,1009.4,8.534353,10.799999
20181002T0300,27.9962,0.0,74.0,1009.1,7.24486,9.72
20181002T0400,27.9562,0.0,74.0,1009.3,5.815978,8.28
20181002T0500,27.9162,0.0,74.0,1009.7,4.379589,5.7599998
20181002T0600,27.9362,0.0,75.0,1010.0,3.671294,5.7599998
20181002T0700,28.6962,0.0,71.0,1010.8,4.39436,6.8399997
20181002T0800,29.5562,0.0,68.0,1011.2,6.4096174,8.64
20181002T0900,30.1662,0.0,66.0,1011.6,8.707237,10.08
20181002T1000,31.0762,0.0,62.0,1011.4,10.966713,12.599999
20181002T1100,31.5262,0.0,61.0,1010.9,13.5515,14.759999
20181002T1200,31.6862,0.0,61.0,1010.6,15.192682,15.84
20181002T1300,31.6362,0.0,62.0,1009.5,16.039202,16.56
20181002T1400,31.4162,0.0,63.0,1008.8,15.876775,16.199999
20181002T1500,31.0262,0.0,65.0,1008.2,15.84409,15.84
20181002T1600,30.4462,0.0,67.0,1008.4,15.4800005,15.4800005
20181002T1700,30.0162,0.0,69.0,1008.9,13.797912,15.119999
20181002T1800,29.3562,0.0,72.0,1009.1,12.682018,14.4
20181002T1900,29.1162,0.0,74.0,1009.7,11.570515,13.679999
20181002T2000,28.9062,0.0,75.0,1010.1,10.853866,13.32
20181002T2100,28.7162,0.0,77.0,1010.5,10.495713,12.24
20181002T2200,28.5662,0.0,77.0,1010.5,9.746631,11.879999
20181002T2300,28.4362,0.0,77.0,1010.4,9.3876505,10.799999
20181003T0000,28.346199,0.0,76.0,1010.3,9.028754,10.08
20181003T0100,28.2562,0.0,75.0,1009.7,9.3876505,10.799999
20181003T0200,28.096199,0.0,75.0,1009.0,9.36,10.799999
20181003T0300,27.9562,0.0,76.0,1008.6,8.669949,10.799999
20181003T0400,27.8962,0.0,76.0,1008.9,8.4042845,10.440001
20181003T0500,27.8562,0.0,75.0,1009.3,7.8625183,10.08
20181003T0600,28.0662,0.0,75.0,1009.7,7.42159,10.440001
20181003T0700,28.5862,0.3,72.0,1010.4,9.178235,12.599999
20181003T0800,29.0862,0.3,69.0,1011.0,10.464797,13.679999
20181003T0900,29.4662,0.3,68.0,1011.4,11.770403,14.759999
20181003T1000,29.7162,0.3,67.0,1011.1,12.57426,15.4800005
20181003T1100,29.8262,0.3,67.0,1010.7,13.37825,15.84
20181003T1200,29.8762,0.3,68.0,1010.3,14.003029,16.199999
20181003T1300,29.6662,0.4,69.0,1009.2,14.759999,16.56
20181003T1400,29.5862,0.4,69.0,1008.6,15.273505,16.199999
20181003T1500,29.5262,0.5,69.0,1008.0,14.764389,15.4800005
20181003T1600,29.5662,0.3,69.0,1008.1,14.471821,14.759999
20181003T1700,30.2162,0.0,66.0,1007.9,16.78156,18.72
20181003T1800,29.7162,0.0,68.0,1008.1,15.978484,18.359999
20181003T1900,29.5062,0.0,69.0,1008.8,15.379206,18.0
20181003T2000,29.346199,0.0,69.0,1009.4,15.379206,18.359999
20181003T2100,29.1062,0.0,70.0,1009.9,14.84318,17.64
20181003T2200,29.0162,0.0,70.0,1010.0,14.618837,16.919998
20181003T2300,28.8762,0.0,70.0,1010.0,14.799459,16.919998
20181004T0000,28.8262,0.1,70.0,1010.0,14.404499,16.919998
20181004T0100,28.4962,0.0,71.0,1009.5,12.959999,15.4800005
20181004T0200,28.2062,0.0,73.0,1009.0,12.24,15.119999
20181004T0300,27.9662,0.0,74.0,1008.6,12.599999,15.119999
20181004T0400,27.8662,0.0,74.0,1008.9,12.599999,15.4800005
20181004T0500,27.8262,0.0,74.0,1009.4,10.805999,13.32
20181004T0600,28.1362,0.0,73.0,1009.8,10.538843,12.959999
20181004T0700,28.6562,0.4,70.0,1010.6,12.849528,15.4800005
20181004T0800,29.0862,0.3,69.0,1011.1,14.145756,16.56
20181004T0900,29.4062,0.2,67.0,1011.7,15.281989,18.359999
20181004T1000,29.6862,0.2,67.0,1011.3,16.171976,19.44
20181004T1100,29.7662,0.1,66.0,1010.9,16.516901,20.16
20181004T1200,30.2362,0.0,65.0,1010.5,16.327497,19.8
20181004T1300,29.8162,0.4,67.0,1009.6,16.24394,19.44
20181004T1400,29.4862,0.8,69.0,1009.2,15.542662,18.359999
20181004T1500,29.2362,1.1,70.0,1008.7,15.111424,17.64
20181004T1600,29.0062,1.4,72.0,1008.8,14.917212,16.919998
20181004T1700,26.7562,0.0,77.0,1009.1,23.598541,25.919998
20181004T1800,25.4062,0.0,81.0,1009.7,21.566973,27.359999
20181004T1900,24.2362,0.3,87.0,1010.4,13.527572,21.96
20181004T2000,24.1162,0.0,86.0,1010.5,8.28,12.959999
20181004T2100,24.0462,0.0,87.0,1010.8,4.6102495,7.92
20181004T2200,24.0362,0.0,88.0,1010.8,4.1046314,4.32
20181004T2300,24.0662,0.0,89.0,1010.8,3.219938,5.04
20181005T0000,24.0862,0.0,90.0,1011.0,3.319036,3.6
20181005T0100,23.9562,0.0,88.0,1010.4,6.924738,10.799999
20181005T0200,23.6362,0.1,89.0,1009.9,9.72,10.799999
20181005T0300,23.5062,3.3,90.0,1009.6,10.08,9.36
20181005T0400,23.3962,2.6,92.0,1010.0,9.746631,6.4799995
20181005T0500,23.2562,1.2,93.0,1010.5,7.628263,8.64
20181005T0600,23.426199,0.4,93.0,1010.7,8.14587,12.599999
20181005T0700,23.926199,0.0,91.0,1011.4,9.983106,14.759999
20181005T0800,24.8262,0.0,88.0,1012.1,10.239453,15.119999
20181005T0900,26.0062,0.0,85.0,1012.8,8.707238,15.4800005
20181005T1000,27.0662,0.0,82.0,1012.4,7.928177,14.759999
20181005T1100,27.7362,0.0,80.0,1011.8,10.086427,16.199999
20181005T1200,28.2162,0.0,77.0,1011.3,11.681987,16.919998
20181005T1300,28.5762,0.2,76.0,1010.3,12.768586,16.199999
20181005T1400,27.6862,0.7,80.0,1009.7,13.276144,15.84
20181005T1500,27.596199,0.9,80.0,1009.2,14.113652,16.56
20181005T1600,27.6462,1.0,80.0,1009.3,13.979872,16.56
20181005T1700,25.1962,1.2,92.0,1009.9,7.42159,6.4799995
20181005T1800,24.9562,0.0,92.0,1009.8,7.2805495,4.32
20181005T1900,24.7462,0.0,91.0,1010.0,7.2,6.4799995
20181005T2000,24.5362,0.0,89.0,1010.5,6.638072,9.0
20181005T2100,24.2062,0.0,88.0,1010.9,7.6367526,9.72
20181005T2200,23.7262,0.0,87.0,1011.0,8.714677,10.440001
20181005T2300,23.3262,0.0,87.0,1010.9,8.714677,11.879999
20181006T0000,23.1162,0.0,86.0,1010.8,8.209263,11.159999
20181006T0100,22.9062,0.0,89.0,1010.1,7.8954163,11.5199995
20181006T0200,22.7962,0.0,91.0,1009.5,7.7043357,11.879999
20181006T0300,22.7962,0.0,92.0,1009.0,7.24486,12.599999
20181006T0400,22.9862,0.0,93.0,1009.2,7.342588,14.759999
20181006T0500,23.0462,0.0,94.0,1009.6,8.049845,11.879999
20181006T0600,23.3162,0.0,93.0,1009.9,9.114471,12.599999
20181006T0700,25.5662,0.0,87.0,1010.7,9.007196,12.959999
20181006T0800,28.1662,0.0,79.0,1011.2,12.413477,16.56
20181006T0900,28.596199,0.2,74.0,1011.8,14.003028,17.28
20181006T1000,29.4762,0.1,71.0,1011.4,14.76439,16.919998
20181006T1100,29.0462,0.3,72.0,1011.0,15.273505,16.56
20181006T1200,29.1862,0.1,71.0,1010.6,15.782622,16.56
20181006T1300,29.6062,0.0,71.0,1009.7,16.548256,16.199999
20181006T1400,28.6862,0.0,74.0,1009.1,16.563911,16.199999
20181006T1500,28.3062,0.0,75.0,1008.5,16.08761,15.84
20181006T1600,28.2462,0.0,75.0,1008.7,15.546833,15.84
20181006T1700,28.7862,0.0,74.0,1008.6,13.661038,15.84
20181006T1800,28.3562,0.0,76.0,1008.8,12.0694,14.4
20181006T1900,28.2662,0.0,74.0,1009.7,11.27553,13.32
20181006T2000,28.0762,0.0,74.0,1010.1,10.137692,12.599999
20181006T2100,27.8562,0.0,76.0,1010.4,8.654986,11.879999
20181006T2200,27.6562,0.0,77.0,1010.3,7.289444,10.440001
20181006T2300,27.4962,0.0,78.0,1010.0,5.95906,9.0
20181007T0000,27.3962,0.0,79.0,1009.9,5.3999996,8.28
20181007T0100,27.2062,0.0,80.0,1009.2,5.1165614,8.28
20181007T0200,26.9662,0.0,80.0,1008.7,5.315336,8.28
20181007T0300,26.6462,0.0,82.0,1008.3,6.0347,8.64
20181007T0400,26.346199,0.0,83.0,1008.6,6.5693827,9.72
20181007T0500,26.0062,0.0,85.0,1009.0,7.92,10.799999
20181007T0600,25.9762,0.0,86.0,1009.4,9.3876505,11.5199995
20181007T0700,27.6562,0.0,79.0,1010.1,10.446206,12.599999
20181007T0800,28.8662,0.0,71.0,1010.5,12.605142,14.759999
20181007T0900,29.9862,0.0,66.0,1010.7,13.441071,15.4800005
20181007T1000,30.9862,0.0,61.0,1010.4,15.379206,16.199999
20181007T1100,31.6662,0.0,57.0,1009.9,16.92383,16.56
20181007T1200,31.9462,0.0,56.0,1009.4,18.58451,18.359999
20181007T1300,31.7762,0.0,57.0,1008.5,20.018072,19.44
20181007T1400,31.5262,0.0,57.0,1007.9,20.65848,20.519999
20181007T1500,31.1362,0.0,58.0,1007.4,20.65848,21.24
20181007T1600,30.5762,0.0,62.0,1007.6,20.188908,20.880001
20181007T1700,29.8762,0.0,66.0,1007.8,18.59845,19.44
20181007T1800,29.3562,0.0,68.0,1008.1,16.548256,16.56
20181007T1900,29.1662,0.0,70.0,1008.8,15.530151,15.4800005
20181007T2000,28.9362,0.0,72.0,1009.2,15.281989,15.4800005
20181007T2100,28.6862,0.0,73.0,1009.7,15.30741,15.119999
20181007T2200,28.4562,0.0,74.0,1009.7,14.264361,14.04
20181007T2300,28.2262,0.0,76.0,1009.6,13.237038,12.959999
20181008T0000,28.0162,0.0,77.0,1009.5,11.988594,11.5199995
20181008T0100,27.7662,0.0,78.0,1008.7,10.805998,10.08
20181008T0200,27.4762,0.0,79.0,1008.1,9.793058,9.36
20181008T0300,27.1262,0.0,81.0,1007.7,9.746631,9.0
20181008T0400,26.8362,0.0,83.0,1007.9,9.36,9.0
20181008T0500,26.6162,0.0,84.0,1008.2,9.47012,9.36
20181008T0600,26.5662,0.4,85.0,1008.5,9.605998,9.0
20181008T0700,27.9762,0.2,80.0,1009.2,9.885262,9.36
20181008T0800,28.6362,0.5,77.0,1009.5,11.542478,11.879999
20181008T0900,28.8262,1.8,76.0,1009.9,12.661564,13.679999
20181008T1000,28.9762,1.8,74.0,1009.5,12.641076,14.04
20181008T1100,29.0262,1.9,74.0,1009.0,12.074766,14.04
20181008T1200,29.0562,1.8,74.0,1008.6,11.384198,13.32
20181008T1300,29.1162,1.8,74.0,1007.7,10.948973,12.599999
20181008T1400,29.0862,1.8,74.0,1007.1,11.246759,12.24
20181008T1500,28.8962,1.9,75.0,1006.6,11.753876,12.959999
20181008T1600,28.6262,1.9,77.0,1006.9,12.218805,13.32
20181008T1700,28.9062,0.4,74.0,1006.5,20.774214,20.16
20181008T1800,28.3562,0.0,77.0,1006.9,18.892282,18.72
20181008T1900,28.0262,0.0,79.0,1007.5,17.873556,18.0
20181008T2000,27.8062,0.0,80.0,1008.0,16.279802,17.28
20181008T2100,27.6862,0.0,80.0,1008.3,14.689588,15.84
20181008T2200,27.5462,0.0,81.0,1008.2,12.979984,14.759999
20181008T2300,27.3962,0.0,81.0,1008.1,10.805998,14.04
20181009T0000,27.2662,0.0,82.0,1007.9,9.107359,13.679999
20181009T0100,26.846199,0.0,84.0,1007.2,8.669949,11.5199995
20181009T0200,26.2462,0.0,87.0,1006.8,9.028754,12.24
20181009T0300,25.6662,0.0,90.0,1006.4,9.531505,14.04
20181009T0400,25.2062,0.0,92.0,1006.8,9.107359,16.919998
20181009T0500,24.6862,0.0,93.0,1007.2,9.511088,14.759999
20181009T0600,24.2962,0.0,94.0,1007.6,9.686609,16.919998
20181009T0700,26.426199,0.0,85.0,1008.3,9.387651,21.599998
20181009T0800,28.676199,0.0,77.0,1008.7,12.324414,23.4
20181009T0900,29.846199,0.0,70.0,1009.1,15.542662,24.84
20181009T1000,30.8062,0.0,65.0,1008.8,17.727943,26.64
20181009T1100,31.4162,0.0,63.0,1008.3,19.386593,27.359999
20181009T1200,31.7262,0.0,61.0,1008.0,20.00512,27.359999
20181009T1300,31.8762,0.0,59.0,1006.9,20.447239,24.84
20181009T1400,31.7162,0.0,59.0,1006.2,20.94507,26.64
20181009T1500,31.3162,0.0,60.0,1005.7,19.694992,25.199999
20181009T1600,30.7862,0.0,60.0,1005.9,17.414474,23.039999
20181009T1700,30.6362,0.0,62.0,1005.7,14.277983,19.8
20181009T1800,29.8062,0.0,66.0,1006.0,10.495713,16.199999
20181009T1900,29.4362,0.0,68.0,1006.6,6.9247384,14.759999
20181009T2000,29.1162,0.0,70.0,1007.1,3.096837,10.799999
20181009T2100,28.8362,0.0,74.0,1007.6,0.5091169,9.0
20181009T2200,28.5162,0.0,74.0,1007.6,2.4149535,2.52
20181009T2300,28.096199,0.0,76.0,1007.5,5.3517847,3.96
20181010T0000,27.5262,0.0,78.0,1007.4,7.653705,2.16
20181010T0100,26.7362,0.0,81.0,1006.7,10.00256,5.7599998
20181010T0200,25.9162,0.0,85.0,1006.3,11.770403,9.72
20181010T0300,25.6662,0.0,86.0,1005.9,13.779114,12.599999
20181010T0400,25.3962,0.0,87.0,1006.3,15.175612,14.759999
20181010T0500,25.1662,0.0,86.0,1006.8,15.042659,18.359999
20181010T0600,25.3862,0.0,83.0,1007.2,15.175612,14.759999
20181010T0700,27.6062,0.0,71.0,1008.0,16.311613,16.919998
20181010T0800,30.1862,0.0,60.0,1008.3,17.727943,21.24
20181010T0900,32.456203,0.0,50.0,1008.5,17.25373,22.319998
20181010T1000,33.9962,0.0,43.0,1007.9,13.1041975,23.759998
20181010T1100,34.9262,0.0,37.0,1007.2,8.825508,19.8
20181010T1200,35.666203,0.0,34.0,1006.5,5.495161,15.119999
20181010T1300,36.026203,0.0,33.0,1005.3,1.4399999,12.24
20181010T1400,36.056202,0.0,34.0,1004.4,5.04,12.959999
20181010T1500,35.4662,0.0,37.0,1003.9,9.0,10.440001
20181010T1600,34.276203,0.0,43.0,1004.4,13.104198,21.96
20181010T1700,32.486202,0.0,50.0,1003.7,12.904882,13.679999
20181010T1800,31.0362,0.0,59.0,1004.2,13.281023,12.959999
20181010T1900,30.2862,0.0,66.0,1004.9,15.39184,12.599999
20181010T2000,29.6362,0.0,71.0,1005.5,18.0,19.8
20181010T2100,28.9362,0.0,79.0,1006.2,18.775301,24.119999
20181010T2200,28.6362,0.0,80.0,1006.5,18.175545,21.599998
20181010T2300,28.4562,0.0,80.0,1006.4,18.584509,18.359999
20181011T0000,28.3862,0.0,84.0,1006.3,19.652176,21.96
20181011T0100,28.1362,0.0,86.0,1005.4,20.176065,21.24
20181011T0200,27.4962,0.0,83.0,1004.8,19.022177,22.319998
20181011T0300,26.8562,0.0,82.0,1004.5,17.148247,21.24
20181011T0400,26.3262,0.0,82.0,1004.9,15.021105,20.16
20181011T0500,25.8362,0.0,83.0,1005.4,13.392774,21.599998
20181011T0600,25.5762,0.0,84.0,1005.7,12.682018,19.08
20181011T0700,27.6662,0.0,71.0,1006.4,12.096214,18.0
20181011T0800,30.6862,0.0,57.0,1006.8,11.183201,17.28
20181011T0900,33.8862,0.0,42.0,1007.1,9.83268,16.56
20181011T1000,35.8862,0.0,33.0,1006.5,7.5942082,14.4
20181011T1100,37.0662,0.0,27.0,1005.9,4.3498964,5.7599998
20181011T1200,37.826202,0.0,26.0,1005.2,2.7416782,9.36
20181011T1300,37.6062,0.0,29.0,1004.2,8.759178,9.36
20181011T1400,36.0362,0.0,41.0,1003.8,20.192118,17.64
20181011T1500,33.806202,0.0,57.0,1003.6,27.887802,25.919998
20181011T1600,32.1762,0.0,65.0,1004.1,30.0767,27.0
20181011T1700,31.5362,0.0,64.0,1004.2,25.812277,24.48
20181011T1800,29.8762,0.0,74.0,1004.7,27.551172,26.28
20181011T1900,29.2962,0.0,77.0,1005.7,28.835976,26.64
20181011T2000,28.8762,0.0,79.0,1006.3,28.442278,24.48
20181011T2100,28.596199,0.0,80.0,1006.8,28.835976,24.119999
20181011T2200,28.2562,0.0,82.0,1006.8,29.427662,24.119999
20181011T2300,28.2162,0.0,77.0,1006.8,30.659237,24.119999
20181012T0000,27.7762,0.0,78.0,1006.9,29.215502,26.28
20181012T0100,27.2062,0.0,80.0,1006.3,27.553524,24.84
20181012T0200,26.8162,0.0,79.0,1006.1,25.992397,23.4
20181012T0300,26.3762,0.0,80.0,1006.2,23.363974,21.24
20181012T0400,26.0062,0.0,83.0,1006.8,22.782625,25.56
20181012T0500,25.7062,0.0,86.0,1007.4,22.782625,31.319998
20181012T0600,25.676199,0.0,88.0,1007.8,23.363974,32.760002
20181012T0700,27.0862,0.0,82.0,1008.5,24.985659,26.64
20181012T0800,29.1162,0.0,71.0,1008.8,24.063513,25.199999
20181012T0900,31.5562,0.0,58.0,1009.0,19.61587,18.0
20181012T1000,33.736202,0.0,48.0,1008.5,11.4862,16.199999
20181012T1100,35.2662,0.0,42.0,1007.9,6.193674,11.159999
20181012T1200,36.116203,0.0,38.0,1007.3,4.32,6.12
20181012T1300,36.3762,0.0,36.0,1006.3,6.489992,3.6
20181012T1400,35.7862,0.0,39.0,1005.7,13.479583,6.4799995
20181012T1500,34.896202,0.0,48.0,1005.1,20.774214,14.759999
20181012T1600,32.9462,0.0,60.0,1005.5,25.14852,20.16
20181012T1700,30.0862,0.0,77.0,1006.6,25.14852,26.64
20181012T1800,29.2062,0.0,82.0,1007.1,23.006226,19.8
20181012T1900,28.9162,0.0,84.0,1007.8,22.206486,25.56
20181012T2000,28.7662,0.0,84.0,1008.3,21.915693,18.0
20181012T2100,28.6162,0.0,84.0,1008.8,21.2522,24.119999
20181012T2200,28.3762,0.0,85.0,1008.9,22.104116,23.039999
20181012T2300,28.2062,0.0,85.0,1008.9,23.411074,22.319998
20181013T0000,27.9862,0.0,84.0,1009.0,23.770906,28.08
20181013T0100,27.7762,0.0,85.0,1008.6,23.893261,25.919998
20181013T0200,27.5362,0.0,85.0,1008.4,25.582806,27.0
20181013T0300,27.2662,0.0,85.0,1008.2,22.79684,23.4
20181013T0400,27.0162,0.0,86.0,1008.7,20.858265,24.84
20181013T0500,26.7762,0.0,86.0,1009.3,20.056877,20.519999
20181013T0600,26.8662,0.0,84.0,1009.8,20.858265,25.919998
20181013T0700,27.8562,0.0,79.0,1010.5,23.006226,24.48
20181013T0800,28.9762,0.0,74.0,1011.1,23.683512,25.56
20181013T0900,30.596199,0.0,67.0,1011.5,22.963936,23.4
20181013T1000,32.0362,0.0,62.0,1011.1,22.104116,22.68
20181013T1100,33.0862,0.0,58.0,1010.4,23.051247,22.68
20181013T1200,33.576202,0.0,57.0,1010.0,23.73271,18.0
20181013T1300,33.1262,0.0,60.0,1008.9,24.884306,18.72
20181013T1400,32.276203,0.0,63.0,1008.4,25.233406,18.359999
20181013T1500,31.9062,0.0,66.0,1007.9,24.975283,22.319998
20181013T1600,31.1562,0.0,69.0,1008.2,25.620771,21.599998
20181013T1700,29.9462,0.0,71.0,1009.1,23.936617,23.4
20181013T1800,29.1162,0.0,76.0,1009.4,23.157824,22.68
20181013T1900,28.8362,0.0,79.0,1010.2,23.143827,23.039999
20181013T2000,28.6162,0.0,82.0,1010.7,23.688984,24.48
20181013T2100,28.3762,0.0,85.0,1011.1,24.627787,26.28
20181013T2200,28.3962,0.0,85.0,1011.1,24.858253,27.0
20181013T2300,28.2662,0.0,85.0,1011.0,25.006397,24.48