location,Delhi,Delhi,Delhi,Delhi,Delhi,Delhi
lat,28.69986,28.69986,28.69986,28.69986,28.69986,28.69986
lon,77.22596,77.22596,77.22596,77.22596,77.22596,77.22596
asl,203.800,203.800,203.800,203.800,203.800,203.800
variable,Temperature,Precipitation Total,Relative Humidity,Mean Sea Level Pressure,Wind Speed,Wind Gust
unit,Â°C,mm,%,hPa,km/h,km/h
level,2 m elevation corrected,sfc,2 m,MSL,10 m,sfc
resolution,hourly,hourly,hourly,hourly,hourly,hourly
aggregation,None,None,None,None,None,None
timestamp,Delhi Temperature [2 m elevation corrected],Delhi Precipitation Total,Delhi Relative Humidity [2 m],Delhi Mean Sea Level Pressure [MSL],Delhi Wind Speed [10 m],Delhi Wind Gust
20210930T0000,27.659199,0.0,73.0,1008.6,8.891343,15.4800005
20210930T0100,27.1992,0.0,75.0,1008.8,8.217153,15.4800005
20210930T0200,26.7792,0.0,77.0,1008.6,7.729527,14.759999
20210930T0300,26.409199,0.0,79.0,1008.4,7.24486,13.679999
20210930T0400,26.0992,0.0,81.0,1008.8,7.0911775,12.959999
20210930T0500,25.819199,0.0,83.0,1009.4,6.6185193,11.879999
20210930T0600,25.579199,0.0,84.0,1009.8,5.937272,10.440001
20210930T0700,26.6992,0.0,80.0,1010.2,5.6920996,9.0
20210930T0800,28.4392,0.0,74.0,1010.8,8.78872,9.0
20210930T0900,29.649199,0.0,67.0,1011.0,6.763786,7.5599995
20210930T1000,30.6892,0.0,62.0,1010.5,4.6800003,6.4799995
20210930T1100,31.6892,0.0,57.0,1009.8,3.8773184,5.04
20210930T1200,32.4592,0.0,54.0,1009.0,4.5536795,4.68
20210930T1300,33.089203,0.0,51.0,1008.4,4.6800003,4.68
20210930T1400,33.389202,0.0,50.0,1007.7,4.2136917,4.32
20210930T1500,33.3592,0.0,49.0,1007.1,3.7064266,3.96
20210930T1600,33.1492,0.0,50.0,1007.0,3.6,3.96
20210930T1700,33.2092,0.0,48.0,1007.1,7.5685663,7.92
20210930T1800,32.5392,0.0,50.0,1007.4,6.9899354,7.5599995
20210930T1900,31.929201,0.0,53.0,1007.8,7.42159,9.36
20210930T2000,31.2792,0.0,56.0,1008.6,8.049845,10.799999
20210930T2100,30.6992,0.0,59.0,1009.4,8.350138,11.879999
20210930T2200,30.149199,0.0,61.0,1009.2,8.311245,12.599999
20210930T2300,29.659199,0.0,63.0,1008.9,7.5942073,11.5199995
20211001T0000,29.2192,0.0,65.0,1008.7,6.5693827,10.799999
20211001T0100,28.829199,0.0,67.0,1008.9,5.6920996,9.72
20211001T0200,28.4292,0.0,69.0,1008.7,5.634891,9.36
20211001T0300,28.2092,0.0,70.0,1008.5,5.00128,9.72
20211001T0400,27.8892,0.0,72.0,1008.9,4.6102495,8.28
20211001T0500,27.6092,0.0,74.0,1009.6,4.8965297,9.72
20211001T0600,27.3392,0.0,75.0,1010.1,4.8965297,9.0
20211001T0700,28.309198,0.0,73.0,1010.5,3.6,6.4799995
20211001T0800,30.059198,0.0,65.0,1011.0,4.072935,5.04
20211001T0900,30.0192,0.1,62.0,1011.4,4.8433046,4.68
20211001T1000,31.319199,0.0,56.0,1010.7,4.6938257,5.04
20211001T1100,31.9992,0.0,54.0,1009.7,3.6,3.96
20211001T1200,32.749203,0.0,50.0,1008.8,3.5455887,2.8799999
20211001T1300,33.3792,0.0,49.0,1008.2,4.6938252,3.96
20211001T1400,33.7692,0.0,47.0,1007.2,6.12,6.4799995
20211001T1500,33.9692,0.0,46.0,1006.3,6.28713,6.8399997
20211001T1600,33.8592,0.0,46.0,1006.3,6.763786,7.5599995
20211001T1700,34.2192,0.0,42.0,1006.2,2.968636,5.7599998
20211001T1800,33.7192,0.0,43.0,1006.6,0.8049845,5.04
20211001T1900,33.2892,0.0,47.0,1007.1,3.319036,7.2
20211001T2000,32.7792,0.0,47.0,1007.8,6.1305785,5.3999996
20211001T2100,31.9992,0.0,51.0,1008.6,7.6367526,9.36
20211001T2200,31.1192,0.0,55.0,1008.5,8.4963045,10.440001
20211001T2300,30.4692,0.0,58.0,1008.1,8.049845,11.5199995
20211002T0000,30.069199,0.1,60.0,1007.9,7.289444,11.879999
20211002T0100,29.579199,0.0,62.0,1007.9,6.489992,10.799999
20211002T0200,29.1292,0.0,64.0,1007.6,6.763786,10.799999
20211002T0300,28.6792,0.0,66.0,1007.3,6.763786,11.159999
20211002T0400,28.309198,0.0,68.0,1007.5,6.6185193,11.159999
20211002T0500,27.989199,0.0,70.0,1007.9,6.638072,11.159999
20211002T0600,27.7592,0.0,71.0,1008.2,6.130579,10.799999
20211002T0700,28.8892,0.0,67.0,1008.6,5.2416787,10.08
20211002T0800,30.6192,0.0,61.0,1009.1,5.3999996,8.28
20211002T0900,32.589203,0.0,53.0,1009.4,5.6920996,7.5599995
20211002T1000,34.2192,0.0,46.0,1008.3,6.12,9.36
20211002T1100,34.8992,0.0,41.0,1007.3,7.5942082,10.799999
20211002T1200,35.409203,0.0,39.0,1006.6,10.685391,14.04
20211002T1300,34.9492,0.1,39.0,1006.2,13.684735,14.4
20211002T1400,35.3592,0.0,38.0,1005.5,16.704155,16.56
20211002T1500,35.3292,0.0,38.0,1004.9,18.391737,17.64
20211002T1600,34.339203,0.0,40.0,1005.1,19.373219,18.72
20211002T1700,34.429203,0.0,40.0,1004.7,10.1887,14.4
20211002T1800,33.639202,0.0,42.0,1005.2,7.928177,13.32
20211002T1900,32.8792,0.0,46.0,1005.8,6.489992,12.599999
20211002T2000,32.4392,0.0,47.0,1006.5,5.04,10.440001
20211002T2100,31.989199,0.0,50.0,1007.1,2.9024127,6.8399997
20211002T2200,31.6392,0.0,50.0,1006.8,3.8773184,3.96
20211002T2300,31.2892,0.0,51.0,1006.4,4.072935,3.96
20211003T0000,30.9492,0.0,53.0,1006.2,4.0249224,5.04
20211003T0100,30.6392,0.0,54.0,1006.3,3.671294,5.3999996
20211003T0200,30.3692,0.0,55.0,1006.1,2.9024127,5.3999996
20211003T0300,30.0992,0.0,56.0,1005.7,2.7416782,5.3999996
20211003T0400,29.809198,0.0,57.0,1005.9,2.8116899,6.4799995
20211003T0500,29.4392,0.0,59.0,1006.3,3.5455887,9.0
20211003T0600,29.0192,0.0,60.0,1006.7,4.1046314,11.159999
20211003T0700,29.329199,0.0,62.0,1007.0,4.2136917,11.159999
20211003T0800,31.2592,0.0,56.0,1007.5,8.64,13.32
20211003T0900,33.1692,0.0,49.0,1007.8,13.276144,15.4800005
20211003T1000,33.1092,0.6,49.0,1007.4,14.494192,15.119999
20211003T1100,33.389202,0.4,45.0,1006.6,15.596767,15.4800005
20211003T1200,34.339203,0.0,43.0,1005.6,16.071491,16.199999
20211003T1300,34.6492,0.0,42.0,1005.2,17.163355,17.64
20211003T1400,34.639202,0.0,42.0,1004.4,17.771753,18.72
20211003T1500,34.389202,0.0,43.0,1003.9,18.416384,19.08
20211003T1600,34.1292,0.0,43.0,1003.8,18.129137,18.359999
20211003T1700,34.299202,0.0,42.0,1003.1,11.901798,15.119999
20211003T1800,33.499203,0.0,44.0,1003.8,8.647496,12.24
20211003T1900,32.9892,0.0,46.0,1004.3,6.87779,12.599999
20211003T2000,32.7792,0.0,47.0,1004.9,4.802999,10.08
20211003T2100,32.4692,0.0,49.0,1005.4,2.9024127,7.5599995
20211003T2200,32.2892,0.2,50.0,1005.2,3.6,7.2
20211003T2300,32.1192,0.1,50.0,1004.7,5.2416787,6.12
20211004T0000,31.6192,0.0,51.0,1004.3,6.9247384,9.0
20211004T0100,30.9392,0.0,54.0,1004.1,7.5685663,7.92
20211004T0200,30.249199,0.0,57.0,1003.8,7.24486,6.8399997
20211004T0300,29.489199,0.0,61.0,1003.4,7.4128532,10.08
20211004T0400,28.829199,0.0,65.0,1003.7,7.7879906,6.8399997
20211004T0500,28.5392,0.0,68.0,1004.2,8.78872,14.759999
20211004T0600,28.329199,1.6,71.0,1004.6,8.39657,10.440001
20211004T0700,28.579199,1.4,71.0,1005.1,6.830519,9.0
20211004T0800,29.649199,0.0,67.0,1005.7,5.3999996,6.4799995
20211004T0900,31.3692,0.0,61.0,1006.1,7.289445,6.8399997
20211004T1000,32.9592,0.0,56.0,1005.6,5.3517847,6.12
20211004T1100,34.319202,0.0,51.0,1004.7,5.04,8.28
20211004T1200,35.3592,0.0,45.0,1003.9,5.7599998,11.5199995
20211004T1300,35.9692,0.0,41.0,1003.4,5.6002855,12.599999
20211004T1400,35.0092,0.6,42.0,1003.1,8.225035,12.959999
20211004T1500,34.799202,0.3,41.0,1002.7,8.825508,13.679999
20211004T1600,34.479202,0.2,40.0,1003.0,9.0,14.04
20211004T1700,35.1492,0.0,37.0,1002.9,5.1544156,11.5199995
20211004T1800,34.5092,0.0,38.0,1003.5,5.8048253,10.440001
20211004T1900,34.1092,0.0,40.0,1004.2,5.95906,7.5599995
20211004T2000,33.7892,0.1,41.0,1005.1,4.8965297,6.12
20211004T2100,33.0292,0.5,44.0,1005.9,6.725354,8.64
20211004T2200,32.159203,0.4,48.0,1006.0,8.12197,10.799999
20211004T2300,31.2092,0.0,51.0,1005.6,8.759178,12.959999
20211005T0000,30.3492,0.0,55.0,1005.5,9.114471,13.32
20211005T0100,29.5292,0.0,60.0,1005.6,8.825508,11.5199995
20211005T0200,28.7892,0.0,64.0,1005.4,8.825508,12.599999
20211005T0300,28.169199,0.0,68.0,1005.2,8.311245,12.24
20211005T0400,27.6892,0.0,72.0,1005.7,8.225035,7.92
20211005T0500,27.239199,0.0,75.0,1006.5,8.217153,7.2
20211005T0600,26.829199,0.0,78.0,1007.1,7.9036193,7.2
20211005T0700,27.8692,0.0,76.0,1007.7,7.10031,6.4799995
20211005T0800,29.8592,0.0,67.0,1008.6,6.638072,5.7599998
20211005T0900,32.0792,0.0,59.0,1009.3,5.8048253,5.04
20211005T1000,33.979202,0.0,50.0,1008.8,4.8433046,3.6
20211005T1100,33.9492,0.8,44.0,1008.2,6.151683,6.12
20211005T1200,33.8792,0.6,42.0,1007.5,6.9247384,9.0
20211005T1300,33.799202,0.9,42.0,1007.3,5.4833565,8.64
20211005T1400,33.5992,1.0,43.0,1006.8,4.896529,6.8399997
20211005T1500,33.319202,0.8,45.0,1006.4,4.452954,7.2
20211005T1600,33.0392,0.4,45.0,1006.6,3.6179552,5.7599998
20211005T1700,35.0592,0.0,36.0,1006.1,1.8,6.4799995
20211005T1800,34.4492,0.0,37.0,1006.9,4.8965297,6.12
20211005T1900,33.9892,0.1,40.0,1007.3,5.815978,6.8399997
20211005T2000,33.639202,0.0,40.0,1007.9,5.4119864,4.68
20211005T2100,33.2592,0.0,41.0,1008.6,5.4119864,4.68
20211005T2200,32.6992,0.0,42.0,1008.5,5.8048253,5.3999996
20211005T2300,32.0192,0.0,44.0,1008.3,6.5693827,6.8399997
20211006T0000,31.2192,0.0,46.0,1008.1,6.638072,8.28
20211006T0100,30.3492,0.0,49.0,1008.0,6.725354,10.440001
20211006T0200,29.579199,0.0,52.0,1007.7,6.5693827,11.879999
20211006T0300,28.9292,0.0,55.0,1007.5,6.130579,12.24
20211006T0400,28.6192,0.1,56.0,1007.8,5.771239,12.24
20211006T0500,28.1892,0.0,58.0,1008.5,5.4119864,14.04
20211006T0600,27.7892,0.0,60.0,1008.8,5.4119864,13.679999
20211006T0700,28.5392,0.0,58.0,1009.1,3.6179552,10.08
20211006T0800,31.059198,0.0,49.0,1009.6,5.3999996,6.8399997
20211006T0900,33.139202,0.0,43.0,1009.8,5.6920996,7.5599995
20211006T1000,34.5592,0.0,38.0,1009.0,6.8777895,9.36
20211006T1100,35.389202,0.0,36.0,1007.8,9.504272,9.72
20211006T1200,36.069202,0.0,34.0,1006.7,11.019764,10.08
20211006T1300,36.5192,0.0,32.0,1006.1,12.218805,13.679999
20211006T1400,36.9192,0.0,29.0,1005.1,11.720751,14.4
20211006T1500,36.9592,0.0,28.0,1004.2,12.538134,15.4800005
20211006T1600,36.729202,0.0,27.0,1004.0,13.324863,14.04
20211006T1700,34.889202,0.0,36.0,1004.7,9.585739,11.5199995
20211006T1800,34.069202,0.0,38.0,1005.1,7.127636,9.36
20211006T1900,33.429203,0.0,40.0,1005.2,5.904439,11.159999
20211006T2000,33.0192,0.0,41.0,1005.9,3.8268526,9.72
20211006T2100,32.5792,0.0,42.0,1006.5,2.968636,7.92
20211006T2200,32.2392,0.0,42.0,1006.1,4.2136917,6.8399997
20211006T2300,31.919199,0.0,43.0,1005.6,5.991594,7.5599995
20211007T0000,31.7192,0.0,42.0,1005.1,7.491114,10.08
20211007T0100,31.1792,0.0,44.0,1005.0,7.9036193,11.879999
20211007T0200,30.4592,0.0,46.0,1004.6,7.628263,13.679999
20211007T0300,29.5992,0.0,48.0,1004.3,7.5685663,15.119999
20211007T0400,28.649199,0.0,51.0,1004.8,7.2805495,16.919998
20211007T0500,27.8592,0.0,54.0,1005.6,6.87779,16.199999
20211007T0600,27.309198,0.0,56.0,1006.3,6.8399997,13.679999
20211007T0700,27.809198,0.0,57.0,1006.7,5.3999996,10.440001
20211007T0800,30.309198,0.0,49.0,1007.3,5.0142193,6.4799995
20211007T0900,32.5192,0.0,41.0,1007.7,4.1046314,5.04
20211007T1000,34.249203,0.0,34.0,1007.3,4.39436,10.08
20211007T1100,35.3992,0.0,30.0,1006.3,12.287555,15.119999
20211007T1200,36.0792,0.0,28.0,1005.3,14.277983,18.72
20211007T1300,36.5992,0.0,27.0,1004.5,14.84318,18.72
20211007T1400,36.819202,0.0,26.0,1003.6,15.03835,19.08
20211007T1500,36.7392,0.0,25.0,1002.8,14.773164,19.08
20211007T1600,36.409203,0.0,25.0,1002.7,14.003028,19.08
20211007T1700,34.5992,0.0,27.0,1003.2,9.957108,17.64
20211007T1800,33.569202,0.0,29.0,1003.6,8.161764,15.119999
20211007T1900,33.1292,0.0,29.0,1004.1,6.3690495,13.679999
20211007T2000,32.479202,0.0,31.0,1004.7,5.3517847,12.959999
20211007T2100,31.8392,0.0,32.0,1005.1,5.0142193,12.24
20211007T2200,31.3892,0.0,33.0,1004.8,6.130579,11.5199995
20211007T2300,31.1892,0.0,32.0,1004.4,7.968939,12.959999
20211008T0000,30.739199,0.0,32.0,1004.1,8.557102,14.4
20211008T0100,30.1992,0.0,33.0,1004.0,8.699793,14.759999
20211008T0200,29.5892,0.0,34.0,1003.7,7.8954163,14.759999
20211008T0300,28.9592,0.0,35.0,1003.5,7.0911775,14.04
20211008T0400,28.149199,0.0,37.0,1003.9,5.5887027,13.32
20211008T0500,27.3492,0.0,40.0,1004.6,4.6938252,12.599999
20211008T0600,26.579199,0.0,42.0,1005.2,3.671294,11.159999
20211008T0700,26.8692,0.0,43.0,1005.7,3.319036,11.159999
20211008T0800,29.0192,0.0,43.0,1006.2,2.3051248,7.92
20211008T0900,32.249203,0.0,34.0,1006.7,7.9036193,11.879999
20211008T1000,34.5992,0.0,27.0,1006.2,9.227524,12.24
20211008T1100,36.1492,0.0,23.0,1005.4,11.177405,14.04
20211008T1200,36.819202,0.0,22.0,1004.6,15.696165,16.919998
20211008T1300,37.2592,0.0,22.0,1003.9,15.30741,16.919998
20211008T1400,37.4592,0.0,21.0,1003.0,14.799459,17.28
20211008T1500,37.4192,0.0,21.0,1002.3,14.05845,17.64
20211008T1600,37.1192,0.0,21.0,1002.4,13.513193,18.359999
20211008T1700,35.0992,0.0,24.0,1002.7,9.693296,16.919998
20211008T1800,33.749203,0.0,27.0,1002.9,8.350138,13.32
20211008T1900,32.4592,0.0,31.0,1003.3,7.729527,12.959999
20211008T2000,30.8792,0.0,37.0,1003.8,7.386582,13.32
20211008T2100,29.419199,0.0,43.0,1004.4,6.989936,12.599999
20211008T2200,28.7592,0.0,44.0,1004.6,5.2416787,12.599999
20211008T2300,28.2792,0.0,46.0,1004.4,4.0249224,9.36
20211009T0000,28.059198,0.0,46.0,1004.5,4.896529,6.8399997
20211009T0100,27.8692,0.0,47.0,1004.4,5.771239,7.92
20211009T0200,27.489199,0.0,48.0,1004.2,5.4477882,9.36
20211009T0300,27.1092,0.0,49.0,1004.2,4.896529,7.92
20211009T0400,26.6992,0.0,50.0,1004.6,3.0758414,8.28
20211009T0500,26.2692,0.0,52.0,1005.2,1.08,10.440001
20211009T0600,26.2092,0.0,50.0,1005.8,4.452954,9.72
20211009T0700,26.749199,0.0,49.0,1006.1,4.510787,8.64
20211009T0800,28.669199,0.0,45.0,1006.9,4.829907,7.92
20211009T0900,30.5092,0.0,39.0,1007.6,3.671294,7.92
20211009T1000,32.1992,0.0,35.0,1007.0,3.671294,8.64
20211009T1100,33.839203,0.0,31.0,1006.3,4.6938257,11.879999
20211009T1200,35.2592,0.0,26.0,1005.5,6.4799995,13.679999
20211009T1300,36.339203,0.0,22.0,1004.9,9.227524,11.5199995
20211009T1400,36.9492,0.0,20.0,1004.0,11.808878,14.04
20211009T1500,37.049202,0.0,19.0,1003.1,13.246826,14.4
20211009T1600,36.7192,0.0,19.0,1003.1,13.324863,15.119999
20211009T1700,35.8292,0.0,20.0,1003.3,9.085988,14.04
20211009T1800,34.6692,0.0,23.0,1003.7,7.6367526,11.5199995
20211009T1900,33.2792,0.0,27.0,1004.2,6.1305785,9.72
20211009T2000,32.0392,0.0,32.0,1004.8,4.2136917,7.2
20211009T2100,30.8492,0.0,36.0,1005.5,4.1046314,5.7599998
20211009T2200,30.399199,0.0,36.0,1005.2,5.3999996,2.52
20211009T2300,29.659199,0.0,39.0,1005.1,4.896529,3.96
20211010T0000,29.159199,0.0,40.0,1005.1,5.8603754,7.5599995
20211010T0100,28.3892,0.0,43.0,1005.1,4.6938252,9.72
20211010T0200,27.8692,0.0,44.0,1004.8,3.9763298,12.24
20211010T0300,27.4492,0.0,45.0,1004.6,3.2399998,12.959999
20211010T0400,27.169199,0.0,45.0,1005.0,2.4149535,12.599999
20211010T0500,26.6092,0.0,47.0,1005.5,3.8939953,11.5199995
20211010T0600,26.399199,0.0,46.0,1006.1,2.8116899,7.5599995
20211010T0700,26.7792,0.0,47.0,1006.8,4.452954,6.4799995
20211010T0800,28.5992,0.0,44.0,1007.6,5.0142193,6.8399997
20211010T0900,30.4292,0.0,40.0,1008.1,5.4833565,7.2
20211010T1000,31.9992,0.0,35.0,1007.7,4.8433046,9.36
20211010T1100,33.4692,0.0,32.0,1007.0,2.8799999,9.36
20211010T1200,34.8292,0.0,29.0,1006.1,3.319036,9.0
20211010T1300,35.889202,0.0,25.0,1005.5,5.0528407,7.2
20211010T1400,36.5192,0.0,23.0,1004.5,7.0911775,11.5199995
20211010T1500,36.639202,0.0,21.0,1003.6,6.9247384,11.879999
20211010T1600,36.4192,0.0,21.0,1003.5,6.6087217,11.5199995
20211010T1700,35.729202,0.0,22.0,1003.7,4.39436,10.440001
20211010T1800,34.799202,0.0,24.0,1004.1,5.4119864,5.04
20211010T1900,33.7692,0.0,27.0,1004.4,5.991594,5.7599998
20211010T2000,32.4692,0.0,31.0,1005.0,7.10031,6.8399997
20211010T2100,30.819199,0.0,37.0,1005.8,7.5685663,7.5599995
20211010T2200,29.6292,0.0,41.0,1005.6,7.342588,8.28
20211010T2300,28.729198,0.0,43.0,1005.4,7.24486,9.36
20211011T0000,28.0092,0.0,46.0,1005.4,7.386582,11.879999
20211011T0100,27.5392,0.0,47.0,1005.6,7.2,13.32
20211011T0200,27.149199,0.0,48.0,1005.3,7.289445,15.4800005
20211011T0300,26.659199,0.0,49.0,1005.1,7.491114,14.4
20211011T0400,26.0992,0.0,51.0,1005.5,7.42159,14.759999
20211011T0500,25.2992,0.0,54.0,1006.1,6.9527545,15.84
20211011T0600,25.0992,0.0,53.0,1006.6,7.386582,12.599999
20211011T0700,25.899199,0.0,53.0,1006.9,7.10031,11.159999
20211011T0800,28.1192,0.0,49.0,1007.5,8.209263,10.08
20211011T0900,30.149199,0.0,43.0,1008.1,7.42159,9.72
20211011T1000,31.8892,0.0,39.0,1008.0,8.161764,10.440001
20211011T1100,33.4492,0.0,35.0,1007.0,6.489992,9.0
20211011T1200,34.7392,0.0,31.0,1006.2,5.8048253,6.4799995
20211011T1300,35.5792,0.0,28.0,1005.4,4.3349743,6.12
20211011T1400,36.0992,0.0,25.0,1004.4,3.6179552,7.92
20211011T1500,36.1892,0.0,24.0,1003.5,3.2399998,7.92
20211011T1600,35.9592,0.0,24.0,1003.4,2.9024127,9.36
20211011T1700,35.3492,0.0,24.0,1003.6,1.609969,9.36
20211011T1800,34.429203,0.0,26.0,1003.8,7.172949,4.32
20211011T1900,33.3092,0.0,29.0,1004.4,7.386582,7.5599995
20211011T2000,31.859198,0.0,33.0,1005.1,7.42159,9.36
20211011T2100,30.2692,0.0,38.0,1005.9,7.69592,12.599999
20211011T2200,29.249199,0.0,41.0,1005.8,7.5685663,13.679999
20211011T2300,28.329199,0.0,44.0,1005.5,7.5599995,14.04
20211012T0000,27.579199,0.0,46.0,1005.4,6.8399997,12.959999
20211012T0100,26.919199,0.0,47.0,1005.4,6.489992,12.599999
20211012T0200,26.309198,0.0,49.0,1005.3,6.2145634,12.599999
20211012T0300,25.7992,0.0,51.0,1005.0,5.5887027,12.599999
20211012T0400,25.419199,0.0,52.0,1005.3,5.1544156,12.599999
20211012T0500,25.0092,0.0,53.0,1005.8,5.0911684,12.599999
20211012T0600,25.249199,0.0,52.0,1006.2,4.802999,10.440001
20211012T0700,26.2192,0.0,51.0,1006.6,4.452954,9.0
20211012T0800,28.4692,0.0,46.0,1007.3,5.3999996,7.2
20211012T0900,30.5292,0.0,40.0,1008.0,5.3999996,6.8399997
20211012T1000,32.2392,0.0,35.0,1007.5,5.0142193,6.12
20211012T1100,33.799202,0.0,31.0,1006.7,3.9763298,6.8399997
20211012T1200,35.069202,0.0,27.0,1005.9,3.8268526,3.2399998
20211012T1300,35.979202,0.0,24.0,1005.3,5.0528407,8.28
20211012T1400,36.389202,0.0,22.0,1004.5,6.989936,11.879999
20211012T1500,36.3792,0.0,21.0,1003.6,7.8954163,11.5199995
20211012T1600,36.0592,0.0,21.0,1003.5,8.435069,11.5199995
20211012T1700,35.3092,0.0,22.0,1003.7,7.10031,10.799999
20211012T1800,34.139202,0.0,24.0,1004.1,7.928178,11.159999
20211012T1900,32.839203,0.0,28.0,1004.1,7.2359104,12.959999
20211012T2000,31.7692,0.0,30.0,1005.0,7.208994,13.679999
20211012T2100,30.7192,0.0,34.0,1005.8,5.7599998,12.959999
20211012T2200,29.8592,0.0,37.0,1005.8,5.0528407,12.24
20211012T2300,29.1092,0.0,39.0,1005.8,4.68,11.5199995
20211013T0000,28.3792,0.0,41.0,1006.0,4.5536795,10.440001
20211013T0100,27.7092,0.0,42.0,1006.2,4.8433046,10.440001
20211013T0200,27.059198,0.0,44.0,1006.0,5.692099,10.440001
20211013T0300,26.3392,0.0,46.0,1005.8,6.12,11.159999
20211013T0400,25.659199,0.0,48.0,1006.2,6.9247384,11.879999
20211013T0500,25.0192,0.0,49.0,1006.8,6.6185193,11.879999
20211013T0600,24.9592,0.0,47.0,1007.2,8.161764,12.599999
20211013T0700,25.4592,0.0,45.0,1007.3,7.7043357,13.32
20211013T0800,27.4492,0.0,40.0,1008.0,8.669949,13.32
20211013T0900,29.579199,0.0,33.0,1008.5,8.435069,11.879999
20211013T1000,31.7692,0.0,26.0,1007.9,10.587918,13.679999
20211013T1100,33.589203,0.0,20.0,1007.2,13.891522,15.119999
20211013T1200,34.5192,0.0,16.0,1006.4,15.7908325,14.04
20211013T1300,34.9892,0.0,15.0,1005.8,15.978484,14.04
20211013T1400,35.1192,0.0,15.0,1005.2,15.463246,15.4800005
20211013T1500,34.9692,0.0,15.0,1004.2,15.629971,15.119999
20211013T1600,34.499203,0.0,15.0,1004.0,15.077082,14.759999
20211013T1700,33.5592,0.0,16.0,1004.4,10.495713,12.599999
20211013T1800,32.0392,0.0,19.0,1005.0,9.793059,12.24
20211013T1900,30.649199,0.0,22.0,1005.1,8.854829,15.119999
20211013T2000,29.5292,0.0,24.0,1005.8,8.557102,17.28
20211013T2100,28.249199,0.0,27.0,1006.2,8.825508,22.319998
20211013T2200,27.5192,0.0,28.0,1006.1,9.0645685,23.4
20211013T2300,26.7692,0.0,29.0,1006.1,9.007196,24.48
20200930T0000,30.239199,0.0,19.0,1003.7,9.178235,20.519999
20200930T0100,29.2792,0.0,20.0,1003.8,9.0,22.319998
20200930T0200,28.159199,0.0,21.0,1003.4,9.028754,21.96
20200930T0300,26.8492,0.0,23.0,1003.0,9.178235,20.519999
20200930T0400,25.6092,0.0,25.0,1003.3,8.905908,19.44
20200930T0500,24.659199,0.0,27.0,1003.9,8.905908,16.919998
20200930T0600,23.9292,0.0,30.0,1004.5,8.905908,15.84
20200930T0700,24.6192,0.0,32.0,1004.9,8.209263,16.199999
20200930T0800,27.4392,0.0,31.0,1005.4,5.1544156,17.28
20200930T0900,30.7592,0.0,26.0,1005.8,7.8954163,18.72
20200930T1000,34.0192,0.0,21.0,1005.4,11.91812,10.440001
20200930T1100,36.2192,0.0,18.0,1004.5,18.504139,15.119999
20200930T1200,37.139202,0.0,15.0,1003.7,21.915691,17.28
20200930T1300,37.659203,0.0,15.0,1003.0,21.437386,16.919998
20200930T1400,37.9392,0.0,14.0,1001.8,20.696087,16.56
20200930T1500,37.9692,0.0,14.0,1000.8,19.681828,17.64
20200930T1600,37.749203,0.0,14.0,1000.7,17.610588,14.759999
20200930T1700,35.929203,0.0,14.0,1001.8,10.739832,11.5199995
20200930T1800,35.229202,0.0,15.0,1002.2,7.6367526,7.5599995
20200930T1900,34.409203,0.0,16.0,1002.6,5.154415,5.7599998
20200930T2000,33.7892,0.0,16.0,1003.1,5.04,6.12
20200930T2100,33.299202,0.0,17.0,1003.6,6.439876,10.799999
20200930T2200,32.8792,0.0,17.0,1003.5,9.021574,12.959999
20200930T2300,31.7892,0.0,18.0,1003.3,9.028754,14.04
20201001T0000,30.569199,0.0,20.0,1003.3,8.311245,14.4
20201001T0100,29.409199,0.0,21.0,1003.4,7.6367526,12.599999
20201001T0200,28.229198,0.0,23.0,1003.0,7.5599995,14.759999
20201001T0300,27.0092,0.0,24.0,1002.6,7.928178,13.679999
20201001T0400,25.6892,0.0,27.0,1002.9,7.9526596,12.959999
20201001T0500,24.3792,0.0,30.0,1003.5,8.4042845,12.959999
20201001T0600,23.479198,0.0,32.0,1004.0,8.473393,12.599999
20201001T0700,24.169199,0.0,34.0,1004.2,7.8625183,12.599999
20201001T0800,26.919199,0.0,34.0,1004.8,4.802999,12.24
20201001T0900,30.739199,0.0,26.0,1005.2,8.217153,14.759999
20201001T1000,34.049202,0.0,21.0,1004.7,10.495713,14.4
20201001T1100,36.589203,0.0,17.0,1003.8,14.007655,20.880001
20201001T1200,38.1292,0.0,14.0,1002.8,16.92383,14.759999
20201001T1300,38.8292,0.0,14.0,1002.2,20.12461,17.28
20201001T1400,39.139202,0.0,14.0,1001.1,20.371038,18.0
20201001T1500,39.159203,0.0,14.0,1000.1,19.602652,18.72
20201001T1600,38.9492,0.0,14.0,1000.0,17.581125,18.359999
20201001T1700,36.889202,0.0,14.0,1001.1,11.298495,20.880001
20201001T1800,35.6892,0.0,15.0,1001.5,9.0645685,18.0
20201001T1900,34.659203,0.0,17.0,1001.9,4.3349743,14.4
20201001T2000,34.179203,0.0,18.0,1002.5,0.0,9.72
20201001T2100,33.909203,0.0,17.0,1003.0,3.319036,8.28
20201001T2200,33.3792,0.0,18.0,1002.7,5.8603754,12.599999
20201001T2300,32.8592,0.0,19.0,1002.3,6.638072,11.159999
20201002T0000,32.089203,0.0,20.0,1002.1,6.193674,10.440001
20201002T0100,31.0992,0.0,22.0,1002.2,5.6920996,9.72
20201002T0200,29.9292,0.0,24.0,1001.9,5.7599998,9.72
20201002T0300,28.6892,0.0,26.0,1001.7,5.937272,10.440001
20201002T0400,27.5492,0.0,27.0,1002.0,6.28713,11.159999
20201002T0500,26.3892,0.0,29.0,1002.5,5.692099,11.159999
20201002T0600,25.3692,0.0,31.0,1002.9,5.0911684,10.08
20201002T0700,25.2192,0.0,35.0,1003.4,4.3349743,9.0
20201002T0800,27.5492,0.0,35.0,1004.2,1.609969,7.5599995
20201002T0900,31.0992,0.0,26.0,1004.9,4.198285,5.7599998
20201002T1000,34.3092,0.0,22.0,1004.6,5.1544156,6.12
20201002T1100,36.8492,0.0,17.0,1003.8,6.4799995,9.36
20201002T1200,38.3692,0.0,14.0,1003.1,8.287822,9.72
20201002T1300,39.1092,0.0,12.0,1002.6,9.346143,10.440001
20201002T1400,39.4392,0.0,11.0,1001.8,9.346143,10.799999
20201002T1500,39.4692,0.0,11.0,1001.0,9.531505,10.799999
20201002T1600,39.2092,0.0,10.0,1000.9,9.178235,11.159999
20201002T1700,36.339203,0.0,15.0,1002.3,5.904439,9.0
20201002T1800,35.6492,0.0,16.0,1002.6,3.8268526,6.4799995
20201002T1900,35.249203,0.0,16.0,1003.1,1.609969,5.04
20201002T2000,34.5792,0.0,17.0,1003.8,0.8049845,4.68
20201002T2100,33.999203,0.0,18.0,1004.5,0.5091169,3.96
20201002T2200,33.139202,0.0,18.0,1004.4,3.0547013,5.7599998
20201002T2300,32.0592,0.0,19.0,1004.1,5.3999996,8.28
20201003T0000,30.729198,0.0,20.0,1004.1,6.439876,10.08
20201003T0100,29.409199,0.0,19.0,1004.2,6.725354,12.599999
20201003T0200,28.0292,0.0,18.0,1004.0,6.849467,15.119999
20201003T0300,26.649199,0.0,18.0,1003.8,6.924738,17.28
20201003T0400,25.2992,0.0,19.0,1004.1,6.725354,16.919998
20201003T0500,24.0892,0.0,20.0,1004.6,6.379216,14.4
20201003T0600,23.0892,0.0,23.0,1005.0,6.379216,11.5199995
20201003T0700,23.5192,0.0,25.0,1005.4,6.151683,9.36
20201003T0800,26.0892,0.0,27.0,1006.2,2.9024127,7.2
20201003T0900,29.229198,0.0,23.0,1006.7,3.0547013,8.64
20201003T1000,32.569202,0.0,22.0,1006.5,2.5959969,8.64
20201003T1100,35.3792,0.0,18.0,1005.9,4.6102495,2.8799999
20201003T1200,37.2892,0.0,14.0,1005.2,9.028754,7.2
20201003T1300,37.8692,0.0,12.0,1004.6,9.085988,7.5599995
20201003T1400,38.0992,0.0,12.0,1003.5,9.504272,8.28
20201003T1500,38.0592,0.0,12.0,1002.6,9.449572,9.72
20201003T1600,37.7592,0.0,12.0,1002.7,9.686609,10.440001
20201003T1700,35.3792,0.0,14.0,1003.9,7.127636,6.12
20201003T1800,34.7892,0.0,14.0,1004.4,5.3517847,3.6
20201003T1900,33.999203,0.0,15.0,1004.8,3.8268526,3.6
20201003T2000,33.5392,0.0,15.0,1005.4,2.968636,2.8799999
20201003T2100,33.139202,0.0,16.0,1006.0,3.4152596,3.6
20201003T2200,32.6092,0.0,16.0,1006.0,5.3999996,5.04
20201003T2300,32.1692,0.0,16.0,1005.9,6.4096174,6.12
20201004T0000,31.5992,0.0,17.0,1005.9,6.989936,5.7599998
20201004T0100,30.819199,0.0,18.0,1005.9,7.10031,5.3999996
20201004T0200,29.8592,0.0,19.0,1005.5,6.9527545,5.04
20201004T0300,28.729198,0.0,20.0,1005.1,6.849467,5.04
20201004T0400,27.479198,0.0,22.0,1005.5,6.830519,11.879999
20201004T0500,25.999199,0.0,23.0,1006.1,6.989936,13.32
20201004T0600,24.7092,0.0,25.0,1006.6,6.696387,14.4
20201004T0700,24.5492,0.0,28.0,1007.1,6.28713,15.119999
20201004T0800,26.8492,0.0,29.0,1007.8,3.96,13.679999
20201004T0900,30.5192,0.0,21.0,1008.2,8.12197,13.32
20201004T1000,33.6192,0.0,18.0,1007.7,9.531505,11.5199995
20201004T1100,35.9692,0.0,14.0,1006.7,10.630672,10.799999
20201004T1200,37.1192,0.0,12.0,1005.7,15.30741,12.959999
20201004T1300,37.679203,0.0,11.0,1004.8,16.08761,13.679999
20201004T1400,37.9492,0.0,11.0,1003.5,16.595179,14.759999
20201004T1500,37.929203,0.0,10.0,1002.6,16.323528,17.28
20201004T1600,37.6192,0.0,10.0,1002.4,15.530151,15.4800005
20201004T1700,35.2092,0.0,14.0,1004.1,9.290511,11.5199995
20201004T1800,34.5292,0.0,14.0,1004.6,6.6087217,8.28
20201004T1900,33.5092,0.0,16.0,1004.9,4.510787,10.440001
20201004T2000,32.9692,0.0,16.0,1005.3,2.3051248,8.28
20201004T2100,32.4892,0.0,17.0,1005.8,1.609969,5.3999996
20201004T2200,32.0592,0.0,17.0,1005.8,4.39436,3.6
20201004T2300,31.579199,0.0,18.0,1005.6,6.4096174,6.8399997
20201005T0000,30.8492,0.0,18.0,1005.6,7.653705,8.28
20201005T0100,29.8892,0.0,19.0,1005.5,8.217153,10.08
20201005T0200,28.3692,0.0,21.0,1005.3,8.049845,12.599999
20201005T0300,26.7192,0.0,22.0,1005.0,8.311245,13.679999
20201005T0400,25.159199,0.0,24.0,1005.5,7.8625183,14.4
20201005T0500,23.7892,0.0,25.0,1006.2,7.628263,14.4
20201005T0600,22.6392,0.0,27.0,1006.7,7.5170207,14.4
20201005T0700,23.0292,0.0,29.0,1007.0,6.725354,14.04
20201005T0800,25.6092,0.0,29.0,1007.6,3.9763298,12.599999
20201005T0900,29.569199,0.0,23.0,1008.0,7.289445,14.04
20201005T1000,32.9192,0.0,21.0,1007.5,7.5942082,11.879999
20201005T1100,35.8292,0.0,15.0,1006.5,11.966954,10.799999
20201005T1200,37.0792,0.0,11.0,1005.7,13.18308,11.5199995
20201005T1300,37.7092,0.0,11.0,1005.0,12.096214,13.32
20201005T1400,38.049202,0.0,10.0,1003.9,12.313894,13.679999
20201005T1500,38.089203,0.0,10.0,1002.9,12.538134,14.04
20201005T1600,37.8092,0.0,10.0,1002.8,12.181624,15.119999
20201005T1700,35.3292,0.0,14.0,1004.0,6.989936,10.799999
20201005T1800,34.639202,0.0,15.0,1004.3,4.8433046,8.28
20201005T1900,34.0192,0.0,15.0,1004.7,3.396233,7.2
20201005T2000,33.569202,0.0,15.0,1005.3,3.2399998,5.7599998
20201005T2100,32.9392,0.0,16.0,1005.8,4.6102495,4.32
20201005T2200,32.389202,0.0,16.0,1005.5,6.638072,5.7599998
20201005T2300,31.6192,0.0,17.0,1005.3,7.6367526,6.8399997
20201006T0000,30.4692,0.0,18.0,1005.3,7.7879906,9.0
20201006T0100,29.0492,0.0,19.0,1005.7,7.42159,10.799999
20201006T0200,27.489199,0.0,20.0,1005.5,7.208994,11.879999
20201006T0300,26.0392,0.0,22.0,1005.2,6.9899354,11.879999
20201006T0400,24.809198,0.0,23.0,1005.5,7.072878,10.440001
20201006T0500,23.729198,0.0,24.0,1006.3,6.9899354,9.72
20201006T0600,22.5992,0.0,26.0,1006.8,7.342588,9.36
20201006T0700,22.7992,0.0,28.0,1007.3,6.638072,9.36
20201006T0800,25.2592,0.0,29.0,1008.0,3.6,7.5599995
20201006T0900,29.239199,0.0,22.0,1008.5,4.6800003,9.36
20201006T1000,32.4492,0.0,21.0,1008.2,4.73506,7.92
20201006T1100,35.4492,0.0,16.0,1007.4,7.10031,10.440001
20201006T1200,37.0392,0.0,11.0,1006.6,11.808878,9.72
20201006T1300,37.729202,0.0,10.0,1005.9,12.287555,11.159999
20201006T1400,38.1192,0.0,10.0,1004.8,12.10157,11.879999
20201006T1500,38.179203,0.0,10.0,1003.8,11.609651,13.679999
20201006T1600,37.8992,0.0,10.0,1003.8,10.805998,13.32
20201006T1700,35.839203,0.0,13.0,1004.3,7.754637,12.24
20201006T1800,35.0392,0.0,13.0,1004.7,5.771239,10.08
20201006T1900,34.139202,0.0,14.0,1005.2,4.452954,9.36
20201006T2000,33.3492,0.0,15.0,1005.8,3.319036,7.92
20201006T2100,32.679203,0.0,16.0,1006.5,3.2599385,6.12
20201006T2200,32.0392,0.0,17.0,1006.4,4.39436,5.04
20201006T2300,31.4392,0.0,18.0,1006.3,5.5887027,3.96
20201007T0000,30.739199,0.0,18.0,1006.4,6.519877,5.04
20201007T0100,29.8592,0.0,20.0,1006.6,6.12,6.4799995
20201007T0200,28.8392,0.0,21.0,1006.4,4.73506,7.5599995
20201007T0300,27.8392,0.0,23.0,1006.4,2.2768397,8.64
20201007T0400,26.8492,0.0,24.0,1006.9,0.71999997,6.8399997
20201007T0500,25.6092,0.0,26.0,1007.6,3.0547013,5.7599998
20201007T0600,24.559198,0.0,29.0,1008.3,4.6800003,5.3999996
20201007T0700,24.489199,0.0,31.0,1009.2,6.162207,7.2
20201007T0800,26.409199,0.0,32.0,1010.2,3.6179552,6.8399997
20201007T0900,30.169199,0.0,25.0,1010.8,3.319036,6.4799995
20201007T1000,33.1492,0.0,21.0,1010.4,5.0911684,5.3999996
20201007T1100,35.3492,0.0,17.0,1009.4,6.2145634,4.68
20201007T1200,36.7192,0.0,14.0,1008.3,3.319036,5.3999996
20201007T1300,37.589203,0.0,11.0,1007.9,4.3498964,6.4799995
20201007T1400,37.839203,0.0,11.0,1007.0,5.8048253,8.28
20201007T1500,37.819202,0.0,11.0,1006.1,6.696387,9.72
20201007T1600,37.5292,0.0,11.0,1005.9,7.7043357,11.159999
20201007T1700,35.6192,0.0,12.0,1006.3,6.989936,7.92
20201007T1800,34.909203,0.0,13.0,1006.8,5.2416787,9.36
20201007T1900,34.0092,0.0,14.0,1007.1,4.68,9.36
20201007T2000,33.069202,0.0,15.0,1007.4,3.8773184,8.64
20201007T2100,32.3592,0.0,16.0,1007.9,2.5455842,7.2
20201007T2200,31.8392,0.0,16.0,1007.7,1.1384199,4.32
20201007T2300,31.4392,0.0,17.0,1007.6,2.52,2.16
20201008T0000,30.8492,0.0,17.0,1007.6,4.802999,2.52
20201008T0100,30.399199,0.0,18.0,1007.8,6.151683,4.68
20201008T0200,29.659199,0.0,19.0,1007.5,6.489992,4.68
20201008T0300,28.489199,0.0,20.0,1007.2,5.6233797,6.12
20201008T0400,26.8792,0.0,22.0,1007.6,3.96,6.4799995
20201008T0500,25.0892,0.0,25.0,1008.3,3.8268526,9.72
20201008T0600,23.729198,0.0,27.0,1009.0,3.671294,9.72
20201008T0700,23.7692,0.0,29.0,1009.6,2.9024127,10.799999
20201008T0800,25.999199,0.0,30.0,1010.3,1.0182338,11.159999
20201008T0900,29.7792,0.0,23.0,1010.8,2.6208394,8.64
20201008T1000,32.8092,0.0,19.0,1010.2,4.8965297,6.8399997
20201008T1100,35.1492,0.0,15.0,1009.3,5.937272,7.5599995
20201008T1200,36.7392,0.0,12.0,1008.3,5.634891,7.5599995
20201008T1300,37.3792,0.0,10.0,1007.7,6.297428,7.92
20201008T1400,37.5992,0.0,10.0,1006.8,5.495161,7.92
20201008T1500,37.5392,0.0,10.0,1005.8,5.1919937,7.5599995
20201008T1600,37.1992,0.0,10.0,1005.7,4.6938257,7.5599995
20201008T1700,34.8592,0.0,13.0,1006.6,7.24486,10.08
20201008T1800,34.1492,0.0,13.0,1006.9,5.1544156,4.68
20201008T1900,33.319202,0.0,14.0,1007.0,4.379589,9.0
20201008T2000,32.5192,0.0,15.0,1007.5,4.072935,7.92
20201008T2100,31.809198,0.0,16.0,1008.0,3.96,4.68
20201008T2200,31.159199,0.0,17.0,1008.0,4.5820518,5.3999996
20201008T2300,30.4692,0.0,18.0,1007.8,5.2416787,2.8799999
20201009T0000,29.729198,0.0,19.0,1007.8,6.4799995,4.32
20201009T0100,28.919199,0.0,20.0,1008.0,6.5693827,7.2
20201009T0200,28.0492,0.0,22.0,1008.0,5.815978,9.72
20201009T0300,27.169199,0.0,23.0,1007.9,4.6938257,11.879999
20201009T0400,26.2892,0.0,24.0,1008.1,3.096837,14.759999
20201009T0500,25.5492,0.0,25.0,1008.6,1.8,15.119999
20201009T0600,24.7892,0.0,27.0,1009.0,2.3051248,14.759999
20201009T0700,24.6792,0.0,28.0,1009.8,3.5455887,13.32
20201009T0800,26.409199,0.0,30.0,1010.8,2.968636,9.72
20201009T0900,30.4392,0.0,25.0,1011.4,4.1046314,6.8399997
20201009T1000,33.2792,0.0,18.0,1010.9,6.28713,6.8399997
20201009T1100,35.249203,0.0,15.0,1009.9,6.28713,5.3999996
20201009T1200,36.249203,0.0,13.0,1009.0,3.6179552,6.8399997
20201009T1300,36.839203,0.0,12.0,1008.5,0.35999998,5.04
20201009T1400,37.069202,0.0,11.0,1007.6,0.8049845,5.7599998
20201009T1500,37.0092,0.0,11.0,1006.7,1.2979984,6.12
20201009T1600,36.6692,0.0,11.0,1006.4,1.2979984,5.3999996
20201009T1700,34.479202,0.0,15.0,1006.9,4.6800003,5.7599998
20201009T1800,33.819202,0.0,16.0,1007.1,3.2399998,5.04
20201009T1900,33.1992,0.0,17.0,1007.5,2.968636,5.3999996
20201009T2000,32.5292,0.0,17.0,1008.2,3.0758414,5.3999996
20201009T2100,31.9592,0.0,18.0,1008.9,2.5959969,4.68
20201009T2200,31.409199,0.0,18.0,1008.6,2.16,3.2399998
20201009T2300,30.7692,0.0,19.0,1008.2,2.8116899,2.8799999
20201010T0000,30.149199,0.0,20.0,1008.0,4.0249224,4.68
20201010T0100,29.5992,0.0,21.0,1008.1,4.379589,6.12
20201010T0200,28.9292,0.0,23.0,1007.9,3.9763298,6.4799995
20201010T0300,28.0892,0.0,24.0,1007.7,3.8268526,7.92
20201010T0400,27.059198,0.0,26.0,1007.7,4.0249224,8.28
20201010T0500,25.9492,0.0,27.0,1008.0,4.0249224,9.72
20201010T0600,24.829199,0.0,29.0,1008.3,3.9763298,10.799999
20201010T0700,24.5492,0.0,31.0,1008.9,4.39436,11.5199995
20201010T0800,26.4592,0.0,32.0,1009.6,2.3051248,8.28
20201010T0900,30.0092,0.0,24.0,1010.0,6.130579,10.799999
20201010T1000,32.979202,0.0,19.0,1009.2,7.5685663,9.0
20201010T1100,35.2592,0.0,16.0,1008.0,10.028439,9.72
20201010T1200,36.409203,0.0,13.0,1006.8,14.277983,16.919998
20201010T1300,37.0092,0.0,12.0,1006.0,15.2947035,18.359999
20201010T1400,37.2692,0.0,12.0,1005.0,14.81259,18.0
20201010T1500,37.2392,0.0,12.0,1004.1,14.512064,18.0
20201010T1600,36.909203,0.0,12.0,1003.9,13.584932,16.919998
20201010T1700,34.979202,0.0,16.0,1005.0,8.587338,13.679999
20201010T1800,34.319202,0.0,16.0,1005.3,6.6185193,12.959999
20201010T1900,33.3292,0.0,18.0,1005.7,3.7585104,10.08
20201010T2000,32.8492,0.0,18.0,1006.3,0.71999997,6.4799995
20201010T2100,32.5392,0.0,18.0,1006.9,3.6,2.52
20201010T2200,32.1492,0.0,19.0,1006.7,6.2145634,7.2
20201010T2300,31.6292,0.0,19.0,1006.4,6.763786,6.12
20201011T0000,30.7992,0.0,21.0,1006.2,6.638072,5.3999996
20201011T0100,29.669199,0.0,22.0,1006.3,5.95906,7.5599995
20201011T0200,28.2892,0.0,24.0,1006.1,5.7599998,9.0
20201011T0300,26.9292,0.0,25.0,1005.9,6.0347,10.08
20201011T0400,25.5092,0.0,26.0,1006.1,5.991594,10.799999
20201011T0500,24.2892,0.0,27.0,1006.5,5.1165614,10.440001
20201011T0600,23.2792,0.0,29.0,1006.8,4.6102495,9.36
20201011T0700,23.329199,0.0,31.0,1007.3,3.8268526,8.28
20201011T0800,25.729198,0.0,31.0,1008.0,1.484318,6.8399997
20201011T0900,29.0992,0.0,25.0,1008.5,2.968636,7.92
20201011T1000,32.3792,0.0,22.0,1007.8,3.96,7.92
20201011T1100,35.0592,0.0,17.0,1006.7,5.506941,8.64
20201011T1200,36.339203,0.0,14.0,1005.6,10.883676,12.599999
20201011T1300,36.8992,0.0,13.0,1004.8,10.685391,12.959999
20201011T1400,37.1892,0.0,12.0,1003.7,10.883676,12.599999
20201011T1500,37.1692,0.0,12.0,1002.6,11.090103,12.24
20201011T1600,36.839203,0.0,12.0,1002.4,10.799999,12.599999
20201011T1700,34.819202,0.0,17.0,1003.0,8.557102,10.08
20201011T1800,34.139202,0.0,18.0,1003.3,5.8048253,11.159999
20201011T1900,33.229202,0.0,20.0,1003.7,3.2599385,8.64
20201011T2000,32.889202,0.0,20.0,1004.2,1.4399999,5.3999996
20201011T2100,32.319202,0.0,21.0,1004.7,3.7064266,3.2399998
20201011T2200,31.8392,0.0,22.0,1004.6,5.771239,2.52
20201011T2300,31.239199,0.0,22.0,1004.4,6.5693827,4.32
20201012T0000,30.399199,0.0,23.0,1004.3,6.439876,6.8399997
20201012T0100,29.3892,0.0,25.0,1004.4,5.3517847,8.28
20201012T0200,28.239199,0.0,26.0,1004.1,3.7064266,9.0
20201012T0300,27.079199,0.0,27.0,1003.7,2.16,8.28
20201012T0400,25.979198,0.0,28.0,1003.9,2.16,5.7599998
20201012T0500,25.0092,0.0,30.0,1004.4,3.563818,3.2399998
20201012T0600,24.229198,0.0,33.0,1005.0,4.2136917,1.8
20201012T0700,24.3692,0.0,35.0,1005.6,3.96,2.52
20201012T0800,26.499199,0.0,35.0,1006.2,1.484318,1.8
20201012T0900,29.569199,0.0,27.0,1006.6,2.3051248,2.16
20201012T1000,32.409203,0.0,22.0,1005.9,3.6,2.16
20201012T1100,34.6892,0.0,18.0,1004.9,3.319036,2.16
20201012T1200,36.0392,0.0,15.0,1003.8,2.0991426,5.7599998
20201012T1300,36.5092,0.0,14.0,1003.2,2.8116899,6.8399997
20201012T1400,36.7392,0.0,14.0,1002.3,2.5959969,6.4799995
20201012T1500,36.6892,0.0,14.0,1001.4,2.4149535,3.6
20201012T1600,36.3792,0.0,14.0,1001.4,1.9386592,2.52
20201012T1700,34.6192,0.0,17.0,1002.0,5.0142193,6.4799995
20201012T1800,34.1692,0.0,17.0,1002.5,1.484318,2.16
20201012T1900,33.819202,0.0,18.0,1002.8,1.835647,2.16
20201012T2000,33.159203,0.0,19.0,1003.3,5.5887027,3.96
20201012T2100,32.6292,0.0,19.0,1003.9,7.342588,4.32
20201012T2200,31.669199,0.0,21.0,1004.0,7.69592,4.32
20201012T2300,30.479198,0.0,23.0,1003.9,7.42159,3.96
20201013T0000,29.419199,0.0,25.0,1004.0,7.0911775,6.8399997
20201013T0100,28.3792,0.0,27.0,1004.2,6.489992,12.959999
20201013T0200,27.3392,0.0,28.0,1004.0,6.1305785,13.32
20201013T0300,26.3892,0.0,30.0,1004.0,5.95906,11.879999
20201013T0400,25.569199,0.0,32.0,1004.4,6.162207,10.440001
20201013T0500,24.819199,0.0,33.0,1005.0,7.5599995,12.24
20201013T0600,23.579199,0.0,37.0,1005.5,7.6367526,13.679999
20201013T0700,23.7892,0.0,40.0,1006.1,6.924738,16.199999
20201013T0800,26.5392,0.0,39.0,1006.8,3.9763298,10.08
20201013T0900,29.8692,0.0,36.0,1007.3,8.404285,12.24
20201013T1000,32.5292,0.0,32.0,1007.0,10.233123,9.72
20201013T1100,34.229202,0.0,24.0,1006.1,6.989936,6.4799995
20201013T1200,34.9592,0.0,22.0,1005.3,4.6938257,4.32
20201013T1300,35.4892,0.0,21.0,1004.7,3.6,2.8799999
20201013T1400,35.749203,0.0,20.0,1003.8,2.8116899,2.52
20201013T1500,35.729202,0.0,20.0,1002.9,2.0364676,1.4399999
20201013T1600,35.4392,0.0,20.0,1003.0,1.2979984,1.8
20201013T1700,34.1492,0.0,29.0,1003.8,2.5455842,4.32
20201013T1800,33.589203,0.0,31.0,1004.3,1.609969,2.16
20201013T1900,33.229202,0.0,31.0,1004.7,4.452954,5.04
20201013T2000,32.729202,0.0,32.0,1005.2,6.151683,6.4799995
20201013T2100,31.989199,0.0,33.0,1005.8,7.24486,8.64
20201013T2200,31.069199,0.0,35.0,1005.9,7.289445,9.72
20201013T2300,30.079199,0.0,37.0,1005.9,7.386582,10.799999
20190930T0000,24.239199,0.0,84.0,1011.4,8.225035,12.959999
20190930T0100,24.079199,0.0,85.0,1011.2,8.049845,11.879999
20190930T0200,23.899199,0.0,86.0,1010.7,7.5685663,11.159999
20190930T0300,23.6892,0.0,87.0,1010.2,6.8399997,10.440001
20190930T0400,23.569199,0.0,88.0,1010.4,6.489992,9.72
20190930T0500,23.5392,0.0,88.0,1010.7,5.771239,9.36
20190930T0600,23.5992,0.0,87.0,1011.0,5.1544156,8.28
20190930T0700,24.059198,0.0,85.0,1011.2,6.3690495,8.28
20190930T0800,24.819199,0.0,82.0,1011.9,6.28713,7.2
20190930T0900,25.649199,0.0,78.0,1012.4,5.1544156,5.3999996
20190930T1000,26.5092,0.0,74.0,1012.1,4.379589,3.96
20190930T1100,26.8492,0.0,72.0,1011.3,3.0547013,4.32
20190930T1200,27.479198,0.1,69.0,1010.7,2.16,2.8799999
20190930T1300,28.809198,0.0,63.0,1009.9,0.8049845,1.8
20190930T1400,29.5392,0.0,59.0,1008.7,1.8,2.16
20190930T1500,29.9592,0.0,57.0,1007.6,3.2599385,3.6
20190930T1600,29.999199,0.0,56.0,1007.3,4.32,5.04
20190930T1700,28.829199,0.1,61.0,1007.3,11.252519,12.599999
20190930T1800,28.1292,0.0,63.0,1007.7,9.531505,11.159999
20190930T1900,27.319199,0.0,68.0,1008.1,9.826088,16.919998
20190930T2000,26.569199,0.0,72.0,1008.6,10.446206,19.44
20190930T2100,26.0192,0.0,75.0,1009.1,10.440001,21.599998
20190930T2200,25.5892,0.0,76.0,1009.0,10.08,22.319998
20190930T2300,25.239199,0.0,78.0,1008.9,9.72,22.319998
20191001T0000,24.8892,0.0,80.0,1008.9,9.007196,14.759999
20191001T0100,24.499199,0.0,82.0,1009.1,8.825508,14.4
20191001T0200,24.1792,0.0,84.0,1008.7,9.227524,14.759999
20191001T0300,24.249199,0.1,84.0,1008.2,9.360001,16.919998
20191001T0400,24.0192,0.0,85.0,1008.2,11.043261,20.16
20191001T0500,23.749199,0.0,87.0,1008.5,11.013882,12.959999
20191001T0600,23.479198,0.0,89.0,1008.6,11.252519,12.959999
20191001T0700,24.4592,0.0,85.0,1008.7,12.261158,10.440001
20191001T0800,26.2592,0.0,78.0,1009.2,12.768586,11.159999
20191001T0900,28.2192,0.0,72.0,1009.6,10.144082,9.36
20191001T1000,29.5892,0.0,62.0,1009.1,6.725354,5.3999996
20191001T1100,30.649199,0.0,56.0,1008.5,5.7599998,7.2
20191001T1200,31.559198,0.0,53.0,1007.8,5.506941,9.36
20191001T1300,32.299202,0.0,49.0,1007.2,6.0347,8.64
20191001T1400,32.6892,0.0,48.0,1006.1,6.6087217,10.440001
20191001T1500,32.7892,0.0,46.0,1005.3,7.8954163,10.799999
20191001T1600,32.6492,0.0,46.0,1005.4,8.669949,11.879999
20191001T1700,30.3892,0.0,53.0,1005.9,9.531505,10.08
20191001T1800,29.7092,0.0,55.0,1006.5,7.628263,10.08
20191001T1900,29.1992,0.0,57.0,1007.1,6.6185193,5.7599998
20191001T2000,28.6892,0.0,60.0,1007.9,6.379216,10.440001
20191001T2100,28.1892,0.0,62.0,1008.7,6.5693827,10.799999
20191001T2200,27.6192,0.0,64.0,1008.7,7.2359104,11.5199995
20191001T2300,27.0092,0.0,66.0,1008.7,7.92,10.440001
20191002T0000,26.399199,0.0,68.0,1008.8,7.9526596,10.440001
20191002T0100,25.7792,0.0,71.0,1009.2,8.4042845,11.159999
20191002T0200,25.1892,0.0,74.0,1009.0,8.473393,11.5199995
20191002T0300,24.7192,0.0,76.0,1008.7,8.473393,11.5199995
20191002T0400,24.319199,0.0,78.0,1008.8,8.209263,11.159999
20191002T0500,23.9492,0.0,80.0,1009.4,7.42159,10.799999
20191002T0600,23.649199,0.0,82.0,1009.9,7.42159,10.08
20191002T0700,24.9492,0.0,78.0,1010.4,6.489992,9.0
20191002T0800,26.989199,0.0,70.0,1011.0,9.107359,9.36
20191002T0900,29.0292,0.0,62.0,1011.4,8.217153,8.28
20191002T1000,30.2192,0.0,56.0,1010.9,3.7585104,7.2
20191002T1100,31.1992,0.0,53.0,1010.1,2.16,9.0
20191002T1200,32.159203,0.0,49.0,1009.3,2.3051248,8.64
20191002T1300,32.9492,0.0,46.0,1008.8,3.4152596,9.0
20191002T1400,33.4392,0.0,43.0,1007.7,5.506941,11.879999
20191002T1500,33.569202,0.0,41.0,1006.7,7.4128532,12.959999
20191002T1600,33.499203,0.0,39.0,1006.2,5.3517847,13.32
20191002T1700,32.0292,0.0,46.0,1006.7,5.8603754,12.24
20191002T1800,31.3692,0.0,48.0,1007.1,4.5536795,10.799999
20191002T1900,30.7892,0.0,51.0,1007.6,6.379216,6.8399997
20191002T2000,30.1192,0.0,53.0,1008.2,7.4128532,10.440001
20191002T2100,29.4392,0.0,55.0,1008.8,7.7043357,12.599999
20191002T2200,28.749199,0.0,57.0,1008.5,8.404285,10.08
20191002T2300,28.1392,0.0,59.0,1008.2,8.913181,11.5199995
20191003T0000,27.579199,0.0,61.0,1008.2,8.913181,7.5599995
20191003T0100,27.0492,0.0,64.0,1008.3,8.654987,9.72
20191003T0200,26.5492,0.0,66.0,1008.0,8.161764,12.599999
20191003T0300,26.079199,0.0,68.0,1007.7,7.653705,12.599999
20191003T0400,25.649199,0.0,71.0,1008.0,7.127636,12.24
20191003T0500,25.229198,0.0,73.0,1008.8,6.8777895,12.24
20191003T0600,24.899199,0.0,75.0,1009.3,6.9153743,12.24
20191003T0700,25.9692,0.0,72.0,1009.6,6.193674,11.159999
20191003T0800,27.989199,0.0,65.0,1010.0,7.5942082,8.64
20191003T0900,30.249199,0.0,57.0,1010.3,8.089993,8.64
20191003T1000,31.7692,0.0,50.0,1010.0,7.4128532,5.7599998
20191003T1100,32.8492,0.0,46.0,1009.4,3.219938,6.8399997
20191003T1200,33.7092,0.0,39.0,1008.9,2.0991426,5.3999996
20191003T1300,34.3492,0.0,36.0,1008.3,2.2768397,5.7599998
20191003T1400,34.7092,0.0,35.0,1007.3,3.8773184,6.12
20191003T1500,34.8592,0.0,34.0,1006.5,7.771331,8.28
20191003T1600,34.659203,0.0,32.0,1006.5,10.787993,10.799999
20191003T1700,32.9392,0.0,42.0,1006.9,3.5455887,9.72
20191003T1800,32.409203,0.0,41.0,1007.6,4.1046314,7.5599995
20191003T1900,32.319202,0.0,39.0,1008.0,3.219938,5.04
20191003T2000,32.0092,0.0,40.0,1008.5,4.32,4.32
20191003T2100,31.7992,0.0,40.0,1009.1,5.95906,5.3999996
20191003T2200,31.2992,0.0,42.0,1009.1,6.4096174,6.12
20191003T2300,30.5892,0.0,45.0,1009.1,6.4096174,6.8399997
20191004T0000,29.7792,0.0,48.0,1009.3,6.12,6.8399997
20191004T0100,29.079199,0.0,51.0,1009.4,6.0347,7.2
20191004T0200,28.2692,0.0,54.0,1009.1,5.04,7.2
20191004T0300,27.7092,0.0,56.0,1008.7,6.130579,6.12
20191004T0400,27.0292,0.0,59.0,1009.0,6.12,6.12
20191004T0500,26.479198,0.0,61.0,1009.5,5.8048253,6.4799995
20191004T0600,25.919199,0.0,65.0,1009.8,5.4477882,6.4799995
20191004T0700,26.479198,0.0,65.0,1009.9,4.2136917,7.5599995
20191004T0800,28.999199,0.0,58.0,1010.2,3.5455887,7.92
20191004T0900,31.2992,0.0,48.0,1010.5,5.3517847,9.36
20191004T1000,33.1092,0.0,39.0,1010.2,6.0347,8.28
20191004T1100,34.2892,0.0,31.0,1009.6,9.957108,11.879999
20191004T1200,34.9692,0.0,30.0,1008.9,9.726664,13.32
20191004T1300,35.5392,0.0,29.0,1008.1,10.233123,12.599999
20191004T1400,35.8492,0.0,27.0,1007.0,12.984975,13.32
20191004T1500,35.6992,0.0,26.0,1006.1,14.565548,12.599999
20191004T1600,35.3092,0.0,26.0,1006.2,14.480773,12.24
20191004T1700,32.7092,0.0,33.0,1007.5,13.479583,15.4800005
20191004T1800,31.6292,0.0,36.0,1008.0,9.693296,17.28
20191004T1900,30.739199,0.0,39.0,1008.1,7.9932966,16.56
20191004T2000,30.1792,0.0,40.0,1008.3,7.145796,14.4
20191004T2100,29.8892,0.0,40.0,1008.7,6.696387,12.959999
20191004T2200,29.5192,0.0,40.0,1008.7,6.28713,13.32
20191004T2300,29.0892,0.0,41.0,1008.6,6.0347,12.24
20191005T0000,28.659199,0.0,42.0,1008.7,6.0347,11.879999
20191005T0100,28.1992,0.0,43.0,1008.7,5.95906,11.879999
20191005T0200,27.6792,0.0,44.0,1008.3,5.95906,12.24
20191005T0300,27.159199,0.0,45.0,1008.0,5.8048253,12.959999
20191005T0400,26.649199,0.0,46.0,1008.4,6.696387,13.679999
20191005T0500,26.079199,0.0,48.0,1008.9,6.792466,13.32
20191005T0600,25.5092,0.0,50.0,1009.5,6.6185193,12.24
20191005T0700,25.829199,0.0,52.0,1009.7,6.162207,10.08
20191005T0800,28.0992,0.0,50.0,1010.3,4.32,9.72
20191005T0900,30.4592,0.0,42.0,1010.8,7.072878,10.440001
20191005T1000,32.2792,0.0,35.0,1010.6,11.592895,14.4
20191005T1100,33.4192,0.0,31.0,1010.0,13.979872,12.24
20191005T1200,34.2392,0.0,28.0,1009.3,13.551501,11.5199995
20191005T1300,34.8092,0.0,27.0,1008.6,13.237038,12.959999
20191005T1400,35.1292,0.0,26.0,1007.3,12.819235,11.879999
20191005T1500,35.1992,0.0,25.0,1006.4,11.983188,11.5199995
20191005T1600,34.9892,0.0,24.0,1006.5,11.592895,12.599999
20191005T1700,33.0092,0.0,31.0,1007.7,8.707237,12.959999
20191005T1800,32.1692,0.0,32.0,1008.2,7.5685663,11.879999
20191005T1900,31.6192,0.0,34.0,1008.6,5.154415,10.08
20191005T2000,30.9592,0.0,35.0,1009.2,4.0249224,9.72
20191005T2100,30.5492,0.0,36.0,1009.8,2.5959969,7.92
20191005T2200,30.159199,0.0,36.0,1009.8,1.609969,5.7599998
20191005T2300,29.979198,0.0,36.0,1009.8,2.1897945,4.32
20191006T0000,29.579199,0.0,37.0,1009.8,2.9024127,3.96
20191006T0100,29.1392,0.0,39.0,1010.0,3.6,3.96
20191006T0200,28.5292,0.0,40.0,1009.7,4.73506,5.04
20191006T0300,27.7892,0.0,42.0,1009.2,5.3517847,6.4799995
20191006T0400,27.0092,0.0,43.0,1009.2,5.95906,6.8399997
20191006T0500,26.329199,0.0,45.0,1009.5,6.0347,7.2
20191006T0600,25.899199,0.0,45.0,1009.8,6.924738,8.64
20191006T0700,25.8492,0.0,48.0,1010.2,7.208994,10.08
20191006T0800,27.7792,0.0,47.0,1010.8,4.379589,10.440001
20191006T0900,30.659199,0.0,38.0,1011.2,7.9526596,9.72
20191006T1000,32.7692,0.0,31.0,1010.8,10.08,13.32
20191006T1100,34.0992,0.0,25.0,1010.1,13.044722,10.08
20191006T1200,34.909203,0.0,23.0,1009.4,13.246826,10.799999
20191006T1300,35.4692,0.0,22.0,1008.6,12.031756,12.24
20191006T1400,35.7692,0.0,21.0,1007.4,11.090103,11.879999
20191006T1500,35.7792,0.0,20.0,1006.6,9.504272,10.799999
20191006T1600,35.4892,0.0,20.0,1006.7,8.78872,10.08
20191006T1700,33.179203,0.0,27.0,1007.6,6.4096174,11.159999
20191006T1800,32.6492,0.0,28.0,1008.2,3.8268526,7.2
20191006T1900,32.299202,0.0,29.0,1008.6,0.8049845,3.2399998
20191006T2000,32.0192,0.0,30.0,1009.3,1.5273507,1.08
20191006T2100,31.4392,0.0,31.0,1010.0,3.6,2.52
20191006T2200,30.8792,0.0,33.0,1009.9,4.829907,3.6
20191006T2300,30.169199,0.0,34.0,1009.7,5.5887027,5.3999996
20191007T0000,29.499199,0.0,36.0,1009.6,6.162207,7.92
20191007T0100,28.7692,0.0,38.0,1009.7,6.12,10.440001
20191007T0200,28.0292,0.0,40.0,1009.3,5.0528407,13.679999
20191007T0300,27.3492,0.0,42.0,1008.9,3.7585104,14.04
20191007T0400,26.7792,0.0,44.0,1009.1,1.4399999,9.36
20191007T0500,26.169199,0.0,47.0,1009.8,1.9386592,7.2
20191007T0600,25.399199,0.0,50.0,1010.6,4.510787,11.159999
20191007T0700,25.559198,0.0,51.0,1011.4,5.8048253,19.08
20191007T0800,27.6792,0.0,45.0,1012.2,11.659777,12.24
20191007T0900,30.1792,0.0,37.0,1012.8,18.014393,16.199999
20191007T1000,31.8892,0.0,34.0,1012.4,18.733839,15.4800005
20191007T1100,33.1992,0.0,30.0,1011.9,17.81909,15.119999
20191007T1200,34.1492,0.0,28.0,1011.3,16.24394,15.119999
20191007T1300,34.7792,0.0,26.0,1010.8,15.281989,14.759999
20191007T1400,35.049202,0.0,25.0,1009.7,15.034041,16.199999
20191007T1500,35.0192,0.0,24.0,1008.7,15.379206,17.28
20191007T1600,34.6492,0.0,23.0,1008.7,16.179985,20.880001
20191007T1700,32.639202,0.0,31.0,1009.6,9.290511,16.199999
20191007T1800,31.879198,0.0,32.0,1010.1,7.5942082,13.32
20191007T1900,31.399199,0.0,33.0,1010.4,6.6087217,13.32
20191007T2000,30.6292,0.0,35.0,1010.8,5.991594,12.959999
20191007T2100,29.9492,0.0,37.0,1011.3,6.1094027,12.599999
20191007T2200,29.3792,0.0,37.0,1011.0,6.297428,12.599999
20191007T2300,28.8692,0.0,38.0,1010.8,7.42159,13.679999
20191008T0000,28.2892,0.0,39.0,1010.7,7.968939,14.4
20191008T0100,27.6992,0.0,41.0,1010.6,7.8625183,14.759999
20191008T0200,27.059198,0.0,42.0,1010.3,7.771331,14.759999
20191008T0300,26.3492,0.0,44.0,1010.0,7.771331,15.119999
20191008T0400,25.6192,0.0,47.0,1010.3,7.8625183,15.119999
20191008T0500,24.9292,0.0,49.0,1011.0,7.771331,15.4800005
20191008T0600,24.2692,0.0,51.0,1011.5,7.2805495,14.04
20191008T0700,24.6292,0.0,52.0,1011.9,6.4799995,12.599999
20191008T0800,26.999199,0.0,49.0,1012.4,3.6,9.36
20191008T0900,29.6792,0.0,40.0,1012.8,4.3498964,9.36
20191008T1000,31.829199,0.0,33.0,1012.4,5.495161,6.12
20191008T1100,33.0992,0.0,27.0,1011.6,11.792404,11.879999
20191008T1200,33.729202,0.0,26.0,1010.8,10.948973,12.24
20191008T1300,34.229202,0.0,25.0,1010.2,9.885262,12.24
20191008T1400,34.4892,0.0,24.0,1009.2,9.255571,11.5199995
20191008T1500,34.5192,0.0,23.0,1008.3,8.905908,11.5199995
20191008T1600,34.2792,0.0,22.0,1008.2,7.8625183,11.159999
20191008T1700,32.499203,0.0,29.0,1009.2,3.2599385,6.12
20191008T1800,32.0192,0.0,30.0,1009.8,1.5273507,6.8399997
20191008T1900,31.6792,0.0,30.0,1010.1,2.52,2.16
20191008T2000,31.2792,0.0,31.0,1010.6,2.968636,2.52
20191008T2100,30.7992,0.0,32.0,1011.1,3.7064266,3.2399998
20191008T2200,30.159199,0.0,34.0,1011.0,4.39436,4.68
20191008T2300,29.4492,0.0,36.0,1010.8,4.8965297,5.04
20191009T0000,28.7192,0.0,38.0,1010.8,4.8965297,6.12
20191009T0100,28.0292,0.0,40.0,1010.9,4.5820518,7.2
20191009T0200,27.3492,0.0,42.0,1010.6,4.39436,7.2
20191009T0300,26.6792,0.0,43.0,1010.3,4.6800003,7.5599995
20191009T0400,26.0092,0.0,45.0,1010.7,5.506941,9.0
20191009T0500,25.3892,0.0,46.0,1011.4,6.5693827,9.72
20191009T0600,24.5392,0.0,49.0,1012.0,6.924738,11.5199995
20191009T0700,24.5092,0.0,52.0,1012.2,5.8603754,12.959999
20191009T0800,26.9292,0.0,50.0,1012.7,4.3498964,8.64
20191009T0900,29.4392,0.0,45.0,1013.0,8.404285,7.5599995
20191009T1000,31.5492,0.0,37.0,1012.5,7.289444,7.5599995
20191009T1100,32.6992,0.0,28.0,1011.7,3.0547013,5.3999996
20191009T1200,33.3792,0.0,26.0,1010.9,3.2599385,6.4799995
20191009T1300,33.8592,0.0,25.0,1010.0,3.671294,8.28
20191009T1400,34.089203,0.0,24.0,1008.8,4.510787,9.72
20191009T1500,34.069202,0.0,23.0,1007.7,5.3517847,10.799999
20191009T1600,33.819202,0.0,23.0,1007.6,5.3999996,11.159999
20191009T1700,31.989199,0.0,29.0,1008.9,2.7416782,9.0
20191009T1800,31.3892,0.0,31.0,1009.1,2.1897945,2.8799999
20191009T1900,30.9692,0.0,32.0,1009.3,3.219938,4.32
20191009T2000,30.5492,0.0,32.0,1009.8,5.1165614,6.8399997
20191009T2100,29.9492,0.0,33.0,1010.3,6.989936,8.28
20191009T2200,29.0892,0.0,35.0,1010.4,7.729527,10.08
20191009T2300,28.169199,0.0,38.0,1010.4,7.754637,10.799999
20191010T0000,27.229198,0.0,40.0,1010.4,7.69592,12.24
20191010T0100,26.2792,0.0,44.0,1010.4,7.5599995,13.32
20191010T0200,25.319199,0.0,48.0,1010.0,7.5685663,10.440001
20191010T0300,24.4692,0.0,52.0,1009.7,7.2359104,7.5599995
20191010T0400,23.729198,0.0,56.0,1010.1,7.208994,7.5599995
20191010T0500,23.0392,0.0,59.0,1010.8,6.8399997,18.0
20191010T0600,22.3692,0.0,63.0,1011.4,6.924738,18.359999
20191010T0700,22.999199,0.0,63.0,1011.6,5.6920996,6.4799995
20191010T0800,26.0892,0.0,56.0,1011.9,4.68,6.12
20191010T0900,28.909199,0.0,48.0,1012.3,6.696387,7.2
20191010T1000,31.2892,0.0,41.0,1012.0,4.5536795,5.7599998
20191010T1100,32.799202,0.0,27.0,1011.4,4.0249224,6.8399997
20191010T1200,33.4592,0.0,25.0,1010.6,5.154415,5.7599998
20191010T1300,33.9492,0.0,24.0,1010.0,6.12,6.4799995
20191010T1400,34.1992,0.0,23.0,1009.0,6.489992,7.2
20191010T1500,34.159203,0.0,23.0,1008.1,6.638072,7.5599995
20191010T1600,33.8792,0.0,24.0,1008.1,6.3690495,8.28
20191010T1700,31.819199,0.0,30.0,1008.6,3.096837,6.4799995
20191010T1800,31.2092,0.0,32.0,1009.0,3.319036,4.32
20191010T1900,30.829199,0.0,32.0,1009.2,4.8433046,6.4799995
20191010T2000,30.2592,0.0,33.0,1009.7,6.193674,7.5599995
20191010T2100,29.559198,0.0,35.0,1010.2,7.4128532,9.36
20191010T2200,28.6992,0.0,37.0,1010.3,7.42159,10.08
20191010T2300,27.809198,0.0,40.0,1010.2,7.172949,10.440001
20191011T0000,26.9692,0.0,42.0,1010.2,6.28713,10.08
20191011T0100,26.239199,0.0,45.0,1010.2,5.8048253,10.440001
20191011T0200,25.559198,0.0,47.0,1009.9,5.771239,11.159999
20191011T0300,24.8492,0.0,50.0,1009.7,5.7599998,11.879999
20191011T0400,24.1792,0.0,53.0,1010.0,6.12,12.959999
20191011T0500,23.5292,0.0,56.0,1010.6,6.4799995,14.04
20191011T0600,22.9492,0.0,58.0,1011.2,6.489992,15.119999
20191011T0700,23.7192,0.0,58.0,1011.5,5.4119864,6.12
20191011T0800,26.659199,0.0,51.0,1011.9,4.896529,12.24
20191011T0900,29.2692,0.0,44.0,1012.4,8.4963045,8.28
20191011T1000,31.1192,0.0,37.0,1011.9,5.1165614,7.5599995
20191011T1100,32.179203,0.0,29.0,1011.1,0.71999997,3.2399998
20191011T1200,32.8492,0.0,28.0,1010.3,1.835647,4.68
20191011T1300,33.3692,0.0,26.0,1009.7,2.968636,5.04
20191011T1400,33.6292,0.0,26.0,1008.5,4.2136917,6.12
20191011T1500,33.639202,0.0,26.0,1007.6,4.5536795,4.68
20191011T1600,33.3992,0.0,25.0,1007.5,4.6800003,4.68
20191011T1700,32.319202,0.0,29.0,1007.7,4.5536795,7.5599995
20191011T1800,31.7692,0.0,30.0,1007.9,3.2399998,4.32
20191011T1900,31.2892,0.0,31.0,1008.2,2.7416782,4.32
20191011T2000,30.729198,0.0,33.0,1008.9,3.0758414,5.3999996
20191011T2100,30.0392,0.0,34.0,1009.5,3.5455887,6.4799995
20191011T2200,29.3692,0.0,36.0,1009.5,3.0547013,5.7599998
20191011T2300,28.829199,0.0,37.0,1009.4,3.2399998,5.3999996
20191012T0000,28.3892,0.0,38.0,1009.3,4.0249224,6.12
20191012T0100,27.9692,0.0,40.0,1009.5,3.8268526,6.4799995
20191012T0200,27.5192,0.0,41.0,1009.2,3.319036,6.8399997
20191012T0300,27.149199,0.0,42.0,1008.9,2.0364676,6.4799995
20191012T0400,26.5392,0.0,44.0,1009.4,1.835647,6.12
20191012T0500,26.1092,0.0,45.0,1010.2,2.8799999,6.12
20191012T0600,25.4292,0.0,47.0,1010.9,4.0249224,6.4799995
20191012T0700,25.5192,0.0,48.0,1011.4,4.5536795,9.36
20191012T0800,27.309198,0.0,48.0,1012.2,2.6208394,6.4799995
20191012T0900,30.059198,0.0,39.0,1012.8,3.8939953,5.04
20191012T1000,31.9992,0.0,32.0,1012.7,5.1919937,7.2
20191012T1100,33.159203,0.0,28.0,1012.2,4.0249224,5.3999996
20191012T1200,34.0192,0.0,24.0,1011.6,7.0911775,7.92
20191012T1300,34.6192,0.0,22.0,1010.9,8.427383,9.72
20191012T1400,34.909203,0.0,21.0,1009.6,9.565437,11.159999
20191012T1500,34.9492,0.0,20.0,1008.6,10.028439,16.56
20191012T1600,34.6892,0.0,20.0,1008.5,10.041354,13.32
20191012T1700,32.799202,0.0,26.0,1009.4,8.759178,13.32
20191012T1800,31.859198,0.0,28.0,1009.7,7.771331,11.879999
20191012T1900,31.1192,0.0,30.0,1010.0,7.491114,13.32
20191012T2000,30.2792,0.0,31.0,1010.7,7.7043357,13.679999
20191012T2100,29.3892,0.0,34.0,1011.4,7.5170207,12.959999
20191012T2200,28.489199,0.0,37.0,1011.3,7.5942073,14.4
20191012T2300,27.7792,0.0,39.0,1011.1,7.5685663,13.679999
20191013T0000,27.2992,0.0,41.0,1010.9,6.638072,12.599999
20191013T0100,26.739199,0.0,44.0,1010.8,4.8965297,13.32
20191013T0200,26.409199,0.0,45.0,1010.3,3.4152596,11.5199995
20191013T0300,26.1892,0.0,45.0,1009.9,2.9024127,10.440001
20191013T0400,26.0992,0.0,45.0,1010.2,2.1897945,9.72
20191013T0500,25.8792,0.0,46.0,1010.8,2.5959969,10.440001
20191013T0600,25.569199,0.0,46.0,1011.2,3.319036,11.159999
20191013T0700,25.8392,0.0,47.0,1011.5,4.829907,11.879999
20191013T0800,27.7892,0.0,46.0,1012.0,4.510787,10.799999
20191013T0900,30.649199,0.0,36.0,1012.2,7.628263,12.24
20191013T1000,32.6092,0.0,30.0,1011.7,9.114471,10.799999
20191013T1100,34.0792,0.0,26.0,1010.9,7.5599995,10.08
20191013T1200,35.1192,0.0,23.0,1010.1,4.802999,9.0
20191013T1300,35.8092,0.0,21.0,1009.5,3.6,9.72
20191013T1400,36.139202,0.0,20.0,1008.5,4.896529,15.84
20191013T1500,36.1692,0.0,19.0,1007.6,4.829907,16.919998
20191013T1600,35.929203,0.0,19.0,1007.5,4.5820518,16.199999
20191013T1700,33.5592,0.0,25.0,1009.0,6.151683,11.879999
20191013T1800,33.049202,0.0,25.0,1009.5,6.830519,8.64
20191013T1900,32.1692,0.0,26.0,1009.9,7.653705,9.36
20191013T2000,31.079199,0.0,28.0,1010.6,7.9932966,10.799999
20191013T2100,30.069199,0.0,30.0,1011.3,7.968939,12.959999
20191013T2200,29.169199,0.0,32.0,1011.1,7.5685663,14.04
20191013T2300,28.409199,0.0,33.0,1011.0,6.638072,12.24
20180930T0000,29.659199,0.0,42.0,1008.0,2.5455842,10.08
20180930T0100,29.399199,0.0,43.0,1007.8,2.8799999,7.5599995
20180930T0200,29.149199,0.0,43.0,1007.3,4.3349743,6.8399997
20180930T0300,28.8692,0.0,44.0,1006.9,5.4119864,7.2
20180930T0400,28.579199,0.0,44.0,1007.1,6.489992,8.28
20180930T0500,27.9692,0.0,46.0,1007.6,7.5685663,9.72
20180930T0600,27.079199,0.0,49.0,1008.0,7.928178,11.5199995
20180930T0700,27.059198,0.0,52.0,1008.4,7.5685663,13.679999
20180930T0800,29.3392,0.0,50.0,1008.9,5.4477882,11.879999
20180930T0900,31.9992,0.0,40.0,1009.3,10.464798,12.959999
20180930T1000,33.8992,0.0,34.0,1009.0,12.24,14.4
20180930T1100,35.1992,0.0,30.0,1008.4,12.224107,19.8
20180930T1200,36.0992,0.0,27.0,1007.9,12.303366,20.16
20180930T1300,36.799202,0.0,24.0,1007.3,14.168641,17.28
20180930T1400,37.0392,0.0,22.0,1006.3,17.283749,19.44
20180930T1500,36.929203,0.0,22.0,1005.5,16.92383,20.16
20180930T1600,36.569202,0.0,22.0,1005.4,15.580141,19.8
20180930T1700,34.4892,0.0,28.0,1006.2,11.966954,20.519999
20180930T1800,33.4492,0.0,31.0,1006.4,8.161764,15.4800005
20180930T1900,32.9492,0.0,33.0,1006.6,5.495161,12.959999
20180930T2000,32.1992,0.0,35.0,1007.0,3.7585104,12.24
20180930T2100,31.659199,0.0,37.0,1007.4,2.8799999,11.159999
20180930T2200,31.2192,0.0,38.0,1007.4,1.08,8.64
20180930T2300,30.8492,0.0,39.0,1007.4,0.5091169,6.8399997
20181001T0000,30.739199,0.0,39.0,1007.3,2.3051248,5.3999996
20181001T0100,30.3892,0.0,39.0,1007.1,3.8268526,3.2399998
20181001T0200,30.079199,0.0,40.0,1006.6,5.1919937,2.16
20181001T0300,29.659199,0.0,40.0,1006.3,5.495161,3.2399998
20181001T0400,29.159199,0.0,41.0,1006.7,5.4833565,4.68
20181001T0500,28.659199,0.0,42.0,1007.2,5.4833565,6.4799995
20181001T0600,28.2092,0.0,44.0,1007.6,5.0142193,7.2
20181001T0700,28.4492,0.0,44.0,1008.1,3.0758414,6.8399997
20181001T0800,29.9392,0.0,45.0,1008.7,0.5091169,5.3999996
20181001T0900,32.569202,0.0,37.0,1009.3,2.5959969,4.32
20181001T1000,34.499203,0.0,30.0,1009.1,3.4152596,5.3999996
20181001T1100,35.9592,0.0,27.0,1008.7,5.1544156,8.64
20181001T1200,36.7892,0.0,23.0,1008.3,8.587338,9.36
20181001T1300,37.3792,0.0,19.0,1008.0,14.512064,14.759999
20181001T1400,37.4592,0.0,19.0,1007.1,15.580141,16.199999
20181001T1500,37.2892,0.0,19.0,1006.4,14.84318,16.199999
20181001T1600,36.889202,0.0,19.0,1006.4,13.479583,19.8
20181001T1700,35.339203,0.0,23.0,1007.0,8.942214,13.32
20181001T1800,34.5392,0.0,25.0,1007.2,7.8954163,12.599999
20181001T1900,33.6992,0.0,27.0,1007.6,5.8603754,11.159999
20181001T2000,32.9392,0.0,29.0,1008.1,5.1165614,11.159999
20181001T2100,32.2792,0.0,30.0,1008.5,4.198285,10.08
20181001T2200,31.819199,0.0,31.0,1008.5,2.6208394,8.64
20181001T2300,31.399199,0.0,31.0,1008.3,1.835647,7.2
20181002T0000,30.9492,0.0,32.0,1008.2,1.1384199,5.7599998
20181002T0100,30.5092,0.0,33.0,1008.1,1.609969,3.96
20181002T0200,29.9492,0.0,34.0,1007.7,2.8799999,2.8799999
20181002T0300,29.4592,0.0,35.0,1007.5,4.1046314,2.52
20181002T0400,28.9692,0.0,36.0,1007.9,4.510787,3.96
20181002T0500,28.409199,0.0,37.0,1008.4,4.8965297,6.4799995
20181002T0600,27.7892,0.0,39.0,1008.9,4.072935,8.64
20181002T0700,27.919199,0.0,42.0,1009.4,2.0364676,9.72
20181002T0800,29.0992,0.0,43.0,1010.0,1.484318,9.0
20181002T0900,32.0392,0.0,35.0,1010.4,2.2768397,7.5599995
20181002T1000,34.2392,0.0,30.0,1010.1,3.319036,7.92
20181002T1100,35.929203,0.0,26.0,1009.6,2.968636,7.5599995
20181002T1200,37.1992,0.0,22.0,1009.1,3.9763298,10.799999
20181002T1300,38.0592,0.0,16.0,1008.6,8.707237,15.119999
20181002T1400,38.179203,0.0,15.0,1007.6,12.738099,16.919998
20181002T1500,37.999203,0.0,15.0,1006.6,12.768586,17.28
20181002T1600,37.5392,0.0,16.0,1006.5,12.10157,17.28
20181002T1700,35.319202,0.0,22.0,1007.6,7.42159,12.24
20181002T1800,34.7192,0.0,23.0,1007.8,5.8048253,9.0
20181002T1900,33.8292,0.0,26.0,1008.0,5.04,9.0
20181002T2000,33.049202,0.0,27.0,1008.3,5.154415,9.72
20181002T2100,32.2592,0.0,28.0,1008.6,5.0911684,10.08
20181002T2200,31.4392,0.0,30.0,1008.4,5.154415,9.72
20181002T2300,30.669199,0.0,32.0,1008.1,4.6938252,9.36
20181003T0000,29.9592,0.0,34.0,1008.0,4.452954,8.64
20181003T0100,29.3592,0.0,35.0,1007.8,4.6102495,7.92
20181003T0200,28.8492,0.0,36.0,1007.4,4.6102495,6.8399997
20181003T0300,28.399199,0.0,37.0,1007.0,4.8965297,7.92
20181003T0400,28.0192,0.0,38.0,1007.1,5.1165614,10.08
20181003T0500,27.6192,0.0,39.0,1007.4,5.3517847,11.879999
20181003T0600,27.329199,0.0,40.0,1007.7,6.3690495,14.04
20181003T0700,27.1092,0.0,43.0,1008.1,6.989936,12.959999
20181003T0800,28.829199,0.0,45.0,1008.7,5.154415,9.36
20181003T0900,31.739199,0.0,38.0,1009.1,6.725354,9.72
20181003T1000,33.8692,0.0,31.0,1008.8,4.5536795,8.64
20181003T1100,35.5592,0.0,27.0,1008.3,3.396233,7.92
20181003T1200,36.9692,0.0,23.0,1007.8,3.6179552,6.4799995
20181003T1300,37.659203,0.0,16.0,1007.5,9.693296,10.08
20181003T1400,37.7692,0.0,16.0,1006.7,10.799999,13.32
20181003T1500,37.5792,0.0,16.0,1006.0,10.44,13.679999
20181003T1600,37.159203,0.0,16.0,1006.0,9.885262,16.919998
20181003T1700,35.2792,0.0,22.0,1006.9,4.6800003,14.04
20181003T1800,34.499203,0.0,23.0,1006.9,6.5693827,9.36
20181003T1900,33.659203,0.0,25.0,1007.3,7.8954163,13.679999
20181003T2000,32.7692,0.0,27.0,1007.8,8.287822,14.04
20181003T2100,31.879198,0.0,29.0,1008.3,8.404285,14.759999
20181003T2200,30.9292,0.0,31.0,1008.3,8.0899935,14.4
20181003T2300,29.9692,0.0,34.0,1008.3,7.42159,14.759999
20181004T0000,29.0492,0.0,37.0,1008.6,6.6185193,14.759999
20181004T0100,28.2692,0.0,40.0,1008.6,6.725354,15.119999
20181004T0200,27.5992,0.0,42.0,1008.4,6.849467,15.119999
20181004T0300,26.9592,0.0,44.0,1008.2,7.2359104,14.759999
20181004T0400,26.4292,0.0,46.0,1008.6,7.342588,15.4800005
20181004T0500,25.899199,0.0,47.0,1009.2,7.5170207,16.199999
20181004T0600,25.3392,0.0,50.0,1009.6,7.289444,16.919998
20181004T0700,25.7792,0.0,51.0,1010.1,6.151683,12.24
20181004T0800,28.489199,0.0,46.0,1010.7,5.495161,16.199999
20181004T0900,30.9392,0.0,41.0,1011.2,8.435069,12.959999
20181004T1000,33.229202,0.0,35.0,1010.8,10.009036,9.72
20181004T1100,34.8792,0.0,30.0,1010.2,7.5942082,5.7599998
20181004T1200,36.089203,0.0,26.0,1009.7,4.1046314,5.04
20181004T1300,36.9692,0.0,20.0,1009.2,3.096837,6.12
20181004T1400,37.1292,0.0,17.0,1008.7,4.6938252,16.56
20181004T1500,36.7792,0.0,15.0,1008.2,6.28713,13.679999
20181004T1600,36.389202,0.0,16.0,1008.4,7.5599995,11.879999
20181004T1700,34.2192,0.9,27.0,1008.6,5.8048253,11.5199995
20181004T1800,33.6192,0.4,32.0,1008.8,3.096837,14.04
20181004T1900,33.4192,0.0,26.0,1008.9,8.161764,7.2
20181004T2000,32.5592,0.0,28.0,1009.2,9.220499,13.679999
20181004T2100,31.829199,0.0,29.0,1009.7,8.891343,14.04
20181004T2200,30.979198,0.0,31.0,1009.7,8.39657,13.679999
20181004T2300,30.0292,0.0,35.0,1009.9,8.209263,13.679999
20181005T0000,28.999199,0.0,39.0,1010.2,7.928177,14.04
20181005T0100,28.0092,0.0,43.0,1010.4,7.5942082,13.679999
20181005T0200,27.1392,0.0,47.0,1010.2,7.172949,14.04
20181005T0300,26.249199,0.0,51.0,1010.0,7.2805495,15.4800005
20181005T0400,25.3792,0.0,55.0,1010.3,7.9526596,17.28
20181005T0500,24.5992,0.0,58.0,1010.8,8.669949,19.08
20181005T0600,23.899199,0.0,62.0,1011.2,9.0645685,15.4800005
20181005T0700,24.5392,0.0,62.0,1011.7,9.255571,11.5199995
20181005T0800,27.3392,0.0,56.0,1012.3,6.924738,9.36
20181005T0900,29.979198,0.0,47.0,1012.8,9.885262,8.28
20181005T1000,31.9592,0.0,40.0,1012.4,9.826088,6.8399997
20181005T1100,33.5392,0.0,35.0,1011.7,8.4042845,9.72
20181005T1200,34.8292,0.0,30.0,1011.1,8.404285,10.08
20181005T1300,35.639202,0.0,26.0,1010.6,10.365251,11.879999
20181005T1400,35.9692,0.0,23.0,1009.8,11.928989,13.32
20181005T1500,35.819202,0.0,22.0,1009.2,11.879999,13.679999
20181005T1600,35.3692,0.0,22.0,1009.3,11.885453,14.4
20181005T1700,34.1492,0.0,25.0,1009.2,7.145796,12.599999
20181005T1800,33.479202,0.0,25.0,1009.4,6.830519,10.08
20181005T1900,32.7092,0.0,27.0,1009.6,6.849467,11.159999
20181005T2000,31.739199,0.0,30.0,1009.9,6.849467,12.24
20181005T2100,30.749199,0.0,32.0,1010.2,6.87779,15.119999
20181005T2200,29.7892,0.0,33.0,1010.1,6.5693827,15.4800005
20181005T2300,28.909199,0.0,35.0,1010.1,5.8048253,15.119999
20181006T0000,28.2092,0.0,37.0,1010.2,5.1544156,14.759999
20181006T0100,27.6192,0.0,38.0,1010.2,4.0249224,13.679999
20181006T0200,27.169199,0.0,39.0,1009.9,1.4399999,11.159999
20181006T0300,26.8492,0.0,40.0,1009.7,1.609969,8.28
20181006T0400,26.7592,0.0,41.0,1010.0,3.8939953,6.4799995
20181006T0500,26.7192,0.0,41.0,1010.6,4.510787,4.68
20181006T0600,26.5492,0.0,42.0,1011.0,4.5536795,2.8799999
20181006T0700,26.8692,0.0,43.0,1011.7,3.9763298,2.8799999
20181006T0800,28.3792,0.0,43.0,1012.4,1.4399999,1.08
20181006T0900,30.9392,0.0,34.0,1012.9,1.08,1.08
20181006T1000,33.0392,0.0,27.0,1012.6,1.8,2.52
20181006T1100,34.429203,0.0,23.0,1011.9,3.319036,13.679999
20181006T1200,35.2092,0.0,21.0,1011.3,6.0347,13.32
20181006T1300,35.7792,0.0,17.0,1010.9,12.599998,21.599998
20181006T1400,35.889202,0.0,17.0,1010.1,14.264361,23.039999
20181006T1500,35.7192,0.0,17.0,1009.3,15.021105,21.24
20181006T1600,35.249203,0.0,17.0,1009.1,14.529915,19.8
20181006T1700,33.5792,0.0,23.0,1008.9,8.287822,19.44
20181006T1800,32.799202,0.0,24.0,1009.0,6.9527545,10.799999
20181006T1900,32.049202,0.0,26.0,1009.2,4.73506,9.72
20181006T2000,31.4592,0.0,27.0,1009.6,3.319036,8.64
20181006T2100,31.059198,0.0,27.0,1010.0,1.9386592,6.12
20181006T2200,30.7192,0.0,27.0,1009.9,1.8,3.96
20181006T2300,30.3692,0.0,28.0,1009.9,2.52,2.52
20181007T0000,30.0292,0.0,28.0,1009.9,2.968636,1.4399999
20181007T0100,29.6292,0.0,29.0,1009.9,3.6,1.4399999
20181007T0200,29.1192,0.0,30.0,1009.6,3.8939953,2.16
20181007T0300,28.479198,0.0,31.0,1009.4,4.2136917,3.2399998
20181007T0400,27.7192,0.0,34.0,1009.8,3.96,4.32
20181007T0500,26.8492,0.0,36.0,1010.4,3.671294,5.04
20181007T0600,25.9392,0.0,39.0,1011.0,3.5455887,5.3999996
20181007T0700,25.809198,0.0,41.0,1011.5,2.9024127,7.2
20181007T0800,27.409199,0.0,43.0,1012.1,0.8049845,7.5599995
20181007T0900,30.559198,0.0,35.0,1012.4,3.671294,7.92
20181007T1000,32.9492,0.0,28.0,1012.1,6.763786,7.5599995
20181007T1100,34.409203,0.0,23.0,1011.4,8.209263,12.599999
20181007T1200,35.2192,0.0,20.0,1010.7,8.825508,14.04
20181007T1300,35.7192,0.0,17.0,1010.1,12.313894,19.8
20181007T1400,35.819202,0.0,17.0,1009.2,12.496718,20.880001
20181007T1500,35.6692,0.0,17.0,1008.3,12.738099,21.599998
20181007T1600,35.2792,0.0,17.0,1008.2,12.475961,19.8
20181007T1700,33.3492,0.0,22.0,1008.6,7.42159,15.119999
20181007T1800,32.729202,0.0,23.0,1008.7,6.0347,9.36
20181007T1900,31.819199,0.0,25.0,1008.9,5.0911684,9.0
20181007T2000,31.059198,0.0,27.0,1009.4,4.8433046,9.36
20181007T2100,30.399199,0.0,28.0,1009.9,5.815978,7.92
20181007T2200,29.579199,0.0,29.0,1009.8,6.162207,7.92
20181007T2300,28.739199,0.0,31.0,1009.7,6.12,7.5599995
20181008T0000,27.9292,0.0,33.0,1009.8,5.8603754,7.2
20181008T0100,27.2092,0.0,35.0,1009.8,5.495161,6.8399997
20181008T0200,26.579199,0.0,36.0,1009.5,5.1165614,7.5599995
20181008T0300,26.0492,0.0,38.0,1009.2,4.829907,8.28
20181008T0400,25.5992,0.0,39.0,1009.4,3.7064266,10.08
20181008T0500,25.169199,0.0,40.0,1009.9,3.319036,10.08
20181008T0600,24.6892,0.0,42.0,1010.2,3.219938,10.08
20181008T0700,24.819199,0.0,44.0,1010.6,4.0249224,11.5199995
20181008T0800,26.5992,0.0,45.0,1011.1,3.2399998,10.08
20181008T0900,29.3792,0.0,38.0,1011.3,5.6233797,9.0
20181008T1000,31.809198,0.0,31.0,1010.8,7.771331,10.08
20181008T1100,33.6192,0.0,27.0,1010.0,8.707238,14.04
20181008T1200,34.929203,0.0,23.0,1009.2,7.491114,12.599999
20181008T1300,35.6692,0.0,18.0,1008.6,5.771239,14.4
20181008T1400,35.889202,0.0,17.0,1007.7,7.24486,15.84
20181008T1500,35.839203,0.0,16.0,1006.7,7.10031,16.56
20181008T1600,35.5292,0.0,16.0,1006.5,6.9153743,19.8
20181008T1700,34.1492,0.0,23.0,1006.7,3.8939953,11.879999
20181008T1800,33.549202,0.0,23.0,1006.9,2.968636,3.96
20181008T1900,32.9392,0.0,24.0,1007.0,5.3999996,6.8399997
20181008T2000,32.1292,0.0,26.0,1007.2,7.729527,9.36
20181008T2100,31.0092,0.0,28.0,1007.5,8.766573,12.24
20181008T2200,29.829199,0.0,31.0,1007.3,8.473393,13.679999
20181008T2300,28.739199,0.0,34.0,1007.2,8.311245,14.759999
20181009T0000,27.7792,0.0,36.0,1007.3,7.928178,15.84
20181009T0100,26.919199,0.0,39.0,1007.4,8.12197,16.56
20181009T0200,26.0092,0.0,42.0,1007.2,8.12197,18.0
20181009T0300,25.0192,0.0,45.0,1006.9,8.209263,19.44
20181009T0400,24.1992,0.0,48.0,1007.2,8.557102,14.04
20181009T0500,23.6192,0.0,51.0,1007.7,8.905908,16.199999
20181009T0600,23.2592,0.0,52.0,1008.1,10.041354,18.72
20181009T0700,24.5092,0.0,51.0,1008.4,11.620809,21.96
20181009T0800,27.0392,0.0,46.0,1008.9,13.570615,24.84
20181009T0900,29.7792,0.0,40.0,1009.2,16.58346,19.44
20181009T1000,32.1292,0.0,33.0,1008.9,19.272614,18.0
20181009T1100,33.8792,0.0,28.0,1008.3,18.79255,20.16
20181009T1200,35.2792,0.0,25.0,1007.6,15.580141,12.24
20181009T1300,36.1892,0.0,23.0,1007.2,12.229406,10.799999
20181009T1400,36.6992,0.0,21.0,1006.3,8.404285,15.119999
20181009T1500,36.7792,0.0,19.0,1005.5,5.1919937,12.599999
20181009T1600,36.6192,0.0,17.0,1005.5,2.4149535,10.799999
20181009T1700,33.9892,0.0,30.0,1005.9,4.2136917,12.24
20181009T1800,33.4692,0.0,30.0,1006.3,5.4477882,6.4799995
20181009T1900,32.819202,0.0,31.0,1006.4,7.42159,8.64
20181009T2000,31.8492,0.0,33.0,1006.8,8.557102,11.159999
20181009T2100,30.5392,0.0,36.0,1007.2,8.766573,13.679999
20181009T2200,28.979198,0.0,41.0,1007.2,8.891344,15.84
20181009T2300,27.4592,0.0,46.0,1007.2,9.504273,18.359999
20181010T0000,26.149199,0.0,51.0,1007.3,9.693296,12.24
20181010T0100,25.239199,0.0,54.0,1007.5,9.449572,14.04
20181010T0200,24.5492,0.0,56.0,1007.3,9.255571,15.4800005
20181010T0300,23.979198,0.0,58.0,1007.2,9.47012,16.919998
20181010T0400,23.489199,0.0,59.0,1007.6,9.885262,18.359999
20181010T0500,22.999199,0.0,61.0,1008.2,10.594036,20.519999
20181010T0600,22.579199,0.0,62.0,1008.7,11.609651,23.039999
20181010T0700,23.8692,0.0,59.0,1009.2,12.605142,17.28
20181010T0800,26.4292,0.0,53.0,1009.9,16.454008,28.44
20181010T0900,29.1192,0.0,47.0,1010.4,19.734436,23.4
20181010T1000,31.399199,0.0,41.0,1010.0,22.55106,22.68
20181010T1100,33.2092,0.0,37.0,1009.4,21.129883,18.0
20181010T1200,34.3592,0.0,34.0,1008.8,18.709612,21.599998
20181010T1300,35.2792,0.0,30.0,1008.2,15.5843,18.72
20181010T1400,35.679203,0.0,27.0,1007.1,13.679999,15.84
20181010T1500,35.639202,0.0,26.0,1006.3,10.446206,16.919998
20181010T1600,35.4592,0.0,22.0,1006.3,5.4477882,11.5199995
20181010T1700,34.139202,0.0,27.0,1006.0,4.3349743,11.5199995
20181010T1800,33.4192,0.0,28.0,1006.1,7.5599995,10.08
20181010T1900,32.299202,0.0,31.0,1006.2,9.422101,15.4800005
20181010T2000,31.1292,0.0,34.0,1006.6,10.1376915,18.72
20181010T2100,29.919199,0.0,38.0,1007.1,10.495713,18.72
20181010T2200,28.6992,0.0,42.0,1007.3,10.1376915,17.28
20181010T2300,27.579199,0.0,48.0,1007.6,10.105681,18.72
20181011T0000,26.749199,0.0,54.0,1007.9,10.799999,17.28
20181011T0100,26.569199,0.0,57.0,1008.2,11.5199995,16.56
20181011T0200,26.4492,0.0,58.0,1008.1,12.959999,19.08
20181011T0300,26.069199,0.0,59.0,1008.0,14.4,32.399998
20181011T0400,25.8492,0.0,60.0,1008.5,15.484185,21.24
20181011T0500,25.5992,0.0,61.0,1009.0,16.23596,22.319998
20181011T0600,25.4392,0.0,61.0,1009.6,16.808569,23.4
20181011T0700,25.6992,0.0,62.0,1010.0,17.902534,24.84
20181011T0800,26.5892,0.0,60.0,1010.8,19.66536,24.84
20181011T0900,28.7592,0.0,53.0,1011.3,20.140705,28.8
20181011T1000,30.8592,0.0,46.0,1010.7,21.313093,24.48
20181011T1100,32.5792,0.0,41.0,1009.9,21.437386,21.599998
20181011T1200,33.6292,0.0,38.0,1009.2,20.46941,20.880001
20181011T1300,34.179203,0.0,37.0,1008.9,18.204042,23.759998
20181011T1400,33.499203,0.0,37.0,1008.3,17.057314,22.68
20181011T1500,32.6992,0.0,39.0,1007.8,19.852295,23.039999
20181011T1600,32.2392,0.0,39.0,1008.0,20.16,26.64
20181011T1700,32.2892,0.0,32.0,1008.4,5.634891,13.32
20181011T1800,31.3492,0.0,35.0,1008.7,7.8625183,11.159999
20181011T1900,30.2892,0.0,38.0,1009.1,9.983106,16.56
20181011T2000,29.1792,0.0,42.0,1009.6,11.119281,16.56
20181011T2100,28.0892,0.0,45.0,1010.4,10.990322,15.4800005
20181011T2200,27.1292,0.0,49.0,1010.7,10.086427,15.4800005
20181011T2300,26.3892,0.0,52.0,1010.9,9.220499,15.119999
20181012T0000,25.7892,0.0,55.0,1011.1,8.913181,14.759999
20181012T0100,25.2692,0.0,57.0,1011.3,8.654987,18.0
20181012T0200,24.899199,0.0,58.0,1011.2,8.669949,21.24
20181012T0300,24.8392,0.0,58.0,1011.0,8.161764,21.24
20181012T0400,24.2592,0.0,59.0,1011.4,7.928177,20.519999
20181012T0500,23.7692,0.0,61.0,1011.9,7.729527,20.16
20181012T0600,23.309198,0.0,63.0,1012.2,7.172949,18.72
20181012T0700,24.2692,0.0,61.0,1012.6,5.8603754,16.199999
20181012T0800,27.2092,0.0,54.0,1013.1,4.452954,14.4
20181012T0900,29.819199,0.0,45.0,1013.5,9.422101,8.64
20181012T1000,31.4492,0.0,40.0,1013.1,8.854829,9.72
20181012T1100,32.3292,0.0,30.0,1012.5,1.484318,4.32
20181012T1200,32.9592,0.0,29.0,1011.9,2.9024127,4.68
20181012T1300,33.429203,0.0,28.0,1011.3,3.7064266,5.04
20181012T1400,33.639202,0.0,27.0,1010.3,4.3349743,6.4799995
20181012T1500,33.6092,0.0,26.0,1009.4,5.495161,7.92
20181012T1600,33.299202,0.0,26.0,1009.3,6.379216,9.36
20181012T1700,30.729198,0.0,30.0,1010.3,4.802999,7.5599995
20181012T1800,29.9592,0.0,32.0,1010.6,6.12,7.5599995
20181012T1900,29.4392,0.0,33.0,1011.0,6.28713,8.28
20181012T2000,28.829199,0.0,35.0,1011.7,6.151683,9.72
20181012T2100,28.1192,0.0,37.0,1012.4,6.489992,11.159999
20181012T2200,27.3392,0.0,39.0,1012.4,6.6185193,8.28
20181012T2300,26.569199,0.0,41.0,1012.4,6.9527545,9.72
20181013T0000,25.7992,0.0,43.0,1012.5,7.0911775,10.08
20181013T0100,25.0892,0.0,44.0,1012.6,7.10031,10.440001
20181013T0200,24.399199,0.0,46.0,1012.4,6.989936,10.440001
20181013T0300,23.7592,0.0,47.0,1012.1,6.638072,10.08
20181013T0400,23.149199,0.0,49.0,1012.3,6.638072,9.72
20181013T0500,22.559198,0.0,51.0,1012.9,5.8048253,8.28
20181013T0600,21.989199,0.0,54.0,1013.3,4.6800003,10.440001
20181013T0700,22.419199,0.0,55.0,1013.9,2.9024127,5.3999996
20181013T0800,24.8392,0.0,53.0,1014.5,0.71999997,2.52
20181013T0900,27.5992,0.0,44.0,1014.9,1.5273507,0.71999997
20181013T1000,29.569199,0.0,36.0,1014.5,2.3051248,6.12
20181013T1100,30.5992,0.0,29.0,1013.9,10.233123,11.879999
20181013T1200,31.2992,0.0,27.0,1013.2,11.457958,13.32
20181013T1300,31.809198,0.0,26.0,1012.6,12.261157,14.4
20181013T1400,31.9992,0.0,25.0,1011.5,12.979984,15.119999
20181013T1500,31.899199,0.0,25.0,1010.5,13.363711,15.84
20181013T1600,31.4692,0.0,26.0,1010.3,12.904882,16.199999
20181013T1700,30.1392,0.0,26.0,1010.8,10.799999,19.08
20181013T1800,29.059198,0.0,29.0,1011.0,8.39657,15.84
20181013T1900,28.499199,0.0,30.0,1011.2,7.10031,15.119999
20181013T2000,27.8492,0.0,31.0,1011.6,5.00128,13.32
20181013T2100,27.319199,0.0,32.0,1011.9,4.1046314,11.879999
20181013T2200,26.9392,0.0,32.0,1011.7,3.219938,9.72
20181013T2300,26.569199,0.0,32.0,1011.6,3.6179552,8.28