location,Hyderabad,Hyderabad,Hyderabad,Hyderabad,Hyderabad,Hyderabad
lat,17.39359,17.39359,17.39359,17.39359,17.39359,17.39359
lon,78.46420,78.46420,78.46420,78.46420,78.46420,78.46420
asl,521.600,521.600,521.600,521.600,521.600,521.600
variable,Temperature,Precipitation Total,Relative Humidity,Mean Sea Level Pressure,Wind Speed,Wind Gust
unit,Â°C,mm,%,hPa,km/h,km/h
level,2 m elevation corrected,sfc,2 m,MSL,10 m,sfc
resolution,hourly,hourly,hourly,hourly,hourly,hourly
aggregation,None,None,None,None,None,None
timestamp,Hyderabad Temperature [2 m elevation corrected],Hyderabad Precipitation Total,Hyderabad Relative Humidity [2 m],Hyderabad Mean Sea Level Pressure [MSL],Hyderabad Wind Speed [10 m],Hyderabad Wind Gust
20210930T0000,23.9529,0.0,86.0,1009.3,7.42159,20.880001
20210930T0100,23.5629,0.0,88.0,1008.8,8.209263,19.44
20210930T0200,23.2329,0.0,89.0,1008.6,8.209263,23.039999
20210930T0300,22.9229,0.0,90.0,1008.2,8.473393,16.56
20210930T0400,22.8029,0.0,91.0,1008.7,8.4042845,20.16
20210930T0500,22.7129,0.0,91.0,1009.3,7.9526596,18.0
20210930T0600,22.7129,0.0,91.0,1009.9,8.311245,20.880001
20210930T0700,24.2129,0.0,86.0,1010.8,11.159999,11.159999
20210930T0800,25.7329,0.0,78.0,1011.1,14.05845,11.159999
20210930T0900,26.9529,0.0,72.0,1011.0,14.145756,10.440001
20210930T1000,28.0029,0.0,68.0,1010.5,9.255571,9.36
20210930T1100,28.8229,0.0,65.0,1009.8,8.473393,9.0
20210930T1200,29.2429,0.0,63.0,1009.0,9.826088,10.08
20210930T1300,29.4429,0.0,62.0,1008.0,10.661107,11.5199995
20210930T1400,29.5029,0.0,62.0,1007.5,9.904906,10.440001
20210930T1500,28.6829,0.6,65.0,1007.1,8.0899935,9.0
20210930T1600,28.2529,0.8,67.0,1007.6,4.6102495,6.8399997
20210930T1700,28.4129,0.1,66.0,1007.9,5.154415,7.5599995
20210930T1800,27.9829,0.4,71.0,1008.7,3.8773184,7.2
20210930T1900,27.4629,0.0,72.0,1009.3,4.6938257,5.7599998
20210930T2000,26.9929,0.0,74.0,1009.7,5.3517847,6.8399997
20210930T2100,26.4829,0.0,76.0,1010.4,5.8603754,8.64
20210930T2200,25.9829,0.0,78.0,1010.2,5.3999996,9.72
20210930T2300,25.5329,0.0,80.0,1009.6,4.39436,7.92
20211001T0000,25.1529,0.0,82.0,1009.4,4.2136917,8.64
20211001T0100,24.7629,0.0,83.0,1009.0,5.04,10.799999
20211001T0200,24.2529,0.0,86.0,1008.9,5.8603754,11.879999
20211001T0300,23.7329,0.0,89.0,1008.6,6.0347,11.879999
20211001T0400,23.3529,0.0,92.0,1009.3,6.28713,12.24
20211001T0500,23.082901,0.0,94.0,1010.1,6.6087217,12.599999
20211001T0600,23.1629,0.1,94.0,1010.6,6.638072,6.4799995
20211001T0700,23.9429,0.4,92.0,1011.4,8.4963045,7.5599995
20211001T0800,25.3729,0.1,87.0,1011.2,9.028754,7.2
20211001T0900,25.2329,0.7,86.0,1011.3,9.021574,6.4799995
20211001T1000,26.4629,0.4,81.0,1010.7,6.9247384,5.7599998
20211001T1100,27.2329,0.0,76.0,1009.9,5.815978,6.4799995
20211001T1200,27.9929,0.0,71.0,1009.0,3.7064266,5.04
20211001T1300,28.4829,0.0,68.0,1007.9,2.0991426,6.12
20211001T1400,28.8729,0.0,66.0,1007.5,2.6208394,6.8399997
20211001T1500,28.7329,0.1,66.0,1006.9,3.0758414,5.7599998
20211001T1600,28.4529,0.0,66.0,1007.4,4.379589,6.4799995
20211001T1700,28.3429,0.0,65.0,1007.8,6.6185193,7.92
20211001T1800,27.6529,0.0,68.0,1008.5,5.506941,6.4799995
20211001T1900,27.2229,0.0,71.0,1009.4,5.4119864,8.28
20211001T2000,26.8029,0.0,73.0,1010.2,5.3999996,9.36
20211001T2100,26.3929,0.0,75.0,1011.1,5.7599998,9.36
20211001T2200,25.9929,0.0,76.0,1011.0,5.0911684,9.72
20211001T2300,25.5729,0.0,78.0,1010.5,5.0142193,11.159999
20211002T0000,25.1529,0.0,79.0,1010.3,5.634891,12.599999
20211002T0100,24.5729,0.0,82.0,1009.7,6.489992,14.4
20211002T0200,24.0229,0.0,85.0,1009.4,6.696387,15.119999
20211002T0300,23.5429,0.0,88.0,1009.0,6.489992,13.679999
20211002T0400,23.1729,0.0,91.0,1009.5,6.4096174,13.32
20211002T0500,22.8629,0.0,93.0,1010.1,6.1305785,13.679999
20211002T0600,22.7529,0.0,94.0,1010.6,5.0911684,13.679999
20211002T0700,24.0429,0.0,88.0,1011.2,7.491114,9.72
20211002T0800,25.7229,0.0,81.0,1011.4,9.178235,10.440001
20211002T0900,26.2629,0.2,77.0,1011.3,9.504272,9.72
20211002T1000,27.1129,0.0,73.0,1010.6,9.360001,10.08
20211002T1100,28.0929,0.0,69.0,1009.7,8.557102,9.0
20211002T1200,28.8729,0.0,64.0,1008.9,8.473393,9.36
20211002T1300,29.5329,0.0,61.0,1008.0,8.311245,10.08
20211002T1400,29.9029,0.0,59.0,1007.4,9.0,11.159999
20211002T1500,29.8829,0.0,59.0,1007.0,8.28,10.08
20211002T1600,29.5329,0.0,60.0,1007.4,8.647496,10.08
20211002T1700,29.0129,0.1,61.0,1007.5,11.090103,10.799999
20211002T1800,28.2629,0.2,65.0,1008.1,9.605998,8.64
20211002T1900,27.2729,0.0,71.0,1009.1,9.6932955,15.4800005
20211002T2000,26.4029,0.0,76.0,1010.0,9.565437,19.08
20211002T2100,25.7429,0.0,79.0,1010.8,9.028754,19.08
20211002T2200,25.2329,0.0,82.0,1010.6,8.373386,19.08
20211002T2300,24.8029,0.0,84.0,1010.1,8.39657,20.519999
20211003T0000,24.332901,0.0,86.0,1009.9,8.78872,21.24
20211003T0100,23.8129,0.0,89.0,1009.5,8.161764,19.8
20211003T0200,23.4229,0.0,92.0,1009.3,7.2,17.28
20211003T0300,23.1029,0.0,94.0,1009.0,6.6087217,15.4800005
20211003T0400,22.832901,0.0,95.0,1009.5,6.763786,14.759999
20211003T0500,22.5429,0.0,96.0,1010.2,6.28713,14.4
20211003T0600,22.4229,0.0,95.0,1010.7,5.634891,13.679999
20211003T0700,23.0029,0.0,91.0,1011.6,6.439876,10.08
20211003T0800,25.1729,0.0,81.0,1011.7,8.287822,9.0
20211003T0900,27.2129,0.0,74.0,1011.5,10.739832,9.36
20211003T1000,28.4729,0.0,67.0,1010.6,10.195057,9.36
20211003T1100,29.3629,0.0,62.0,1009.8,8.707237,9.0
20211003T1200,30.0929,0.0,59.0,1009.0,8.049845,7.92
20211003T1300,30.5229,0.0,57.0,1007.8,8.534353,8.28
20211003T1400,30.7529,0.0,55.0,1007.4,6.519877,9.36
20211003T1500,30.5729,0.0,55.0,1006.9,6.379216,8.28
20211003T1600,30.1029,0.0,57.0,1007.2,6.725354,8.28
20211003T1700,29.9229,0.0,55.0,1007.1,7.928178,7.2
20211003T1800,29.0329,0.0,59.0,1007.6,7.208994,5.7599998
20211003T1900,28.2529,0.0,64.0,1008.6,7.5942073,12.24
20211003T2000,27.5429,0.0,67.0,1009.3,7.5170207,7.5599995
20211003T2100,26.9429,0.0,70.0,1009.9,8.373386,8.28
20211003T2200,26.2429,0.0,73.0,1009.6,9.19939,8.28
20211003T2300,25.5229,0.0,77.0,1009.0,9.504272,15.4800005
20211004T0000,24.9129,0.0,81.0,1008.7,8.942214,15.4800005
20211004T0100,24.3229,0.0,84.0,1008.1,8.14587,17.28
20211004T0200,23.8629,0.0,87.0,1007.7,7.127636,15.119999
20211004T0300,23.4829,0.0,89.0,1007.2,6.3690495,14.4
20211004T0400,23.2129,0.0,91.0,1007.6,5.904439,7.92
20211004T0500,22.9829,0.0,93.0,1008.3,5.00128,12.24
20211004T0600,22.9429,0.0,93.0,1008.8,3.8773184,11.5199995
20211004T0700,24.4129,0.0,87.0,1009.4,5.815978,11.159999
20211004T0800,26.2629,0.0,79.0,1009.8,7.653705,7.92
20211004T0900,27.8729,0.0,72.0,1010.0,6.28713,8.28
20211004T1000,28.8929,0.0,65.0,1009.4,5.4833565,7.2
20211004T1100,29.6329,0.0,61.0,1008.4,5.904439,7.2
20211004T1200,30.3129,0.0,58.0,1007.7,6.12,7.5599995
20211004T1300,29.5729,0.0,60.0,1007.1,7.0911775,8.28
20211004T1400,29.4929,0.2,59.0,1006.7,6.28713,7.2
20211004T1500,29.7529,0.0,58.0,1006.1,6.379216,7.5599995
20211004T1600,29.582901,0.0,58.0,1006.4,8.12197,9.0
20211004T1700,29.6729,0.3,57.0,1006.4,9.904906,10.08
20211004T1800,28.6329,0.1,63.0,1007.1,8.654986,14.4
20211004T1900,27.7529,0.0,69.0,1008.1,7.8625183,15.84
20211004T2000,27.0529,0.0,72.0,1008.8,7.289444,14.4
20211004T2100,26.4929,0.0,75.0,1009.6,7.42159,7.92
20211004T2200,25.9829,0.0,78.0,1009.3,7.8625183,8.64
20211004T2300,25.8129,0.0,79.0,1008.9,8.4042845,17.64
20211005T0000,25.582901,0.0,80.0,1008.6,8.311245,17.64
20211005T0100,25.2329,0.0,82.0,1008.0,7.928178,9.36
20211005T0200,24.5729,0.0,85.0,1007.7,7.6367526,15.4800005
20211005T0300,24.0729,0.0,87.0,1007.3,7.072878,17.64
20211005T0400,23.6929,0.0,89.0,1007.9,7.172949,16.56
20211005T0500,23.3529,0.0,91.0,1008.7,7.289444,15.119999
20211005T0600,23.1929,0.0,92.0,1009.2,7.0911775,14.04
20211005T0700,24.3929,0.0,88.0,1010.0,9.255571,13.679999
20211005T0800,25.9329,0.0,82.0,1010.4,9.826088,12.24
20211005T0900,27.2829,0.0,74.0,1010.7,10.390226,12.959999
20211005T1000,28.4729,0.0,66.0,1010.0,10.163227,12.24
20211005T1100,29.4429,0.0,61.0,1009.0,9.227524,12.24
20211005T1200,30.1929,0.0,58.0,1008.4,7.8954163,11.5199995
20211005T1300,30.6029,0.0,57.0,1007.5,7.928177,11.5199995
20211005T1400,30.5329,0.0,55.0,1007.0,9.726664,12.959999
20211005T1500,30.5629,0.0,54.0,1006.4,10.296251,12.599999
20211005T1600,29.9029,0.2,56.0,1006.9,10.948973,13.679999
20211005T1700,28.7429,0.0,61.0,1007.5,11.753877,15.4800005
20211005T1800,27.8429,0.0,65.0,1008.2,8.854829,12.959999
20211005T1900,27.0929,0.0,70.0,1009.0,8.049845,14.04
20211005T2000,26.3529,0.0,74.0,1009.6,7.9036193,14.4
20211005T2100,25.7129,0.0,77.0,1010.4,7.289445,14.4
20211005T2200,25.1129,0.0,81.0,1010.2,6.696387,13.679999
20211005T2300,24.5929,0.0,84.0,1009.7,6.4096174,16.199999
20211006T0000,24.1529,0.0,86.0,1009.4,6.696387,16.919998
20211006T0100,23.7629,0.0,88.0,1008.7,7.2,17.28
20211006T0200,23.4629,0.0,90.0,1008.2,7.2,18.0
20211006T0300,23.1829,0.0,92.0,1007.7,7.145796,17.64
20211006T0400,23.3729,0.0,91.0,1008.1,6.9153743,15.119999
20211006T0500,23.4429,0.0,91.0,1008.8,6.989936,14.759999
20211006T0600,23.5429,0.0,91.0,1009.3,6.763786,10.08
20211006T0700,24.3029,0.0,88.0,1010.1,10.105681,15.119999
20211006T0800,25.332901,0.0,82.0,1010.3,10.8955765,13.679999
20211006T0900,26.7529,0.0,74.0,1010.4,11.542478,13.32
20211006T1000,27.9329,0.0,68.0,1009.6,11.212135,13.32
20211006T1100,28.9129,0.0,63.0,1008.4,10.8955765,13.32
20211006T1200,29.7029,0.0,59.0,1007.5,10.948973,15.119999
20211006T1300,30.1829,0.0,57.0,1006.3,11.177405,15.119999
20211006T1400,30.4329,0.0,56.0,1005.8,10.703569,15.119999
20211006T1500,30.332901,0.0,55.0,1005.3,9.83268,14.4
20211006T1600,29.9829,0.0,56.0,1005.7,9.693296,13.679999
20211006T1700,28.2629,0.0,64.0,1006.4,12.371645,16.199999
20211006T1800,27.3129,0.0,69.0,1007.0,9.178235,13.32
20211006T1900,26.4929,0.0,74.0,1008.0,8.209263,14.759999
20211006T2000,25.8229,0.0,78.0,1008.5,6.9527545,13.32
20211006T2100,25.3129,0.0,81.0,1009.1,6.12,12.959999
20211006T2200,24.8229,0.0,84.0,1008.8,5.8048253,13.32
20211006T2300,24.4029,0.0,87.0,1008.3,5.1919937,13.32
20211007T0000,24.0629,0.0,89.0,1008.0,4.1046314,12.959999
20211007T0100,23.7329,0.0,91.0,1007.5,3.319036,13.32
20211007T0200,23.4629,0.0,92.0,1007.3,2.5455842,12.959999
20211007T0300,23.1929,0.0,94.0,1006.8,1.5273507,11.879999
20211007T0400,23.0529,0.0,94.0,1007.2,0.71999997,11.5199995
20211007T0500,22.8229,0.0,96.0,1008.0,0.8049845,10.799999
20211007T0600,22.6029,0.0,96.0,1008.6,1.609969,10.08
20211007T0700,23.6529,0.0,90.0,1009.6,0.35999998,8.28
20211007T0800,25.4329,0.0,83.0,1009.8,2.4149535,5.7599998
20211007T0900,26.3429,0.0,77.0,1010.0,4.6938252,7.2
20211007T1000,27.3929,0.0,71.0,1009.1,5.8048253,7.5599995
20211007T1100,28.0529,0.0,67.0,1008.2,4.896529,8.28
20211007T1200,28.582901,0.0,64.0,1007.3,4.6102495,6.12
20211007T1300,29.1729,0.0,61.0,1006.3,4.3349743,5.7599998
20211007T1400,29.6929,0.0,59.0,1005.7,5.495161,7.5599995
20211007T1500,29.3229,0.0,60.0,1005.0,5.815978,7.2
20211007T1600,29.3129,0.0,60.0,1005.2,5.815978,6.4799995
20211007T1700,29.0229,0.0,61.0,1005.5,8.654986,9.36
20211007T1800,28.2229,0.0,64.0,1006.1,7.42159,9.72
20211007T1900,27.4629,0.0,69.0,1007.0,7.172949,9.72
20211007T2000,26.7329,0.0,73.0,1007.7,6.9247384,9.36
20211007T2100,26.0929,0.0,77.0,1008.5,6.696387,9.36
20211007T2200,25.4829,0.0,80.0,1008.4,6.9153743,11.879999
20211007T2300,24.9329,0.0,83.0,1008.1,6.638072,11.159999
20211008T0000,24.4929,0.0,86.0,1008.1,6.193674,10.799999
20211008T0100,24.1129,0.0,88.0,1007.7,6.12,10.08
20211008T0200,23.7929,0.0,90.0,1007.4,6.151683,10.08
20211008T0300,23.5029,0.0,92.0,1007.1,5.8603754,8.64
20211008T0400,23.3229,0.0,93.0,1007.7,5.4119864,6.8399997
20211008T0500,23.1529,0.0,93.0,1008.4,4.5536795,5.3999996
20211008T0600,23.1629,0.0,93.0,1009.0,3.8939953,8.64
20211008T0700,24.7429,0.0,87.0,1009.6,4.510787,5.7599998
20211008T0800,26.7029,0.1,79.0,1009.6,5.692099,7.2
20211008T0900,26.8629,0.4,72.0,1009.8,6.6185193,6.4799995
20211008T1000,27.6329,0.1,68.0,1009.6,5.0528407,6.12
20211008T1100,27.8629,0.2,66.0,1008.6,4.32,5.04
20211008T1200,29.1329,0.0,62.0,1007.6,6.8399997,6.8399997
20211008T1300,29.8429,0.0,59.0,1006.6,8.12197,7.5599995
20211008T1400,30.1129,0.0,57.0,1006.1,8.373386,7.92
20211008T1500,29.3929,0.2,59.0,1005.6,8.39657,7.2
20211008T1600,28.9529,0.2,60.0,1005.9,8.587338,7.92
20211008T1700,29.3529,0.0,59.0,1005.5,2.9024127,3.96
20211008T1800,28.5729,0.0,63.0,1005.9,3.4152596,4.68
20211008T1900,28.1629,0.0,67.0,1006.6,4.379589,5.7599998
20211008T2000,27.7329,0.0,70.0,1007.3,3.96,6.4799995
20211008T2100,27.2929,0.0,74.0,1007.8,3.96,6.8399997
20211008T2200,26.9829,0.0,75.0,1008.0,2.9024127,6.12
20211008T2300,26.7829,0.0,76.0,1007.5,1.4399999,5.04
20211009T0000,26.4829,0.0,77.0,1007.3,0.71999997,3.96
20211009T0100,26.1129,0.0,79.0,1006.8,2.1897945,3.2399998
20211009T0200,25.8229,0.0,80.0,1006.4,3.2399998,2.16
20211009T0300,25.5029,0.0,81.0,1006.0,4.379589,1.4399999
20211009T0400,25.1929,0.0,82.0,1006.4,4.379589,2.52
20211009T0500,24.9229,0.0,83.0,1007.3,3.2399998,2.52
20211009T0600,24.7829,0.0,84.0,1007.9,4.510787,5.04
20211009T0700,25.4529,0.0,82.0,1008.9,4.1046314,6.8399997
20211009T0800,27.2829,0.0,73.0,1009.1,5.0142193,6.4799995
20211009T0900,28.7429,0.0,67.0,1009.2,4.8433046,7.2
20211009T1000,28.6029,0.9,65.0,1008.7,7.5942082,9.72
20211009T1100,28.8729,0.2,62.0,1007.9,7.2,9.36
20211009T1200,29.0629,0.0,61.0,1007.5,6.9153743,9.36
20211009T1300,29.2129,0.0,60.0,1006.7,6.9247384,9.72
20211009T1400,29.2629,0.0,60.0,1006.1,6.297428,9.0
20211009T1500,29.5029,0.0,59.0,1005.5,6.9153743,9.0
20211009T1600,28.9729,0.0,61.0,1005.7,6.638072,8.64
20211009T1700,28.4929,0.3,64.0,1006.5,4.6102495,6.8399997
20211009T1800,27.9029,0.3,66.0,1006.8,7.172949,7.5599995
20211009T1900,27.1229,0.0,72.0,1007.7,7.072878,9.0
20211009T2000,26.2329,0.0,77.0,1008.5,6.9527545,11.5199995
20211009T2100,25.4729,0.0,80.0,1009.2,7.24486,12.959999
20211009T2200,25.0629,0.0,82.0,1009.0,6.9247384,12.599999
20211009T2300,24.6629,0.0,83.0,1008.3,6.638072,11.5199995
20211010T0000,24.2529,0.0,85.0,1008.2,7.145796,13.32
20211010T0100,23.8529,0.0,87.0,1007.7,7.4128532,12.959999
20211010T0200,23.5329,0.0,89.0,1007.4,7.8954163,12.959999
20211010T0300,23.2729,0.0,90.0,1007.1,8.049845,13.32
20211010T0400,23.0129,0.0,91.0,1007.4,8.217153,14.759999
20211010T0500,22.7729,0.0,91.0,1007.9,8.587338,16.56
20211010T0600,22.8829,0.0,89.0,1008.5,6.9153743,16.199999
20211010T0700,24.5229,0.0,83.0,1009.4,5.495161,14.4
20211010T0800,26.7529,0.0,72.0,1009.4,8.905908,12.24
20211010T0900,28.5929,0.0,64.0,1009.5,11.367109,13.32
20211010T1000,29.9229,0.0,56.0,1008.4,13.584932,12.959999
20211010T1100,30.8429,0.0,51.0,1007.7,13.324863,13.679999
20211010T1200,31.4729,0.0,49.0,1006.9,12.261157,13.32
20211010T1300,31.7229,0.0,48.0,1005.9,12.031756,13.32
20211010T1400,31.7129,0.0,48.0,1005.3,11.983188,14.759999
20211010T1500,31.4029,0.0,48.0,1004.7,11.298495,14.759999
20211010T1600,30.8529,0.0,50.0,1005.0,10.630672,14.4
20211010T1700,30.0329,0.0,52.0,1005.7,7.24486,11.879999
20211010T1800,28.6729,0.0,59.0,1006.6,7.5599995,9.36
20211010T1900,27.7429,0.0,65.0,1007.6,5.6920996,9.72
20211010T2000,26.9229,0.0,70.0,1008.3,6.297428,10.08
20211010T2100,25.8429,0.0,78.0,1009.0,5.3999996,10.08
20211010T2200,25.4429,0.0,79.0,1008.7,5.3517847,9.0
20211010T2300,25.0629,0.0,80.0,1008.1,5.6002855,8.64
20211011T0000,24.6329,0.0,81.0,1007.8,6.193674,9.72
20211011T0100,24.1729,0.0,83.0,1007.4,6.1305785,9.72
20211011T0200,23.6729,0.0,85.0,1007.0,6.638072,10.440001
20211011T0300,23.1629,0.0,87.0,1006.7,7.145796,11.5199995
20211011T0400,22.7729,0.0,89.0,1007.1,6.9153743,11.159999
20211011T0500,22.4229,0.0,90.0,1007.6,7.10031,12.24
20211011T0600,22.4829,0.0,88.0,1008.1,6.12,12.599999
20211011T0700,24.0029,0.0,83.0,1009.0,4.5536795,11.879999
20211011T0800,26.4229,0.0,70.0,1009.3,7.208994,10.440001
20211011T0900,28.1729,0.0,59.0,1009.5,9.178235,11.159999
20211011T1000,29.5529,0.0,49.0,1008.5,10.948973,11.5199995
20211011T1100,30.3529,0.0,46.0,1007.4,11.019764,13.679999
20211011T1200,31.0029,0.0,44.0,1006.5,11.457958,11.879999
20211011T1300,31.4729,0.0,42.0,1005.2,10.97262,11.5199995
20211011T1400,31.5629,0.0,41.0,1004.5,10.464797,12.599999
20211011T1500,31.3629,0.0,42.0,1003.7,10.691453,11.5199995
20211011T1600,30.9529,0.0,43.0,1004.1,10.739832,9.72
20211011T1700,30.1529,0.0,46.0,1004.7,8.209263,11.879999
20211011T1800,28.6129,0.0,52.0,1005.3,8.4963045,10.799999
20211011T1900,27.4429,0.0,59.0,1006.6,7.42159,11.879999
20211011T2000,26.2429,0.0,64.0,1007.3,6.2145634,13.32
20211011T2100,25.2429,0.0,69.0,1008.4,5.771239,12.959999
20211011T2200,24.6529,0.0,72.0,1008.1,5.0142193,10.799999
20211011T2300,24.1429,0.0,73.0,1007.8,4.510787,10.440001
20211012T0000,23.7729,0.0,73.0,1007.3,5.495161,9.72
20211012T0100,23.3429,0.0,73.0,1006.8,6.1305785,9.36
20211012T0200,22.8929,0.0,74.0,1006.3,6.9153743,9.72
20211012T0300,22.3729,0.0,75.0,1005.9,7.42159,10.440001
20211012T0400,21.9629,0.0,76.0,1006.3,7.42159,11.159999
20211012T0500,21.5429,0.0,77.0,1007.0,7.7043357,12.24
20211012T0600,21.4829,0.0,76.0,1007.3,6.87779,11.879999
20211012T0700,22.6129,0.0,74.0,1008.3,5.1544156,11.5199995
20211012T0800,25.2929,0.0,65.0,1008.8,5.4119864,10.08
20211012T0900,27.4129,0.0,55.0,1009.3,7.072878,8.28
20211012T1000,28.9329,0.0,48.0,1008.6,7.2,5.3999996
20211012T1100,29.8229,0.0,44.0,1007.3,7.7043357,6.4799995
20211012T1200,30.5429,0.0,41.0,1006.5,7.5942082,6.12
20211012T1300,30.9829,0.0,41.0,1005.3,8.854829,6.4799995
20211012T1400,31.2629,0.0,38.0,1004.6,9.339208,7.2
20211012T1500,31.1229,0.0,39.0,1003.9,9.659814,7.92
20211012T1600,30.7429,0.0,40.0,1004.2,9.511088,8.28
20211012T1700,29.9029,0.0,43.0,1004.8,7.5942082,7.92
20211012T1800,28.4929,0.0,50.0,1005.5,9.19939,9.0
20211012T1900,27.1829,0.0,57.0,1006.9,7.5942082,12.959999
20211012T2000,26.082901,0.0,62.0,1007.8,5.3517847,12.24
20211012T2100,25.1329,0.0,69.0,1008.8,3.9763298,10.440001
20211012T2200,24.6829,0.0,70.0,1008.4,4.510787,9.36
20211012T2300,24.332901,0.0,71.0,1007.8,6.1305785,9.36
20211013T0000,23.7129,0.0,74.0,1007.3,6.638072,9.72
20211013T0100,23.0929,0.0,76.0,1006.8,6.638072,9.72
20211013T0200,22.5229,0.0,79.0,1006.3,7.145796,10.799999
20211013T0300,21.9529,0.0,82.0,1005.8,7.491114,12.959999
20211013T0400,21.6129,0.0,84.0,1006.5,6.989936,12.599999
20211013T0500,21.3929,0.0,85.0,1007.3,6.696387,12.959999
20211013T0600,21.6429,0.0,83.0,1007.9,6.5693827,12.599999
20211013T0700,23.2729,0.0,79.0,1008.9,4.68,11.879999
20211013T0800,26.1229,0.0,67.0,1008.7,6.725354,10.08
20211013T0900,28.1229,0.0,60.0,1009.1,8.0899935,9.36
20211013T1000,29.4029,0.0,53.0,1008.2,10.514218,10.799999
20211013T1100,30.3629,0.0,51.0,1007.1,11.885453,11.5199995
20211013T1200,31.1129,0.0,49.0,1006.1,12.4811535,13.32
20211013T1300,31.6729,0.0,46.0,1004.8,13.584932,13.32
20211013T1400,31.8829,0.0,45.0,1003.9,13.70839,13.32
20211013T1500,31.7429,0.0,45.0,1003.2,13.849477,12.599999
20211013T1600,31.332901,0.0,46.0,1003.7,12.979984,12.959999
20211013T1700,30.582901,0.0,48.0,1004.4,9.504272,11.159999
20211013T1800,29.0129,0.0,55.0,1005.1,8.0899935,14.04
20211013T1900,27.8129,0.0,62.0,1006.3,6.6185193,12.959999
20211013T2000,26.8029,0.0,67.0,1007.0,4.3498964,12.24
20211013T2100,26.0529,0.0,71.0,1008.0,3.7585104,11.879999
20211013T2200,25.5929,0.0,73.0,1007.5,3.8773184,10.08
20211013T2300,25.2629,0.0,74.0,1007.0,5.6002855,9.36
20200930T0000,23.5929,0.0,89.0,1007.2,8.089993,16.199999
20200930T0100,23.2729,0.0,90.0,1006.3,8.373386,16.919998
20200930T0200,22.8929,0.0,91.0,1005.7,8.373386,16.919998
20200930T0300,22.5529,0.0,91.0,1005.1,8.854829,17.64
20200930T0400,22.3029,0.0,92.0,1005.3,8.707237,18.0
20200930T0500,22.0729,0.0,92.0,1005.9,8.707237,18.359999
20200930T0600,22.082901,0.0,92.0,1006.4,10.630672,20.519999
20200930T0700,23.9129,0.0,85.0,1007.2,11.246759,19.8
20200930T0800,25.8529,0.0,77.0,1007.7,16.08761,18.72
20200930T0900,26.8029,0.1,72.0,1008.0,17.595861,21.599998
20200930T1000,27.1329,0.3,69.0,1007.6,18.35647,17.64
20200930T1100,27.3229,0.3,68.0,1006.9,18.678415,20.880001
20200930T1200,27.5029,0.2,68.0,1006.4,18.359999,19.08
20200930T1300,27.6829,0.1,67.0,1005.3,18.532135,19.44
20200930T1400,27.6329,0.2,67.0,1004.7,18.359999,20.16
20200930T1500,27.3929,0.3,68.0,1004.0,18.043148,20.16
20200930T1600,27.0329,0.3,69.0,1004.4,16.1198,19.08
20200930T1700,26.4029,0.8,77.0,1005.0,11.165805,16.919998
20200930T1800,25.8829,0.0,81.0,1005.5,7.5685663,14.759999
20200930T1900,25.5929,0.0,83.0,1006.3,6.489992,15.4800005
20200930T2000,25.3229,0.0,85.0,1006.7,6.1305785,15.119999
20200930T2100,25.0929,0.0,85.0,1007.3,6.1305785,15.84
20200930T2200,24.8029,0.0,86.0,1007.2,6.618519,17.28
20200930T2300,24.5029,0.0,86.0,1006.8,6.9153743,18.0
20201001T0000,24.1429,0.0,87.0,1006.6,7.9036193,19.08
20201001T0100,23.6629,0.0,89.0,1005.7,9.178235,20.519999
20201001T0200,23.3029,0.0,90.0,1005.1,10.30883,23.759998
20201001T0300,23.2329,0.0,88.0,1004.5,12.074766,25.199999
20201001T0400,23.3029,0.0,85.0,1005.1,12.594856,22.68
20201001T0500,23.1629,0.0,85.0,1005.8,13.324863,29.16
20201001T0600,22.9929,0.0,85.0,1006.3,14.565548,31.68
20201001T0700,23.9029,0.0,81.0,1007.4,17.309975,26.64
20201001T0800,25.8129,0.0,74.0,1007.8,20.390114,25.56
20201001T0900,27.2229,0.0,70.0,1008.3,21.758419,23.039999
20201001T1000,28.6929,0.0,65.0,1007.5,22.473343,21.96
20201001T1100,29.6829,0.0,60.0,1006.6,20.929594,21.599998
20201001T1200,30.1229,0.0,55.0,1006.0,19.721298,22.319998
20201001T1300,30.2729,0.0,54.0,1005.1,18.720001,21.599998
20201001T1400,30.0129,0.0,54.0,1004.7,19.008547,21.599998
20201001T1500,29.4829,0.0,56.0,1004.2,19.652176,22.68
20201001T1600,28.6429,0.2,58.0,1004.5,17.595861,21.24
20201001T1700,28.9129,0.0,57.0,1004.9,15.077082,22.319998
20201001T1800,27.832901,0.0,61.0,1005.6,11.792404,20.16
20201001T1900,26.9729,0.0,66.0,1006.6,10.587918,20.519999
20201001T2000,26.3029,0.0,70.0,1007.0,10.703569,21.96
20201001T2100,25.9029,0.0,73.0,1007.6,9.686609,22.319998
20201001T2200,25.4029,0.0,76.0,1007.4,9.387651,22.319998
20201001T2300,24.8229,0.0,79.0,1006.9,9.83268,24.84
20201002T0000,24.4029,0.0,81.0,1006.6,10.365251,25.919998
20201002T0100,24.1029,0.0,81.0,1006.0,11.631956,29.519999
20201002T0200,23.9229,0.0,79.0,1005.7,13.0447235,28.44
20201002T0300,23.6229,0.0,79.0,1005.4,14.77755,21.96
20201002T0400,23.2029,0.0,80.0,1005.8,15.408671,31.319998
20201002T0500,22.8529,0.0,81.0,1006.4,15.856354,31.68
20201002T0600,22.7129,0.0,82.0,1006.7,17.581125,22.68
20201002T0700,24.0429,0.0,78.0,1007.6,20.898613,28.08
20201002T0800,25.7929,0.0,72.0,1008.0,23.333443,24.119999
20201002T0900,27.5329,0.0,67.0,1008.4,21.817902,24.84
20201002T1000,29.2529,0.0,61.0,1007.7,21.470612,22.319998
20201002T1100,30.4929,0.0,55.0,1006.7,19.469976,21.96
20201002T1200,31.4429,0.0,47.0,1005.9,17.388409,20.519999
20201002T1300,31.9729,0.0,45.0,1004.9,16.595179,16.199999
20201002T1400,32.2229,0.0,43.0,1004.5,16.854767,16.56
20201002T1500,32.0629,0.0,42.0,1004.0,17.193533,16.56
20201002T1600,31.6329,0.0,43.0,1004.2,16.311613,16.56
20201002T1700,30.0129,0.0,50.0,1004.8,14.654254,18.72
20201002T1800,28.5929,0.0,57.0,1005.3,11.304229,22.68
20201002T1900,27.6129,0.0,61.0,1006.2,10.44,23.039999
20201002T2000,26.9329,0.0,63.0,1006.8,10.086427,22.319998
20201002T2100,26.4729,0.0,63.0,1007.4,9.19939,20.880001
20201002T2200,25.9829,0.0,65.0,1007.2,9.339208,21.24
20201002T2300,25.5229,0.0,66.0,1006.8,9.504273,21.599998
20201003T0000,25.0929,0.0,67.0,1006.7,10.163227,23.039999
20201003T0100,24.582901,0.0,69.0,1006.2,10.787993,25.199999
20201003T0200,24.1029,0.0,71.0,1005.9,11.119281,24.48
20201003T0300,23.7529,0.0,72.0,1005.4,11.681987,31.319998
20201003T0400,23.5729,0.0,72.0,1005.7,12.313894,28.08
20201003T0500,23.4829,0.0,72.0,1006.2,13.044722,28.8
20201003T0600,23.3129,0.0,73.0,1006.6,13.830749,24.119999
20201003T0700,24.1129,0.0,72.0,1007.5,15.273505,22.319998
20201003T0800,25.5029,0.0,69.0,1007.9,17.610588,22.68
20201003T0900,27.2229,0.0,65.0,1008.5,17.786331,21.24
20201003T1000,28.4729,0.0,62.0,1008.0,16.179987,18.72
20201003T1100,29.2329,0.0,60.0,1007.6,14.693999,17.28
20201003T1200,29.7029,0.0,57.0,1007.1,14.693999,17.28
20201003T1300,29.9029,0.0,55.0,1006.1,15.2947035,18.359999
20201003T1400,29.9429,0.0,52.0,1005.4,14.973577,16.919998
20201003T1500,29.6929,0.0,53.0,1004.8,13.202726,15.119999
20201003T1600,29.3929,0.0,56.0,1005.1,9.826088,13.679999
20201003T1700,30.6829,0.0,48.0,1005.5,13.53236,17.28
20201003T1800,29.5229,0.0,53.0,1006.3,10.086427,20.16
20201003T1900,28.7629,0.0,57.0,1007.2,9.178235,19.44
20201003T2000,28.2029,0.0,59.0,1007.6,8.942214,19.08
20201003T2100,27.7829,0.0,60.0,1008.0,8.714677,19.08
20201003T2200,27.3629,0.0,61.0,1007.8,8.714677,19.44
20201003T2300,26.9629,0.0,62.0,1007.7,8.78872,17.28
20201004T0000,26.6029,0.0,64.0,1007.8,8.217153,18.0
20201004T0100,26.1429,0.0,65.0,1007.1,8.699793,18.359999
20201004T0200,25.5229,0.0,67.0,1006.6,9.178235,19.44
20201004T0300,24.8029,0.0,70.0,1006.2,9.693296,20.880001
20201004T0400,24.1029,0.0,72.0,1006.8,10.24578,20.880001
20201004T0500,23.4329,0.0,75.0,1007.6,11.043261,19.8
20201004T0600,22.9429,0.0,78.0,1008.2,12.413476,19.08
20201004T0700,24.5329,0.0,73.0,1009.0,12.879752,18.72
20201004T0800,26.8829,0.0,63.0,1009.4,14.773164,20.519999
20201004T0900,29.1929,0.0,52.0,1009.7,16.923828,21.599998
20201004T1000,30.8429,0.0,43.0,1008.9,19.386593,24.84
20201004T1100,31.8129,0.0,38.0,1007.9,20.858265,23.759998
20201004T1200,32.3829,0.0,35.0,1007.1,22.314194,22.319998
20201004T1300,32.4229,0.0,34.0,1006.0,22.206486,21.96
20201004T1400,32.3629,0.0,35.0,1005.3,21.746502,22.68
20201004T1500,32.0929,0.0,36.0,1004.5,21.194187,22.68
20201004T1600,31.7429,0.0,37.0,1004.7,19.05281,21.96
20201004T1700,29.2229,0.0,54.0,1006.0,13.104198,21.24
20201004T1800,28.4429,0.0,57.0,1006.6,9.178235,18.0
20201004T1900,28.082901,0.0,59.0,1007.4,7.7043357,18.0
20201004T2000,27.7729,0.0,60.0,1007.8,7.10031,18.359999
20201004T2100,27.3729,0.0,61.0,1008.4,7.42159,18.359999
20201004T2200,26.6029,0.0,63.0,1008.2,8.654986,20.16
20201004T2300,25.8429,0.0,66.0,1007.9,9.449572,23.039999
20201005T0000,25.3829,0.0,67.0,1007.7,9.693296,23.039999
20201005T0100,24.9729,0.0,66.0,1007.0,10.630672,25.56
20201005T0200,24.5129,0.0,65.0,1006.6,11.681987,23.039999
20201005T0300,23.7929,0.0,66.0,1006.3,12.538134,24.119999
20201005T0400,23.0029,0.0,68.0,1006.9,11.988594,29.519999
20201005T0500,22.2629,0.0,70.0,1007.7,12.031756,21.24
20201005T0600,21.7329,0.0,73.0,1008.2,12.783802,21.599998
20201005T0700,23.4129,0.0,68.0,1009.0,13.479583,21.599998
20201005T0800,25.832901,0.0,62.0,1009.2,17.610588,24.119999
20201005T0900,27.8129,0.0,56.0,1009.4,20.929594,25.919998
20201005T1000,29.5129,0.0,52.0,1008.6,21.385939,24.84
20201005T1100,30.7529,0.0,45.0,1007.6,22.065973,26.28
20201005T1200,31.7029,0.0,39.0,1006.9,21.746502,24.84
20201005T1300,32.0929,0.0,37.0,1005.8,21.862406,24.48
20201005T1400,31.7629,0.0,38.0,1005.2,22.427162,24.84
20201005T1500,30.8229,0.0,42.0,1004.7,21.129885,24.48
20201005T1600,30.0929,0.0,46.0,1005.2,17.727943,23.4
20201005T1700,30.0629,0.0,49.0,1005.5,16.299694,22.319998
20201005T1800,28.7029,0.0,54.0,1006.1,12.181624,20.880001
20201005T1900,27.6529,0.0,58.0,1006.9,10.739832,25.199999
20201005T2000,26.8029,0.0,61.0,1007.2,9.673221,23.4
20201005T2100,26.1029,0.0,63.0,1007.6,8.942214,22.319998
20201005T2200,25.5029,0.0,65.0,1007.6,9.19939,20.880001
20201005T2300,24.9329,0.0,67.0,1007.3,9.339208,21.24
20201006T0000,24.4329,0.0,68.0,1007.4,9.511088,17.64
20201006T0100,23.8629,0.0,71.0,1006.7,9.085988,19.8
20201006T0200,23.2829,0.0,73.0,1006.5,8.942214,18.359999
20201006T0300,22.6829,0.0,75.0,1006.2,9.1641035,16.199999
20201006T0400,22.1729,0.0,78.0,1006.8,8.654987,14.04
20201006T0500,22.1229,0.0,78.0,1007.6,8.161764,13.679999
20201006T0600,22.1429,0.0,78.0,1008.2,8.14587,14.04
20201006T0700,22.8729,0.0,77.0,1009.2,6.638072,14.04
20201006T0800,24.082901,0.0,76.0,1009.8,5.6233797,13.32
20201006T0900,25.2429,0.0,71.0,1010.3,7.5942082,13.32
20201006T1000,25.9429,0.0,71.0,1009.7,8.14587,13.32
20201006T1100,26.5529,0.0,70.0,1008.9,10.703569,14.759999
20201006T1200,27.5229,0.0,66.0,1008.2,13.276144,17.64
20201006T1300,28.4829,0.0,61.0,1007.1,15.277749,19.44
20201006T1400,28.8629,0.0,56.0,1006.4,16.904673,14.4
20201006T1500,30.0229,0.0,48.0,1005.5,18.043148,20.880001
20201006T1600,29.8129,0.0,46.0,1005.7,17.555307,20.880001
20201006T1700,30.2929,0.0,44.0,1005.6,13.37825,16.919998
20201006T1800,28.9829,0.0,48.0,1006.4,10.028439,19.8
20201006T1900,28.4429,0.0,51.0,1007.2,9.360001,20.880001
20201006T2000,27.9729,0.0,53.0,1007.6,9.227524,18.72
20201006T2100,27.4829,0.0,56.0,1008.1,8.473393,17.64
20201006T2200,26.9529,0.0,58.0,1008.1,8.049845,16.56
20201006T2300,26.5629,0.0,59.0,1007.9,6.162207,15.84
20201007T0000,26.3629,0.0,59.0,1008.0,4.68,13.32
20201007T0100,26.2929,0.0,59.0,1007.5,2.8799999,7.92
20201007T0200,26.2329,0.0,61.0,1007.2,0.71999997,7.5599995
20201007T0300,26.0429,0.0,63.0,1006.9,1.4399999,6.4799995
20201007T0400,25.8129,0.0,65.0,1007.5,3.396233,7.2
20201007T0500,25.6329,0.0,63.0,1008.2,4.1046314,9.36
20201007T0600,25.4129,0.0,66.0,1008.6,3.6,8.28
20201007T0700,25.6329,0.0,68.0,1009.5,1.8,5.3999996
20201007T0800,26.1529,0.0,70.0,1010.0,1.2979984,5.7599998
20201007T0900,26.9129,0.0,69.0,1010.6,3.319036,6.8399997
20201007T1000,28.9229,0.0,60.0,1009.9,6.989936,10.799999
20201007T1100,30.1729,0.0,51.0,1008.9,11.183201,15.119999
20201007T1200,30.9029,0.0,46.0,1008.3,14.255272,17.28
20201007T1300,31.1429,0.0,43.0,1007.2,18.089775,20.16
20201007T1400,30.8229,0.0,45.0,1006.8,20.268991,23.039999
20201007T1500,29.9729,0.0,49.0,1006.3,19.829433,23.039999
20201007T1600,29.2829,0.0,53.0,1006.7,18.792551,23.759998
20201007T1700,28.5929,0.0,62.0,1006.8,6.379216,10.799999
20201007T1800,28.1429,0.0,64.0,1007.3,5.8048253,12.24
20201007T1900,27.6129,0.0,67.0,1007.8,5.3999996,12.959999
20201007T2000,27.082901,0.0,70.0,1008.2,3.7585104,13.679999
20201007T2100,26.6229,0.0,73.0,1008.7,3.6,13.32
20201007T2200,26.2129,0.0,76.0,1008.7,3.396233,10.799999
20201007T2300,25.8129,0.0,78.0,1008.2,2.9024127,8.28
20201008T0000,25.5429,0.0,78.0,1008.2,2.4149535,7.5599995
20201008T0100,25.3029,0.0,79.0,1007.9,0.8049845,6.12
20201008T0200,24.9829,0.0,81.0,1007.7,3.8268526,7.2
20201008T0300,24.7629,0.2,84.0,1007.3,4.39436,9.36
20201008T0400,24.5029,0.3,87.0,1007.9,5.495161,9.36
20201008T0500,24.3929,0.0,89.0,1008.5,6.439876,9.72
20201008T0600,24.2229,0.0,90.0,1008.8,7.289444,9.72
20201008T0700,24.3129,1.2,90.0,1009.6,8.311245,10.440001
20201008T0800,25.2229,0.5,85.0,1010.0,6.12,9.0
20201008T0900,25.2829,0.0,83.0,1010.8,5.4119864,7.2
20201008T1000,25.2729,0.0,83.0,1010.4,4.73506,5.3999996
20201008T1100,25.2929,0.0,82.0,1009.7,3.96,4.32
20201008T1200,25.4929,0.0,81.0,1009.1,2.4149535,3.2399998
20201008T1300,26.582901,0.0,76.0,1007.9,2.968636,3.6
20201008T1400,26.9829,0.0,74.0,1007.3,3.6179552,4.68
20201008T1500,27.1329,0.0,73.0,1006.6,4.452954,5.04
20201008T1600,26.5729,0.0,74.0,1006.8,4.829907,5.04
20201008T1700,28.4229,0.8,65.0,1006.6,11.440978,11.5199995
20201008T1800,27.4329,1.2,72.0,1007.4,10.587917,9.36
20201008T1900,26.5529,0.0,78.0,1008.3,9.693296,13.679999
20201008T2000,25.9229,0.0,82.0,1008.8,8.217153,11.879999
20201008T2100,25.4329,0.0,85.0,1009.4,7.10031,12.599999
20201008T2200,24.9529,0.0,87.0,1009.2,7.8625183,11.5199995
20201008T2300,24.3229,0.0,91.0,1009.0,8.654986,13.32
20201009T0000,23.7529,0.0,93.0,1009.0,10.163227,14.759999
20201009T0100,23.2329,0.0,95.0,1008.7,11.119281,13.32
20201009T0200,23.0729,0.0,95.0,1008.5,10.495713,14.04
20201009T0300,22.9729,0.0,95.0,1008.3,9.387651,12.959999
20201009T0400,22.9129,0.0,95.0,1008.7,8.0899935,11.879999
20201009T0500,22.8029,0.0,95.0,1009.3,7.5942082,10.799999
20201009T0600,22.7229,0.0,95.0,1009.7,6.989936,10.440001
20201009T0700,23.0929,0.0,93.0,1010.8,7.2,10.08
20201009T0800,24.2529,0.0,87.0,1011.4,8.0899935,7.5599995
20201009T0900,25.8129,0.0,82.0,1011.5,9.83268,8.28
20201009T1000,26.1029,0.3,79.0,1011.0,9.346143,7.5599995
20201009T1100,26.8529,0.2,75.0,1010.1,9.028754,6.4799995
20201009T1200,27.5429,0.1,71.0,1009.4,7.289445,6.12
20201009T1300,27.8529,0.1,69.0,1008.5,5.904439,5.04
20201009T1400,28.6729,0.0,65.0,1007.9,4.829907,3.96
20201009T1500,28.7229,0.0,64.0,1007.3,3.4152596,3.2399998
20201009T1600,28.6029,0.0,64.0,1007.3,1.9386592,2.8799999
20201009T1700,26.7829,0.2,75.0,1008.0,7.771331,6.8399997
20201009T1800,25.9829,0.0,80.0,1008.7,6.5693827,9.0
20201009T1900,25.5429,0.0,84.0,1009.6,7.2359104,6.8399997
20201009T2000,25.1029,0.0,86.0,1010.1,7.771331,9.72
20201009T2100,24.6829,0.0,89.0,1010.7,7.8625183,9.72
20201009T2200,24.1529,0.0,92.0,1010.4,7.628263,8.64
20201009T2300,23.6529,0.0,94.0,1009.8,8.049845,10.799999
20201010T0000,23.4329,0.0,95.0,1009.4,6.489992,9.36
20201010T0100,23.3529,0.0,95.0,1008.7,4.8433046,7.2
20201010T0200,23.2729,0.0,95.0,1008.4,3.396233,4.68
20201010T0300,23.1729,0.0,95.0,1008.0,3.0758414,2.8799999
20201010T0400,23.0429,0.0,95.0,1008.3,3.0758414,2.16
20201010T0500,22.9029,0.0,95.0,1008.6,2.2768397,1.4399999
20201010T0600,22.8229,0.0,95.0,1008.7,1.484318,2.16
20201010T0700,23.1329,0.0,93.0,1009.7,1.08,1.4399999
20201010T0800,23.9229,0.0,90.0,1010.3,0.35999998,3.2399998
20201010T0900,25.1729,0.0,85.0,1010.4,2.9024127,6.12
20201010T1000,26.3429,0.0,80.0,1009.6,5.3517847,7.5599995
20201010T1100,28.0329,0.0,69.0,1008.7,5.1919937,7.2
20201010T1200,29.1429,0.0,63.0,1007.9,4.510787,8.28
20201010T1300,29.3429,0.0,61.0,1007.0,5.3517847,8.28
20201010T1400,29.082901,0.0,61.0,1006.5,5.8048253,7.92
20201010T1500,29.0229,0.1,61.0,1005.8,5.0528407,8.28
20201010T1600,28.7929,0.2,62.0,1006.0,4.2136917,7.5599995
20201010T1700,27.2429,0.8,73.0,1006.6,3.219938,4.68
20201010T1800,26.9529,0.1,74.0,1007.3,3.6,4.68
20201010T1900,26.6029,0.0,78.0,1008.2,3.8939953,5.3999996
20201010T2000,26.2529,0.0,80.0,1008.6,4.3498964,6.12
20201010T2100,25.7229,0.0,83.0,1009.0,5.4477882,6.8399997
20201010T2200,25.1229,0.0,86.0,1008.6,5.04,7.5599995
20201010T2300,24.6729,0.0,88.0,1008.1,3.6179552,6.8399997
20201011T0000,24.3029,0.0,91.0,1007.9,2.8799999,6.12
20201011T0100,24.0029,0.0,92.0,1007.3,2.5455842,7.92
20201011T0200,23.7629,0.0,94.0,1006.8,2.1897945,7.2
20201011T0300,23.5629,0.0,94.0,1006.3,3.2399998,7.92
20201011T0400,23.332901,0.0,95.0,1006.7,5.0911684,9.36
20201011T0500,23.1029,0.5,96.0,1006.8,3.7585104,3.6
20201011T0600,23.0529,0.0,96.0,1006.9,3.096837,4.32
20201011T0700,23.6329,0.0,93.0,1008.0,2.6208394,2.16
20201011T0800,24.3229,0.0,90.0,1008.8,2.52,1.4399999
20201011T0900,24.5329,1.3,88.0,1009.0,3.9763298,6.8399997
20201011T1000,24.7229,1.5,86.0,1008.3,6.725354,7.92
20201011T1100,23.8629,1.2,92.0,1007.9,4.6938252,3.2399998
20201011T1200,24.3529,0.3,86.0,1007.0,5.692099,5.3999996
20201011T1300,24.3229,0.0,84.0,1006.1,6.989936,6.4799995
20201011T1400,25.1329,0.0,82.0,1005.5,8.209263,7.5599995
20201011T1500,24.9229,0.0,83.0,1004.7,10.00256,9.72
20201011T1600,25.3229,0.0,82.0,1004.8,10.163227,11.159999
20201011T1700,24.8129,3.5,93.0,1004.6,8.78872,9.72
20201011T1800,24.3129,3.0,95.0,1005.2,7.145796,9.72
20201011T1900,23.6529,1.4,94.0,1006.1,6.989936,10.799999
20201011T2000,23.082901,0.6,94.0,1006.5,5.904439,11.159999
20201011T2100,22.832901,0.2,94.0,1006.8,6.1094027,11.5199995
20201011T2200,22.6129,0.2,94.0,1006.6,4.6938257,10.440001
20201011T2300,22.4529,0.3,94.0,1006.1,1.9386592,9.0
20201012T0000,22.3129,0.0,95.0,1005.6,1.1384199,9.36
20201012T0100,22.082901,0.0,96.0,1004.8,2.3051248,11.159999
20201012T0200,22.0129,0.0,96.0,1004.6,2.9024127,12.24
20201012T0300,22.1029,0.0,96.0,1004.2,3.0758414,12.24
20201012T0400,22.2129,0.0,96.0,1004.7,4.0249224,12.599999
20201012T0500,22.332901,0.0,96.0,1005.2,4.73506,12.24
20201012T0600,22.4129,0.0,96.0,1005.6,5.0528407,11.159999
20201012T0700,22.6829,0.0,95.0,1006.4,5.4477882,10.440001
20201012T0800,23.5529,0.0,90.0,1006.7,5.0911684,10.440001
20201012T0900,24.7829,0.0,86.0,1007.1,5.4477882,10.440001
20201012T1000,25.1229,0.0,83.0,1006.4,5.0528407,9.36
20201012T1100,26.6329,0.0,76.0,1005.4,5.1919937,9.72
20201012T1200,27.3829,0.0,72.0,1004.5,4.8433046,7.92
20201012T1300,27.8429,0.0,69.0,1003.5,4.1046314,6.12
20201012T1400,27.832901,0.2,68.0,1003.0,4.452954,5.3999996
20201012T1500,27.8429,0.5,69.0,1002.4,6.8399997,9.0
20201012T1600,27.0229,1.2,73.0,1003.0,8.669949,7.5599995
20201012T1700,25.7929,1.9,83.0,1003.0,9.6932955,13.32
20201012T1800,25.2629,1.1,85.0,1003.7,8.707237,15.119999
20201012T1900,24.4729,0.1,90.0,1004.9,8.404285,19.44
20201012T2000,23.3229,1.7,90.0,1005.3,2.7416782,12.599999
20201012T2100,23.0329,0.4,91.0,1005.1,3.7064266,9.36
20201012T2200,23.0029,0.0,92.0,1004.7,4.8433046,13.679999
20201012T2300,22.9829,0.0,93.0,1004.3,5.3999996,16.56
20201013T0000,23.0729,0.0,94.0,1004.0,5.991594,17.28
20201013T0100,23.082901,0.0,94.0,1003.3,6.792466,15.84
20201013T0200,23.0229,0.0,94.0,1002.7,6.989936,19.44
20201013T0300,22.8729,0.0,94.0,1002.4,7.289445,16.56
20201013T0400,22.7629,0.0,95.0,1002.9,7.0911775,13.679999
20201013T0500,22.6429,0.6,95.0,1003.5,9.83268,15.119999
20201013T0600,22.6929,0.1,94.0,1003.8,11.620809,17.28
20201013T0700,22.7629,0.8,94.0,1005.0,10.948973,18.72
20201013T0800,22.8229,2.7,95.0,1005.4,9.957108,17.64
20201013T0900,24.1929,0.2,90.0,1005.5,15.782622,23.4
20201013T1000,23.9129,0.7,92.0,1004.6,18.723461,28.8
20201013T1100,23.9929,0.8,92.0,1003.6,20.972897,30.960001
20201013T1200,23.9629,3.0,93.0,1002.6,21.599998,34.2
20201013T1300,23.8929,4.9,94.0,1001.8,17.447933,26.64
20201013T1400,24.082901,1.3,94.0,1001.4,12.413476,24.48
20201013T1500,23.9829,2.8,96.0,1000.8,13.684735,15.119999
20201013T1600,23.6529,2.2,94.0,1001.5,15.328561,17.28
20201013T1700,23.4229,6.8,95.0,999.1,23.507751,40.68
20201013T1800,23.3729,6.7,96.0,999.5,21.178896,26.28
20201013T1900,23.5129,5.2,95.0,1000.3,20.082708,24.119999
20201013T2000,23.5429,2.1,96.0,1000.7,15.328561,24.119999
20201013T2100,23.5429,1.1,97.0,1001.5,8.654986,18.359999
20201013T2200,23.5029,0.9,97.0,1000.9,7.7043357,16.56
20201013T2300,23.4429,3.4,97.0,1000.2,11.212135,19.44
20190930T0000,23.7629,0.0,87.0,1013.7,9.983106,13.679999
20190930T0100,23.4129,0.0,89.0,1013.1,9.504273,13.679999
20190930T0200,23.1429,0.0,91.0,1012.6,8.225035,12.599999
20190930T0300,22.9629,0.0,91.0,1012.0,7.072878,14.04
20190930T0400,22.8029,0.0,90.0,1012.2,6.5693827,19.8
20190930T0500,22.6629,0.0,90.0,1012.7,5.5887027,15.119999
20190930T0600,22.6229,0.0,91.0,1013.2,5.95906,15.84
20190930T0700,24.1329,0.0,82.0,1014.2,9.6932955,12.24
20190930T0800,25.8629,0.0,74.0,1014.6,13.004921,13.679999
20190930T0900,27.2429,0.0,71.0,1014.5,15.119999,15.4800005
20190930T1000,27.4629,0.3,71.0,1013.9,12.224107,10.440001
20190930T1100,27.6629,0.4,68.0,1013.5,13.53236,11.879999
20190930T1200,27.7729,0.1,67.0,1013.3,12.819235,11.159999
20190930T1300,27.6629,0.2,67.0,1012.4,12.738099,12.24
20190930T1400,26.9229,0.1,69.0,1011.6,12.475961,11.5199995
20190930T1500,27.4029,0.0,68.0,1010.8,12.261157,11.5199995
20190930T1600,27.0029,0.0,70.0,1011.0,11.246759,11.5199995
20190930T1700,26.8229,1.6,77.0,1011.7,1.0182338,4.32
20190930T1800,26.332901,0.0,77.0,1012.1,0.71999997,0.71999997
20190930T1900,26.0929,0.0,78.0,1012.6,2.8116899,3.2399998
20190930T2000,25.8629,0.0,79.0,1012.8,4.8433046,5.7599998
20190930T2100,25.3029,0.0,83.0,1013.3,5.8603754,9.0
20190930T2200,24.6329,0.0,87.0,1013.1,6.1305785,9.36
20190930T2300,24.0329,0.0,90.0,1012.8,6.792466,9.36
20191001T0000,23.5429,0.0,91.0,1012.8,7.5685663,10.799999
20191001T0100,23.082901,0.0,91.0,1012.1,7.072878,12.24
20191001T0200,22.7129,0.0,92.0,1011.6,5.771239,10.799999
20191001T0300,22.4229,0.0,93.0,1011.1,5.0528407,10.08
20191001T0400,22.2029,0.0,94.0,1011.5,3.9763298,9.72
20191001T0500,21.9829,0.0,95.0,1012.1,3.2599385,9.72
20191001T0600,21.8529,0.0,96.0,1012.6,3.5455887,10.440001
20191001T0700,23.3129,0.0,90.0,1013.2,5.0142193,8.64
20191001T0800,25.1929,0.0,85.0,1013.4,3.8773184,7.5599995
20191001T0900,26.4329,0.6,78.0,1013.5,6.5693827,8.28
20191001T1000,26.8229,0.9,72.0,1013.2,9.585739,11.879999
20191001T1100,27.3529,0.2,68.0,1012.9,8.942214,11.879999
20191001T1200,27.5729,0.1,67.0,1012.6,8.049845,11.159999
20191001T1300,27.7029,0.0,66.0,1011.6,7.928178,10.440001
20191001T1400,27.7429,0.0,66.0,1010.9,7.172949,10.799999
20191001T1500,27.0629,0.0,68.0,1010.2,6.792466,9.72
20191001T1600,27.4729,0.0,67.0,1010.4,5.6233797,9.36
20191001T1700,26.3029,0.0,76.0,1010.5,0.0,2.16
20191001T1800,25.9429,0.0,79.0,1011.1,3.2399998,2.16
20191001T1900,25.5229,0.0,82.0,1012.0,3.9763298,3.6
20191001T2000,25.1829,0.0,84.0,1012.5,4.0249224,5.3999996
20191001T2100,24.8729,0.0,86.0,1013.1,5.3517847,8.64
20191001T2200,24.5529,0.0,88.0,1013.1,5.495161,12.24
20191001T2300,24.2429,0.0,90.0,1013.0,6.9247384,10.799999
20191002T0000,23.9729,0.0,91.0,1012.9,7.4128532,13.679999
20191002T0100,23.6729,0.0,91.0,1012.3,7.0911775,12.24
20191002T0200,23.4429,0.0,91.0,1011.7,7.69592,13.679999
20191002T0300,23.2629,0.0,90.0,1011.1,7.6367526,16.56
20191002T0400,23.1729,0.0,90.0,1011.3,7.4128532,20.16
20191002T0500,23.0229,0.0,91.0,1011.9,7.8954163,19.44
20191002T0600,23.1429,0.0,90.0,1012.6,9.422101,16.56
20191002T0700,24.3629,0.0,85.0,1013.4,12.496718,18.0
20191002T0800,25.7829,0.0,80.0,1013.7,14.904173,18.0
20191002T0900,27.2129,0.7,76.0,1013.6,13.039754,17.28
20191002T1000,26.1329,3.0,78.0,1013.8,12.015589,15.84
20191002T1100,25.6629,1.7,79.0,1013.6,9.9571085,14.759999
20191002T1200,25.6629,1.7,78.0,1013.5,9.346143,12.24
20191002T1300,25.5129,1.8,79.0,1012.7,8.0899935,10.440001
20191002T1400,25.9429,0.5,78.0,1011.8,7.928177,10.440001
20191002T1500,26.3029,0.0,76.0,1010.8,7.42159,10.08
20191002T1600,26.2729,0.0,76.0,1011.0,5.3517847,9.36
20191002T1700,28.1929,0.0,67.0,1010.7,1.835647,5.3999996
20191002T1800,27.7229,0.0,64.0,1011.1,1.08,2.16
20191002T1900,27.5029,0.0,65.0,1011.7,1.5273507,2.16
20191002T2000,27.1229,0.0,67.0,1012.1,2.3051248,2.8799999
20191002T2100,26.7329,0.0,70.0,1012.6,2.5455842,3.2399998
20191002T2200,26.2329,0.0,73.0,1012.6,3.219938,4.32
20191002T2300,25.7129,0.0,76.0,1012.3,3.5455887,5.04
20191003T0000,25.2129,0.0,79.0,1012.2,3.7585104,5.3999996
20191003T0100,24.6629,0.0,81.0,1011.5,4.2136917,6.12
20191003T0200,24.2529,0.0,82.0,1011.0,4.5536795,5.04
20191003T0300,23.8429,0.0,84.0,1010.4,4.896529,5.7599998
20191003T0400,23.5929,0.2,87.0,1010.7,4.452954,5.7599998
20191003T0500,23.5529,0.1,86.0,1011.4,5.154415,5.7599998
20191003T0600,23.2929,0.1,89.0,1011.9,5.00128,6.8399997
20191003T0700,23.9429,0.2,88.0,1012.9,3.8939953,7.2
20191003T0800,26.1129,0.0,77.0,1013.1,6.379216,9.72
20191003T0900,26.1229,1.2,76.0,1013.5,6.830519,8.64
20191003T1000,26.3429,0.6,73.0,1013.0,6.162207,9.72
20191003T1100,26.5929,0.5,71.0,1012.6,5.3999996,8.28
20191003T1200,26.6829,0.7,71.0,1012.4,3.2399998,7.5599995
20191003T1300,26.6229,0.8,71.0,1011.6,2.0991426,7.2
20191003T1400,26.5029,0.7,71.0,1011.0,2.0364676,7.5599995
20191003T1500,26.3829,0.8,72.0,1010.5,1.8,7.2
20191003T1600,26.2429,0.8,72.0,1010.7,0.35999998,3.6
20191003T1700,27.6529,0.2,64.0,1010.5,2.5455842,5.7599998
20191003T1800,27.0329,0.2,74.0,1011.0,2.4149535,5.3999996
20191003T1900,26.9829,0.0,68.0,1011.9,3.5455887,5.04
20191003T2000,26.3429,0.0,72.0,1012.4,5.1919937,7.5599995
20191003T2100,25.5429,0.0,77.0,1013.0,6.1094027,10.08
20191003T2200,24.7429,0.0,81.0,1012.8,6.9247384,11.5199995
20191003T2300,24.1129,0.0,84.0,1012.5,6.830519,12.599999
20191004T0000,23.6729,0.0,86.0,1012.3,6.5693827,12.24
20191004T0100,23.332901,0.0,87.0,1011.7,5.8603754,11.159999
20191004T0200,23.1229,0.0,87.0,1011.3,5.1544156,9.72
20191004T0300,22.9129,0.0,87.0,1010.7,5.4477882,9.36
20191004T0400,22.7529,0.0,87.0,1011.3,5.8048253,9.72
20191004T0500,22.582901,0.0,87.0,1012.3,6.519877,10.799999
20191004T0600,22.5029,0.0,88.0,1013.0,5.771239,11.159999
20191004T0700,23.7529,0.0,85.0,1013.6,4.32,11.159999
20191004T0800,26.2929,0.0,74.0,1013.6,7.69592,10.08
20191004T0900,26.5229,0.6,71.0,1013.5,10.44,11.5199995
20191004T1000,26.8829,0.2,67.0,1013.1,8.699793,9.36
20191004T1100,27.1129,0.3,66.0,1012.9,7.10031,7.92
20191004T1200,27.6329,0.1,64.0,1012.4,7.289445,8.28
20191004T1300,27.8229,0.1,63.0,1011.1,6.9153743,8.28
20191004T1400,28.2629,0.1,62.0,1010.2,6.638072,8.64
20191004T1500,28.1729,0.1,61.0,1009.4,5.6002855,7.5599995
20191004T1600,27.9429,0.1,62.0,1009.7,4.39436,7.5599995
20191004T1700,25.2029,0.3,79.0,1011.1,4.3349743,3.96
20191004T1800,23.9029,0.5,89.0,1012.2,6.9527545,7.92
20191004T1900,23.3829,0.3,91.0,1012.4,8.28,9.72
20191004T2000,23.2229,0.0,90.0,1012.0,7.69592,10.08
20191004T2100,23.0529,0.0,92.0,1012.1,5.8048253,9.36
20191004T2200,22.9229,0.0,93.0,1011.9,4.6938252,6.4799995
20191004T2300,22.8529,0.0,93.0,1011.7,4.452954,5.04
20191005T0000,22.8129,0.0,92.0,1011.6,4.5536795,4.68
20191005T0100,22.7629,0.0,92.0,1011.0,4.802999,4.32
20191005T0200,22.6429,0.0,92.0,1010.7,5.0528407,4.68
20191005T0300,22.5729,0.0,91.0,1010.3,5.04,4.32
20191005T0400,22.4129,0.0,92.0,1010.7,3.96,5.04
20191005T0500,22.3429,0.0,92.0,1011.4,3.6179552,3.96
20191005T0600,22.4029,0.0,92.0,1011.7,3.0758414,3.6
20191005T0700,23.4329,0.0,90.0,1012.3,1.5273507,1.08
20191005T0800,25.3129,0.0,79.0,1012.2,1.8,4.68
20191005T0900,25.7429,0.1,74.0,1012.5,3.8268526,5.3999996
20191005T1000,25.9129,0.3,74.0,1012.0,3.396233,6.12
20191005T1100,27.0029,0.0,71.0,1011.6,3.671294,6.8399997
20191005T1200,27.5229,0.0,68.0,1011.1,3.96,6.4799995
20191005T1300,26.9029,0.7,70.0,1010.2,3.319036,4.32
20191005T1400,26.7129,0.7,71.0,1009.5,3.096837,5.3999996
20191005T1500,26.5029,0.6,71.0,1008.8,3.6,6.12
20191005T1600,26.1929,0.4,72.0,1009.1,3.8268526,6.12
20191005T1700,25.7529,0.7,77.0,1010.3,6.9247384,8.64
20191005T1800,25.2229,0.0,78.0,1010.8,6.297428,9.0
20191005T1900,25.0329,0.0,79.0,1011.4,4.1046314,6.12
20191005T2000,24.6829,0.0,82.0,1011.6,2.968636,5.7599998
20191005T2100,24.5329,0.0,83.0,1012.0,1.4399999,2.8799999
20191005T2200,24.3829,0.0,83.0,1011.9,0.71999997,0.71999997
20191005T2300,24.1529,0.0,84.0,1011.8,0.8049845,0.71999997
20191006T0000,23.9629,0.0,84.0,1011.8,0.71999997,0.71999997
20191006T0100,23.6429,0.0,86.0,1011.3,1.1384199,0.71999997
20191006T0200,23.3929,0.0,87.0,1011.1,0.8049845,0.71999997
20191006T0300,23.0929,0.0,88.0,1010.9,0.5091169,0.71999997
20191006T0400,22.8529,0.0,89.0,1011.3,0.35999998,1.4399999
20191006T0500,22.6829,0.0,89.0,1011.8,0.8049845,2.52
20191006T0600,22.5229,0.0,91.0,1012.3,2.0364676,3.96
20191006T0700,23.4629,0.0,90.0,1013.0,1.8,5.04
20191006T0800,25.0629,0.0,80.0,1013.1,4.1046314,3.6
20191006T0900,25.2529,0.3,77.0,1013.1,2.0991426,1.4399999
20191006T1000,25.7329,0.2,74.0,1012.6,4.3349743,3.6
20191006T1100,26.0229,0.4,73.0,1012.1,4.68,3.6
20191006T1200,26.2429,0.4,72.0,1011.8,3.7585104,3.6
20191006T1300,26.4329,0.4,72.0,1010.9,3.4152596,3.6
20191006T1400,26.4929,0.4,70.0,1010.2,2.7416782,3.6
20191006T1500,26.4129,0.4,70.0,1009.6,2.1897945,3.6
20191006T1600,26.3229,0.2,71.0,1009.9,1.484318,2.8799999
20191006T1700,25.7629,0.0,75.0,1010.2,5.6233797,5.3999996
20191006T1800,24.7429,0.0,82.0,1011.1,6.989936,8.28
20191006T1900,23.8129,0.0,86.0,1012.1,7.42159,9.36
20191006T2000,22.9929,0.0,88.0,1012.6,6.638072,9.0
20191006T2100,22.4929,0.0,88.0,1013.2,5.904439,7.92
20191006T2200,22.2029,0.0,88.0,1013.2,5.1919937,7.92
20191006T2300,22.1429,0.0,87.0,1012.8,4.0249224,7.92
20191007T0000,22.1729,0.0,86.0,1012.7,3.4152596,7.92
20191007T0100,22.082901,0.0,86.0,1011.9,3.319036,8.64
20191007T0200,21.9929,0.0,87.0,1011.4,2.8799999,9.72
20191007T0300,21.8629,0.0,88.0,1010.7,2.2768397,9.36
20191007T0400,21.7829,0.0,88.0,1011.3,1.08,9.0
20191007T0500,21.6729,0.0,89.0,1012.0,0.5091169,7.92
20191007T0600,21.582901,0.0,93.0,1012.6,0.0,7.2
20191007T0700,22.6929,0.0,89.0,1013.3,0.35999998,5.7599998
20191007T0800,24.832901,0.0,83.0,1013.5,4.379589,4.32
20191007T0900,25.2829,0.1,77.0,1013.9,3.6,5.7599998
20191007T1000,26.2329,0.0,72.0,1013.4,1.609969,5.04
20191007T1100,27.3029,0.0,67.0,1012.5,2.2768397,4.32
20191007T1200,27.6629,0.0,65.0,1011.9,3.671294,5.7599998
20191007T1300,28.2829,0.0,63.0,1010.7,5.771239,6.8399997
20191007T1400,28.5629,0.0,61.0,1009.9,8.28,9.0
20191007T1500,28.5229,0.0,61.0,1009.1,9.36,9.72
20191007T1600,27.9329,0.2,63.0,1009.4,9.746631,9.72
20191007T1700,26.4129,0.0,74.0,1010.2,4.32,5.3999996
20191007T1800,26.2029,0.0,74.0,1010.9,5.0528407,6.4799995
20191007T1900,25.832901,0.0,76.0,1011.8,4.896529,7.5599995
20191007T2000,25.3629,0.0,78.0,1012.2,4.3498964,7.92
20191007T2100,24.9629,0.0,80.0,1012.6,4.3498964,8.64
20191007T2200,24.5329,0.0,81.0,1012.5,4.2136917,9.0
20191007T2300,24.1429,0.0,83.0,1012.3,3.5455887,9.0
20191008T0000,23.832901,0.0,84.0,1012.2,3.0758414,8.64
20191008T0100,23.5229,0.0,85.0,1011.6,2.9024127,7.92
20191008T0200,23.2529,0.0,86.0,1011.2,2.9024127,7.92
20191008T0300,23.0029,0.0,87.0,1010.9,2.5455842,7.92
20191008T0400,22.7929,0.0,88.0,1011.3,2.6208394,8.28
20191008T0500,22.5929,0.0,89.0,1011.8,3.7585104,9.36
20191008T0600,22.4729,0.0,90.0,1012.3,3.0758414,9.36
20191008T0700,23.4829,0.0,89.0,1013.0,1.609969,7.2
20191008T0800,25.2629,0.0,81.0,1012.8,4.198285,8.28
20191008T0900,25.7729,0.1,76.0,1013.1,4.6938257,7.92
20191008T1000,26.2729,0.1,72.0,1012.5,5.00128,8.28
20191008T1100,27.3629,0.0,68.0,1011.7,4.198285,7.2
20191008T1200,27.582901,0.1,67.0,1011.0,5.506941,7.92
20191008T1300,27.5229,0.2,67.0,1010.1,6.5693827,8.64
20191008T1400,27.4229,0.3,67.0,1009.6,7.69592,9.0
20191008T1500,27.2729,0.2,68.0,1008.9,8.049845,9.0
20191008T1600,27.2329,0.1,68.0,1009.4,8.209263,9.72
20191008T1700,26.4329,0.9,74.0,1010.0,6.4096174,7.5599995
20191008T1800,25.9129,0.9,79.0,1010.9,6.12,6.4799995
20191008T1900,25.3429,0.0,82.0,1011.6,5.95906,8.28
20191008T2000,24.7429,0.0,86.0,1011.8,5.95906,8.64
20191008T2100,24.3629,0.0,88.0,1012.2,4.829907,7.5599995
20191008T2200,24.1229,0.0,90.0,1012.1,3.5455887,6.12
20191008T2300,23.8629,0.0,91.0,1011.6,2.8799999,5.04
20191009T0000,23.6129,0.0,92.0,1011.5,2.968636,5.04
20191009T0100,23.3429,0.0,93.0,1010.9,2.5959969,4.32
20191009T0200,23.1129,0.0,94.0,1010.8,2.4149535,3.6
20191009T0300,22.8729,0.0,94.0,1010.4,1.8,2.52
20191009T0400,22.6029,0.0,95.0,1010.9,1.9386592,2.52
20191009T0500,22.2429,0.0,98.0,1011.7,2.5455842,1.8
20191009T0600,21.9329,0.0,96.0,1012.2,2.2768397,2.8799999
20191009T0700,22.3929,0.0,94.0,1012.9,1.5273507,3.96
20191009T0800,24.3029,0.1,87.0,1012.4,1.8,5.3999996
20191009T0900,24.9029,0.2,83.0,1012.4,1.4399999,4.32
20191009T1000,26.0129,0.1,76.0,1011.9,1.1384199,3.2399998
20191009T1100,26.7729,0.0,72.0,1011.2,0.0,1.8
20191009T1200,27.2329,0.0,69.0,1010.6,1.484318,2.8799999
20191009T1300,27.4029,0.1,68.0,1009.6,3.7585104,4.32
20191009T1400,27.3729,0.3,68.0,1008.8,4.73506,5.04
20191009T1500,27.2529,0.2,68.0,1008.1,6.162207,6.4799995
20191009T1600,26.9829,0.2,69.0,1008.4,7.208994,7.2
20191009T1700,25.2529,0.0,82.0,1009.3,3.2599385,3.2399998
20191009T1800,24.9029,0.0,87.0,1010.1,3.2599385,3.96
20191009T1900,24.6629,0.0,87.0,1011.2,3.2599385,4.32
20191009T2000,24.4429,0.0,88.0,1011.6,3.4152596,5.04
20191009T2100,24.1829,0.0,89.0,1012.0,4.2136917,5.04
20191009T2200,23.8029,0.0,91.0,1011.8,5.154415,6.4799995
20191009T2300,23.2829,0.0,93.0,1011.6,5.991594,9.0
20191010T0000,23.082901,0.0,94.0,1011.6,5.6002855,8.64
20191010T0100,22.6829,0.0,95.0,1010.9,5.1165614,7.2
20191010T0200,22.3529,0.0,96.0,1010.5,4.6102495,5.04
20191010T0300,22.1729,0.0,96.0,1010.1,4.8965297,5.7599998
20191010T0400,22.3029,0.0,96.0,1010.6,4.198285,6.4799995
20191010T0500,22.3129,0.0,96.0,1011.4,3.8939953,5.3999996
20191010T0600,22.3129,0.0,96.0,1012.0,4.39436,4.32
20191010T0700,22.7829,0.0,93.0,1012.7,5.495161,3.96
20191010T0800,24.0229,0.0,89.0,1012.7,5.0142193,4.32
20191010T0900,24.2329,0.2,87.0,1012.9,5.00128,4.32
20191010T1000,25.0429,0.2,82.0,1012.6,3.096837,2.52
20191010T1100,25.7329,0.2,77.0,1012.1,1.8,2.16
20191010T1200,26.582901,0.0,72.0,1011.4,0.0,0.35999998
20191010T1300,26.8529,0.1,71.0,1010.4,1.484318,2.16
20191010T1400,27.4829,0.0,67.0,1009.7,2.9024127,2.8799999
20191010T1500,27.3929,0.1,67.0,1009.2,3.219938,3.2399998
20191010T1600,27.2129,0.1,67.0,1009.5,3.9763298,3.6
20191010T1700,25.4629,0.1,79.0,1009.9,5.771239,6.4799995
20191010T1800,24.9229,0.5,82.0,1010.8,6.162207,6.8399997
20191010T1900,24.3929,0.0,86.0,1011.7,6.12,9.0
20191010T2000,23.9729,0.0,89.0,1012.0,5.8048253,10.08
20191010T2100,23.6829,0.0,91.0,1012.6,5.1544156,10.08
20191010T2200,23.4629,0.0,92.0,1012.4,5.1544156,10.799999
20191010T2300,23.2729,0.0,93.0,1012.1,5.634891,11.879999
20191011T0000,23.1329,0.0,94.0,1011.9,5.692099,11.159999
20191011T0100,22.8929,0.0,95.0,1011.4,5.1919937,10.440001
20191011T0200,22.6029,0.0,96.0,1011.2,5.3999996,10.799999
20191011T0300,22.5129,0.0,96.0,1010.9,5.3517847,11.159999
20191011T0400,22.4629,0.0,96.0,1011.3,4.8433046,9.36
20191011T0500,22.4429,0.0,96.0,1011.8,4.1046314,7.92
20191011T0600,22.4929,0.0,96.0,1012.1,4.0249224,7.2
20191011T0700,22.9629,0.0,94.0,1012.8,5.495161,7.2
20191011T0800,23.7829,0.0,91.0,1012.9,6.297428,4.68
20191011T0900,24.2429,0.1,89.0,1012.9,8.427383,6.4799995
20191011T1000,24.2529,0.7,87.0,1013.1,6.696387,7.92
20191011T1100,24.5629,0.2,86.0,1012.0,6.439876,5.7599998
20191011T1200,25.7729,0.1,81.0,1011.4,6.28713,5.7599998
20191011T1300,26.4229,0.1,76.0,1010.4,6.28713,5.7599998
20191011T1400,26.1929,0.1,76.0,1010.0,6.12,5.7599998
20191011T1500,26.1829,0.0,75.0,1009.3,6.9247384,6.4799995
20191011T1600,26.1529,0.0,75.0,1009.5,7.8954163,7.2
20191011T1700,25.4829,0.9,79.0,1010.1,2.5455842,3.96
20191011T1800,25.0529,0.1,82.0,1010.6,4.510787,2.52
20191011T1900,24.5029,0.0,87.0,1011.5,4.802999,3.6
20191011T2000,23.9329,0.0,91.0,1011.9,5.0528407,4.68
20191011T2100,23.4429,0.0,94.0,1012.3,5.0528407,6.12
20191011T2200,23.0229,0.0,95.0,1012.3,4.32,6.8399997
20191011T2300,22.7529,0.0,95.0,1012.0,2.968636,6.8399997
20191012T0000,22.4429,0.0,95.0,1011.9,2.4149535,7.5599995
20191012T0100,22.1329,0.0,95.0,1011.2,2.0991426,7.92
20191012T0200,21.8629,0.0,96.0,1010.9,2.5455842,9.36
20191012T0300,21.5229,0.0,96.0,1010.5,3.219938,10.799999
20191012T0400,21.1829,0.0,96.0,1011.0,3.0758414,11.879999
20191012T0500,20.9229,0.0,96.0,1011.8,2.2768397,11.879999
20191012T0600,20.7729,0.0,96.0,1012.4,1.4399999,12.24
20191012T0700,21.4329,0.0,94.0,1013.3,1.1384199,7.92
20191012T0800,24.2029,0.0,84.0,1013.5,5.95906,6.8399997
20191012T0900,25.6229,0.1,81.0,1013.6,6.763786,7.2
20191012T1000,25.6329,0.2,80.0,1013.2,7.4128532,6.8399997
20191012T1100,26.4029,0.0,74.0,1012.7,4.1046314,3.6
20191012T1200,26.9729,0.1,71.0,1012.3,2.1897945,1.8
20191012T1300,27.4529,0.1,67.0,1011.4,1.484318,1.8
20191012T1400,27.4529,0.1,67.0,1010.6,0.35999998,1.08
20191012T1500,27.6829,0.1,66.0,1009.9,0.35999998,1.08
20191012T1600,27.4029,0.1,67.0,1010.2,0.8049845,1.4399999
20191012T1700,26.0029,0.0,77.0,1010.5,3.6179552,5.7599998
20191012T1800,25.5329,0.0,83.0,1011.2,3.5455887,3.96
20191012T1900,25.1229,0.0,84.0,1012.1,3.8773184,3.96
20191012T2000,24.8229,0.0,86.0,1012.6,3.6179552,5.04
20191012T2100,24.5329,0.0,87.0,1013.2,3.96,4.32
20191012T2200,24.1829,0.0,90.0,1013.1,3.96,4.68
20191012T2300,23.8829,0.0,91.0,1012.8,3.6179552,6.12
20191013T0000,23.6529,0.0,91.0,1012.5,2.5455842,5.3999996
20191013T0100,23.3529,0.0,93.0,1011.8,2.1897945,5.04
20191013T0200,23.1329,0.0,94.0,1011.5,2.52,5.7599998
20191013T0300,22.9129,0.0,95.0,1011.1,2.52,5.7599998
20191013T0400,22.6129,0.0,96.0,1011.7,2.52,6.4799995
20191013T0500,22.5629,0.0,96.0,1012.5,1.4399999,3.96
20191013T0600,22.5729,0.0,96.0,1013.0,0.71999997,3.6
20191013T0700,22.9629,0.0,95.0,1013.7,1.0182338,3.6
20191013T0800,23.6829,0.0,91.0,1014.1,2.0364676,2.8799999
20191013T0900,24.1129,0.0,89.0,1014.6,3.5455887,3.96
20191013T1000,24.8829,0.0,84.0,1013.9,2.5455842,3.96
20191013T1100,26.5229,0.0,76.0,1013.0,4.072935,6.12
20191013T1200,27.332901,0.0,71.0,1012.2,3.8939953,5.7599998
20191013T1300,27.4129,0.0,70.0,1011.2,5.95906,6.8399997
20191013T1400,27.7329,0.0,68.0,1010.5,7.0911775,7.2
20191013T1500,27.9629,0.0,66.0,1009.5,8.534353,8.64
20191013T1600,27.9529,0.0,66.0,1009.8,8.891343,8.64
20191013T1700,26.2929,0.0,75.0,1011.2,4.6102495,7.5599995
20191013T1800,25.6829,0.0,80.0,1011.7,4.802999,6.12
20191013T1900,25.2929,0.0,83.0,1012.6,4.32,6.4799995
20191013T2000,25.0229,0.0,84.0,1013.0,2.9024127,5.7599998
20191013T2100,24.7529,0.0,86.0,1013.6,2.1897945,5.04
20191013T2200,24.4829,0.0,87.0,1013.6,1.8,5.04
20191013T2300,24.2329,0.0,88.0,1013.3,1.484318,4.68
20180930T0000,25.9229,0.0,74.0,1010.9,4.829907,12.599999
20180930T0100,25.6129,0.0,75.0,1010.4,4.198285,12.599999
20180930T0200,25.3129,0.0,76.0,1010.1,3.396233,11.879999
20180930T0300,24.9529,0.0,78.0,1009.8,2.5455842,10.440001
20180930T0400,24.7129,0.0,80.0,1010.0,2.0991426,9.0
20180930T0500,24.4829,0.0,81.0,1010.5,1.609969,7.92
20180930T0600,24.3429,0.0,82.0,1010.8,0.5091169,6.8399997
20180930T0700,25.3529,0.0,81.0,1011.5,1.1384199,7.2
20180930T0800,27.0929,0.0,74.0,1011.7,5.4833565,9.36
20180930T0900,28.5029,0.0,67.0,1011.8,7.5942073,13.32
20180930T1000,29.8529,0.0,59.0,1011.3,12.758432,15.4800005
20180930T1100,30.7529,0.0,54.0,1010.7,14.587776,16.56
20180930T1200,31.5029,0.0,51.0,1010.0,13.708391,16.199999
20180930T1300,31.832901,0.0,50.0,1008.9,13.276144,16.56
20180930T1400,31.9429,0.0,50.0,1008.2,12.429127,15.119999
20180930T1500,31.8929,0.0,49.0,1007.5,12.0694,14.4
20180930T1600,31.4629,0.0,50.0,1007.8,11.681987,14.4
20180930T1700,30.6129,0.0,52.0,1008.1,8.209263,10.799999
20180930T1800,29.8229,0.0,55.0,1008.3,7.172949,9.36
20180930T1900,29.2429,0.0,59.0,1009.1,6.8399997,9.0
20180930T2000,28.6229,0.0,61.0,1009.6,7.172949,11.879999
20180930T2100,28.0229,0.0,63.0,1010.3,7.24486,12.959999
20180930T2200,27.3729,0.0,66.0,1010.5,7.289445,12.959999
20180930T2300,26.6529,0.0,70.0,1010.5,7.386582,15.84
20181001T0000,26.0429,0.0,73.0,1010.7,7.145796,15.84
20181001T0100,25.5329,0.0,76.0,1010.2,6.696387,15.4800005
20181001T0200,25.1429,0.0,79.0,1009.8,6.489992,15.119999
20181001T0300,24.8129,0.0,80.0,1009.5,6.297428,14.04
20181001T0400,24.5329,0.0,82.0,1009.9,5.95906,13.32
20181001T0500,24.2729,0.0,83.0,1010.6,5.6920996,12.24
20181001T0600,24.1429,0.0,84.0,1011.0,4.452954,11.5199995
20181001T0700,25.5529,0.0,80.0,1011.7,4.802999,10.440001
20181001T0800,27.4529,0.0,72.0,1012.0,7.8954163,9.0
20181001T0900,28.8829,0.0,65.0,1012.2,8.707237,11.159999
20181001T1000,29.7729,0.0,59.0,1011.9,9.726665,12.24
20181001T1100,30.4229,0.0,57.0,1011.3,10.805999,12.959999
20181001T1200,31.0529,0.0,53.0,1010.6,10.440001,12.599999
20181001T1300,31.4229,0.0,52.0,1009.5,10.440001,11.879999
20181001T1400,31.5529,0.0,52.0,1008.8,10.799999,11.879999
20181001T1500,31.3729,0.0,52.0,1008.2,11.183201,12.959999
20181001T1600,30.8829,0.0,54.0,1008.4,10.948973,14.04
20181001T1700,29.9729,0.0,54.0,1008.8,11.885453,14.759999
20181001T1800,29.0729,0.0,58.0,1009.2,9.47012,12.24
20181001T1900,28.2429,0.0,62.0,1010.0,9.605998,11.879999
20181001T2000,27.4029,0.0,66.0,1010.8,9.6932955,19.08
20181001T2100,26.6729,0.0,69.0,1011.5,9.360001,19.8
20181001T2200,26.1129,0.0,72.0,1011.8,9.511088,20.880001
20181001T2300,25.582901,0.0,74.0,1011.6,9.793059,21.96
20181002T0000,25.0929,0.0,77.0,1011.7,9.422101,21.96
20181002T0100,24.6429,0.0,79.0,1011.3,8.913181,17.64
20181002T0200,24.2129,0.0,81.0,1010.9,8.435069,13.679999
20181002T0300,23.7829,0.0,84.0,1010.6,7.7879906,18.359999
20181002T0400,23.4229,0.0,87.0,1010.9,7.0911775,16.919998
20181002T0500,23.1329,0.0,89.0,1011.5,6.379216,15.84
20181002T0600,23.0129,0.0,90.0,1011.9,5.506941,15.119999
20181002T0700,24.2329,0.0,85.0,1012.6,8.209263,13.32
20181002T0800,26.0929,0.0,77.0,1012.9,9.585739,12.24
20181002T0900,27.8629,0.0,67.0,1013.0,10.97262,12.24
20181002T1000,29.2829,0.0,61.0,1012.5,11.298495,12.959999
20181002T1100,30.4529,0.0,56.0,1011.8,11.440979,13.32
20181002T1200,31.2629,0.0,54.0,1011.3,10.829959,13.32
20181002T1300,31.7129,0.0,49.0,1010.2,11.367109,13.32
20181002T1400,31.9629,0.0,47.0,1009.4,11.609651,13.679999
20181002T1500,31.9429,0.0,47.0,1008.6,11.885453,13.32
20181002T1600,31.5229,0.0,48.0,1008.7,12.245294,12.959999
20181002T1700,29.8529,0.0,56.0,1009.9,8.905908,9.36
20181002T1800,29.0329,0.0,59.0,1010.1,7.8625183,8.28
20181002T1900,28.3429,0.0,63.0,1010.8,7.6367526,13.32
20181002T2000,27.7029,0.0,66.0,1011.2,7.5685663,14.759999
20181002T2100,27.1329,0.0,68.0,1011.7,7.928178,14.04
20181002T2200,26.5429,0.0,71.0,1011.8,7.9932976,15.119999
20181002T2300,25.9929,0.0,74.0,1011.6,7.628263,15.84
20181003T0000,25.5329,0.0,76.0,1011.7,7.729527,15.84
20181003T0100,25.0929,0.0,78.0,1011.1,7.7879906,19.44
20181003T0200,24.6129,0.0,81.0,1010.7,7.42159,18.0
20181003T0300,24.1529,0.0,84.0,1010.3,6.3690495,15.84
20181003T0400,23.8129,0.0,86.0,1010.6,5.8048253,14.759999
20181003T0500,23.5629,0.0,88.0,1011.2,5.2416787,13.679999
20181003T0600,23.4829,0.0,88.0,1011.5,3.9763298,12.599999
20181003T0700,24.8729,0.0,82.0,1012.1,6.638072,12.599999
20181003T0800,26.6929,0.0,74.0,1012.4,8.707237,9.72
20181003T0900,28.2629,0.0,68.0,1012.6,9.726664,9.36
20181003T1000,29.4729,0.0,63.0,1012.0,9.339208,9.36
20181003T1100,30.4129,0.0,59.0,1011.1,9.360001,10.440001
20181003T1200,30.9629,0.0,55.0,1010.7,10.365251,12.959999
20181003T1300,31.0429,0.0,53.0,1009.9,10.483357,12.24
20181003T1400,31.2029,0.0,51.0,1009.3,10.829959,12.959999
20181003T1500,31.0429,0.0,51.0,1008.6,10.931203,14.4
20181003T1600,30.8429,0.0,50.0,1008.6,11.440978,14.4
20181003T1700,29.7729,0.0,56.0,1008.9,10.446206,11.5199995
20181003T1800,28.9229,0.0,59.0,1009.2,9.028754,10.440001
20181003T1900,28.2829,0.0,62.0,1010.1,8.28,9.36
20181003T2000,27.7129,0.2,66.0,1010.8,8.4042845,9.0
20181003T2100,26.9529,0.0,69.0,1011.3,8.905908,17.28
20181003T2200,26.3129,0.0,72.0,1011.5,8.766573,18.359999
20181003T2300,25.832901,0.0,73.0,1011.4,8.534353,19.08
20181004T0000,25.3829,0.0,76.0,1011.5,9.021574,20.519999
20181004T0100,24.8629,0.0,79.0,1011.1,9.19939,21.24
20181004T0200,24.3529,0.0,82.0,1010.8,8.287822,20.16
20181004T0300,23.9129,0.0,85.0,1010.5,7.42159,18.72
20181004T0400,23.582901,0.0,87.0,1010.8,6.8777895,18.359999
20181004T0500,23.332901,0.0,88.0,1011.5,6.193674,18.0
20181004T0600,23.2329,0.0,89.0,1011.9,5.991594,17.64
20181004T0700,24.4529,0.0,83.0,1012.5,8.891343,15.84
20181004T0800,26.2329,0.0,76.0,1012.9,11.480557,14.4
20181004T0900,27.832901,0.0,69.0,1013.3,12.313894,14.04
20181004T1000,29.2129,0.0,63.0,1012.8,12.594856,15.119999
20181004T1100,30.3129,0.0,57.0,1012.0,13.217443,15.84
20181004T1200,30.9729,0.0,53.0,1011.4,14.8257065,18.72
20181004T1300,31.1129,0.0,52.0,1010.5,14.512064,18.72
20181004T1400,31.0529,0.0,52.0,1010.1,13.708391,18.72
20181004T1500,30.7129,0.0,53.0,1009.6,14.154915,19.44
20181004T1600,30.0929,0.0,55.0,1009.7,15.158522,20.519999
20181004T1700,29.0429,0.0,57.0,1009.7,13.441071,16.56
20181004T1800,28.1329,0.0,61.0,1010.0,10.239453,17.28
20181004T1900,27.3829,0.0,65.0,1010.9,8.825508,18.72
20181004T2000,26.7829,0.0,67.0,1011.4,8.209263,19.08
20181004T2100,26.2629,0.0,69.0,1012.0,8.311245,20.16
20181004T2200,25.7629,0.0,72.0,1012.1,8.557102,21.24
20181004T2300,25.2929,0.0,74.0,1012.2,8.766573,22.68
20181005T0000,24.8529,0.0,76.0,1012.3,8.854829,23.039999
20181005T0100,24.2729,0.0,79.0,1012.0,9.387651,18.72
20181005T0200,23.5929,0.0,84.0,1011.8,8.714677,19.8
20181005T0300,23.0429,0.0,88.0,1011.6,7.653705,19.08
20181005T0400,22.6629,0.0,90.0,1011.9,6.9153743,18.359999
20181005T0500,22.3529,0.0,92.0,1012.5,6.3690495,17.64
20181005T0600,22.1529,0.0,93.0,1012.8,6.638072,18.359999
20181005T0700,23.1729,0.0,89.0,1013.5,10.464797,19.08
20181005T0800,24.832901,0.0,79.0,1014.1,13.684735,20.16
20181005T0900,26.5329,0.0,68.0,1014.5,15.141414,21.599998
20181005T1000,28.0929,0.0,59.0,1014.1,15.978484,21.96
20181005T1100,29.3229,0.0,53.0,1013.2,17.076298,22.319998
20181005T1200,30.2829,0.0,50.0,1012.5,18.861387,26.64
20181005T1300,30.7329,0.0,46.0,1011.5,18.709612,22.319998
20181005T1400,31.0029,0.0,45.0,1010.8,18.64369,25.199999
20181005T1500,30.9729,0.0,44.0,1010.2,18.289274,24.48
20181005T1600,30.5929,0.0,45.0,1010.2,17.581125,23.759998
20181005T1700,29.8029,0.0,48.0,1010.0,14.113653,20.16
20181005T1800,28.5929,0.0,53.0,1010.6,11.090103,21.599998
20181005T1900,27.582901,0.0,58.0,1011.4,10.24578,23.039999
20181005T2000,26.6629,0.0,61.0,1011.7,9.504273,23.759998
20181005T2100,25.9229,0.0,64.0,1012.2,9.19939,19.8
20181005T2200,25.1729,0.0,67.0,1012.4,8.404285,12.959999
20181005T2300,24.3529,0.0,73.0,1012.4,7.729527,12.24
20181006T0000,23.6429,0.0,78.0,1012.5,7.2805495,11.879999
20181006T0100,23.0729,0.0,83.0,1012.0,6.849467,11.5199995
20181006T0200,22.6529,0.0,86.0,1011.6,5.2416787,12.599999
20181006T0300,22.3029,0.0,88.0,1011.1,3.8939953,10.799999
20181006T0400,22.0529,0.0,89.0,1011.4,3.096837,10.440001
20181006T0500,21.8629,0.0,90.0,1011.9,3.0758414,8.64
20181006T0600,21.8829,0.0,89.0,1012.3,2.7416782,9.36
20181006T0700,23.3629,0.0,84.0,1013.1,0.8049845,10.799999
20181006T0800,25.9229,0.0,69.0,1013.6,6.696387,12.959999
20181006T0900,27.7329,0.0,60.0,1014.0,10.028439,14.04
20181006T1000,29.1829,0.0,51.0,1013.5,11.440978,15.4800005
20181006T1100,30.2729,0.0,48.0,1012.6,11.542478,18.0
20181006T1200,31.0929,0.0,47.0,1011.9,12.6462,15.119999
20181006T1300,31.5129,0.0,45.0,1010.8,13.556282,15.119999
20181006T1400,31.7129,0.0,44.0,1010.0,13.627795,15.84
20181006T1500,31.5429,0.0,45.0,1009.3,13.708391,15.84
20181006T1600,31.1429,0.0,46.0,1009.5,13.358861,15.4800005
20181006T1700,30.0629,0.0,49.0,1009.2,12.261158,16.919998
20181006T1800,28.9329,0.0,54.0,1009.6,9.3876505,16.199999
20181006T1900,28.0629,0.0,57.0,1010.3,8.707238,16.919998
20181006T2000,27.3129,0.0,60.0,1010.9,8.049845,16.919998
20181006T2100,26.6729,0.0,63.0,1011.6,7.42159,16.919998
20181006T2200,26.082901,0.0,65.0,1011.8,7.289444,13.679999
20181006T2300,25.5529,0.0,67.0,1011.7,7.4128532,17.64
20181007T0000,25.0129,0.0,70.0,1011.9,7.7043357,20.16
20181007T0100,24.3829,0.0,73.0,1011.3,7.127636,17.28
20181007T0200,23.8129,0.0,76.0,1010.9,6.193674,15.84
20181007T0300,23.3629,0.0,78.0,1010.5,5.0142193,14.4
20181007T0400,23.0329,0.0,80.0,1010.8,4.3349743,14.04
20181007T0500,22.7729,0.0,80.0,1011.5,3.2399998,13.32
20181007T0600,22.6829,0.0,80.0,1011.8,2.8799999,13.32
20181007T0700,24.0729,0.0,75.0,1012.5,1.835647,13.32
20181007T0800,26.3029,0.0,64.0,1012.8,8.209263,11.879999
20181007T0900,27.9729,0.0,56.0,1013.1,10.1887,15.84
20181007T1000,29.1929,0.0,52.0,1012.6,10.594036,16.919998
20181007T1100,30.2829,0.0,50.0,1011.7,13.039754,17.28
20181007T1200,31.0129,0.0,48.0,1011.0,15.03835,16.56
20181007T1300,31.5429,0.0,45.0,1009.9,15.192682,16.919998
20181007T1400,31.7229,0.0,44.0,1009.2,15.192682,17.64
20181007T1500,31.4829,0.0,44.0,1008.6,15.111424,17.28
20181007T1600,30.9629,0.0,46.0,1008.8,14.973576,16.919998
20181007T1700,29.9429,0.0,50.0,1009.1,13.32,18.359999
20181007T1800,28.8929,0.0,54.0,1009.5,10.799999,19.44
20181007T1900,27.9929,0.0,58.0,1010.3,10.086427,20.16
20181007T2000,27.2429,0.0,61.0,1011.0,9.422101,20.519999
20181007T2100,26.6329,0.0,64.0,1011.6,8.825508,20.519999
20181007T2200,26.0929,0.0,67.0,1011.8,8.905908,21.24
20181007T2300,25.6129,0.0,69.0,1011.6,8.766573,22.68
20181008T0000,25.1829,0.0,71.0,1011.7,9.021574,18.72
20181008T0100,24.6229,0.0,73.0,1011.3,8.4963045,20.880001
20181008T0200,24.0329,0.0,77.0,1010.9,7.653705,18.72
20181008T0300,23.5729,0.0,79.0,1010.5,6.763786,17.28
20181008T0400,23.2229,0.0,82.0,1010.7,6.489992,16.199999
20181008T0500,22.9429,0.0,83.0,1011.1,4.802999,14.759999
20181008T0600,22.8829,0.0,84.0,1011.4,3.2599385,13.679999
20181008T0700,24.4429,0.0,76.0,1011.9,3.8939953,12.959999
20181008T0800,26.4329,0.0,66.0,1012.2,7.7043357,10.799999
20181008T0900,28.1729,0.0,57.0,1012.3,8.654986,15.4800005
20181008T1000,29.5429,0.0,54.0,1011.8,9.9571085,15.84
20181008T1100,30.7329,0.0,48.0,1010.9,14.039999,16.919998
20181008T1200,31.5029,0.0,44.0,1010.3,14.512064,16.199999
20181008T1300,32.0629,0.0,42.0,1009.2,13.708391,15.84
20181008T1400,32.3029,0.0,39.0,1008.5,14.372974,16.199999
20181008T1500,32.3329,0.0,38.0,1007.8,14.578888,16.199999
20181008T1600,31.9429,0.0,39.0,1007.8,14.458382,15.84
20181008T1700,30.8729,0.0,41.0,1007.8,12.594856,16.199999
20181008T1800,29.5329,0.0,46.0,1008.2,10.296251,14.04
20181008T1900,28.332901,0.0,51.0,1008.9,9.449572,18.359999
20181008T2000,27.3729,0.0,54.0,1009.4,8.942214,18.359999
20181008T2100,26.7229,0.0,56.0,1010.0,7.9932966,20.519999
20181008T2200,26.3029,0.0,57.0,1010.2,7.289445,18.72
20181008T2300,26.1229,0.0,57.0,1010.1,5.634891,16.56
20181009T0000,25.7229,0.0,59.0,1010.1,3.396233,14.04
20181009T0100,25.5029,0.0,59.0,1009.6,1.1384199,11.159999
20181009T0200,25.1729,0.0,60.0,1009.1,2.1897945,9.0
20181009T0300,24.8129,0.0,62.0,1008.7,3.9763298,6.12
20181009T0400,24.6029,0.0,62.0,1009.1,5.4477882,5.3999996
20181009T0500,24.2329,0.0,63.0,1009.7,5.3517847,4.32
20181009T0600,23.7029,0.0,67.0,1010.1,5.692099,4.32
20181009T0700,24.5529,0.0,67.0,1010.8,4.5820518,5.7599998
20181009T0800,27.3529,0.0,59.0,1011.0,4.68,9.72
20181009T0900,29.3829,0.0,49.0,1011.2,8.854829,13.32
20181009T1000,30.7029,0.0,40.0,1010.7,13.392774,15.119999
20181009T1100,31.6429,0.0,37.0,1010.0,14.186923,16.56
20181009T1200,32.3929,0.0,34.0,1009.4,15.815435,18.0
20181009T1300,32.7029,0.0,34.0,1008.2,16.299694,18.359999
20181009T1400,32.7729,0.0,34.0,1007.4,16.548256,18.72
20181009T1500,32.5929,0.0,35.0,1006.7,16.800856,17.28
20181009T1600,32.0929,0.0,36.0,1006.8,15.7908325,16.919998
20181009T1700,30.8829,0.0,40.0,1007.1,11.609651,18.359999
20181009T1800,29.6429,0.0,44.0,1007.6,9.021574,17.64
20181009T1900,28.832901,0.0,47.0,1008.4,7.5685663,16.56
20181009T2000,28.3929,0.0,47.0,1008.8,6.638072,15.84
20181009T2100,27.8629,0.0,48.0,1009.3,6.12,15.119999
20181009T2200,27.3229,0.0,49.0,1009.5,6.28713,15.4800005
20181009T2300,26.7829,0.0,50.0,1009.4,6.9247384,15.4800005
20181010T0000,26.1529,0.0,51.0,1009.5,7.5942082,16.199999
20181010T0100,25.3629,0.0,54.0,1009.0,8.049845,16.199999
20181010T0200,24.6129,0.0,56.0,1008.6,8.373386,15.119999
20181010T0300,24.0929,0.0,57.0,1008.2,8.557102,15.84
20181010T0400,23.7629,0.0,57.0,1008.4,8.427383,15.4800005
20181010T0500,23.3729,0.0,58.0,1009.0,8.311245,14.759999
20181010T0600,22.9029,0.0,61.0,1009.5,8.089993,16.199999
20181010T0700,24.0729,0.0,60.0,1010.2,6.6185193,14.4
20181010T0800,27.3029,0.0,54.0,1010.4,5.937272,13.679999
20181010T0900,29.7729,0.0,41.0,1010.6,10.685391,18.359999
20181010T1000,31.0929,0.0,36.0,1010.1,14.512064,18.72
20181010T1100,32.012897,0.0,31.0,1009.3,19.319628,23.759998
20181010T1200,32.6429,0.0,29.0,1008.6,20.46941,21.96
20181010T1300,32.8829,0.0,29.0,1007.4,20.393293,23.759998
20181010T1400,32.9829,0.0,28.0,1006.7,20.380579,23.4
20181010T1500,32.872902,0.0,28.0,1005.9,19.829433,24.84
20181010T1600,32.4829,0.0,28.0,1006.1,18.161278,19.44
20181010T1700,31.082901,0.0,34.0,1005.7,14.512064,18.359999
20181010T1800,29.5929,0.0,38.0,1006.0,11.841756,20.519999
20181010T1900,28.4929,0.0,41.0,1006.6,11.183201,27.0
20181010T2000,27.6629,0.0,42.0,1007.1,10.799999,27.72
20181010T2100,27.0129,0.0,43.0,1007.8,10.296251,20.519999
20181010T2200,26.4729,0.0,44.0,1007.9,9.931042,23.039999
20181010T2300,25.7029,0.0,46.0,1007.6,10.495713,22.319998
20181011T0000,24.9029,0.0,48.0,1007.6,10.636766,21.96
20181011T0100,24.1829,0.0,49.0,1007.1,10.829958,23.039999
20181011T0200,23.5429,0.0,49.0,1006.9,10.787993,20.880001
20181011T0300,23.0329,0.0,49.0,1006.6,11.609651,21.96
20181011T0400,22.8129,0.0,47.0,1007.0,11.681987,30.239998
20181011T0500,22.5229,0.0,48.0,1007.8,11.480557,22.319998
20181011T0600,22.0629,0.0,50.0,1008.2,11.720751,23.039999
20181011T0700,23.6029,0.0,50.0,1008.9,10.948973,16.919998
20181011T0800,26.0229,0.0,47.0,1009.2,13.217443,17.28
20181011T0900,28.8429,0.0,46.0,1009.3,13.202726,24.119999
20181011T1000,30.6629,0.0,40.0,1008.8,17.373497,29.16
20181011T1100,31.5629,0.0,37.0,1007.8,21.349546,32.039997
20181011T1200,32.1329,0.0,36.0,1007.1,23.675303,33.839996
20181011T1300,32.4929,0.0,35.0,1006.0,24.993439,27.359999
20181011T1400,32.6129,0.0,35.0,1005.5,26.124195,31.319998
20181011T1500,32.4129,0.0,36.0,1004.9,25.233406,30.599998
20181011T1600,32.0829,0.0,36.0,1005.1,23.000591,29.16
20181011T1700,30.7029,0.0,36.0,1005.1,19.245697,28.44
20181011T1800,29.1029,0.0,41.0,1005.8,14.081478,29.519999
20181011T1900,27.9029,0.0,45.0,1006.9,11.901798,25.56
20181011T2000,26.9429,0.0,49.0,1007.6,10.805999,24.119999
20181011T2100,26.1129,0.0,52.0,1008.3,10.440001,26.64
20181011T2200,25.3729,0.0,56.0,1008.6,10.105681,28.8
20181011T2300,24.6829,0.0,62.0,1008.6,9.779817,19.8
20181012T0000,24.1529,0.0,68.0,1008.7,10.086427,19.44
20181012T0100,23.6929,0.0,71.0,1008.2,10.446206,27.0
20181012T0200,23.2129,0.0,73.0,1007.9,10.308831,26.64
20181012T0300,22.7029,0.0,76.0,1007.8,10.30883,23.039999
20181012T0400,22.2429,0.0,78.0,1008.3,10.990322,23.4
20181012T0500,21.8429,0.0,80.0,1009.1,12.181624,22.319998
20181012T0600,21.5529,0.0,81.0,1009.5,13.392774,29.88
20181012T0700,23.0729,0.0,76.0,1010.0,15.141414,23.4
20181012T0800,25.2329,0.0,70.0,1010.1,19.592731,26.64
20181012T0900,27.2229,0.0,63.0,1010.2,21.175835,28.08
20181012T1000,29.0129,0.0,57.0,1009.7,23.051247,25.56
20181012T1100,30.2729,0.0,53.0,1009.1,23.576563,23.759998
20181012T1200,31.1029,0.0,50.0,1008.6,22.366402,23.039999
20181012T1300,30.8929,0.0,50.0,1007.6,20.275383,20.16
20181012T1400,30.9929,0.1,49.0,1007.1,19.201874,18.72
20181012T1500,30.7429,0.2,50.0,1006.6,18.129137,23.039999
20181012T1600,30.3929,0.3,51.0,1007.0,15.517629,22.319998
20181012T1700,30.5229,0.0,39.0,1007.8,10.440001,17.64
20181012T1800,29.3129,0.0,43.0,1008.2,9.0,16.919998
20181012T1900,28.4629,0.0,47.0,1009.0,8.287822,16.56
20181012T2000,27.9429,0.0,48.0,1009.7,7.208994,15.4800005
20181012T2100,27.3629,0.0,50.0,1010.3,5.771239,14.4
20181012T2200,26.6729,0.0,52.0,1010.5,5.4477882,14.04
20181012T2300,26.1029,0.0,54.0,1010.4,4.896529,12.24
20181013T0000,25.6029,0.0,55.0,1010.5,4.896529,11.879999
20181013T0100,25.0929,0.0,57.0,1010.1,4.896529,12.959999
20181013T0200,24.6129,0.0,59.0,1009.9,4.802999,12.24
20181013T0300,24.2229,0.0,60.0,1009.7,4.896529,11.5199995
20181013T0400,23.9329,0.0,61.0,1010.2,5.154415,9.72
20181013T0500,23.6229,0.0,62.0,1010.8,5.991594,8.28
20181013T0600,23.0129,0.0,66.0,1011.4,6.193674,6.8399997
20181013T0700,23.9829,0.0,65.0,1012.2,4.8433046,5.3999996
20181013T0800,26.832901,0.0,61.0,1012.4,3.2599385,6.12
20181013T0900,28.6929,0.0,56.0,1012.7,6.28713,7.92
20181013T1000,29.8929,0.0,49.0,1012.6,8.39657,10.08
20181013T1100,30.7829,0.0,46.0,1011.8,7.754637,9.72
20181013T1200,31.6429,0.0,44.0,1011.2,6.9899354,7.2
20181013T1300,32.2529,0.0,41.0,1010.0,7.2359104,7.5599995
20181013T1400,32.5329,0.0,40.0,1009.2,7.9526596,7.2
20181013T1500,32.5029,0.0,41.0,1008.5,9.028754,7.5599995
20181013T1600,32.2129,0.0,41.0,1008.6,9.885262,9.36
20181013T1700,30.8729,0.0,44.0,1009.5,5.8048253,7.5599995
20181013T1800,30.0129,0.0,47.0,1010.0,6.162207,6.12
20181013T1900,29.1929,0.0,51.0,1010.7,5.8048253,9.36
20181013T2000,28.3129,0.0,54.0,1011.2,5.3517847,9.36
20181013T2100,27.6429,0.0,56.0,1011.8,4.1046314,9.0
20181013T2200,27.1529,0.0,58.0,1012.0,4.2136917,10.440001
20181013T2300,26.7229,0.0,60.0,1012.0,5.3999996,5.3999996