location,Mumbai,Mumbai,Mumbai,Mumbai,Mumbai,Mumbai
lat,19.04972,19.04972,19.04972,19.04972,19.04972,19.04972
lon,72.87594,72.87594,72.87594,72.87594,72.87594,72.87594
asl,6.200,6.200,6.200,6.200,6.200,6.200
variable,Temperature,Precipitation Total,Relative Humidity,Mean Sea Level Pressure,Wind Speed,Wind Gust
unit,Â°C,mm,%,hPa,km/h,km/h
level,2 m elevation corrected,sfc,2 m,MSL,10 m,sfc
resolution,hourly,hourly,hourly,hourly,hourly,hourly
aggregation,None,None,None,None,None,None
timestamp,Mumbai Temperature [2 m elevation corrected],Mumbai Precipitation Total,Mumbai Relative Humidity [2 m],Mumbai Mean Sea Level Pressure [MSL],Mumbai Wind Speed [10 m],Mumbai Wind Gust
20211002T0000,26.5683,0.0,88.0,1009.5,0.35999998,2.16
20211002T0100,26.108301,0.0,90.0,1008.9,1.1384199,2.52
20211002T0200,25.6783,0.0,91.0,1008.6,1.2979984,2.8799999
20211002T0300,25.2383,0.0,93.0,1008.3,1.835647,3.6
20211002T0400,24.8783,0.0,94.0,1008.4,2.16,4.68
20211002T0500,24.6183,0.0,95.0,1008.9,3.4152596,6.4799995
20211002T0600,24.4283,0.0,95.0,1009.3,3.6,7.5599995
20211002T0700,25.2283,0.0,91.0,1010.0,3.396233,7.92
20211002T0800,27.5783,0.0,81.0,1010.4,5.1544156,7.92
20211002T0900,29.5083,0.0,72.0,1010.5,6.130579,7.92
20211002T1000,30.0083,0.3,69.0,1010.0,7.2359104,9.0
20211002T1100,29.768301,0.9,71.0,1009.4,6.725354,8.28
20211002T1200,29.3483,0.6,73.0,1008.8,7.4128532,9.0
20211002T1300,29.1783,0.2,74.0,1008.3,9.387651,9.72
20211002T1400,30.1283,0.0,71.0,1007.8,11.435313,12.24
20211002T1500,30.2383,0.0,70.0,1007.4,12.074766,14.04
20211002T1600,29.9683,0.0,70.0,1007.4,12.879752,13.32
20211002T1700,28.7283,0.0,78.0,1007.5,12.849528,13.679999
20211002T1800,28.0883,0.0,81.0,1008.2,9.3669195,14.04
20211002T1900,27.6983,0.0,84.0,1008.8,7.2805495,15.4800005
20211002T2000,27.3183,0.0,87.0,1009.2,6.696387,14.759999
20211002T2100,26.9783,0.0,89.0,1009.8,7.9036193,16.199999
20211002T2200,26.528301,0.0,91.0,1009.9,7.491114,15.119999
20211002T2300,26.0683,0.1,90.0,1009.1,7.653705,12.959999
20211003T0000,25.7483,0.0,90.0,1008.6,7.386582,14.4
20211003T0100,25.358301,0.0,92.0,1008.5,6.618519,14.04
20211003T0200,25.0783,0.0,93.0,1008.2,6.792466,14.759999
20211003T0300,24.8983,0.0,92.0,1007.9,6.297428,15.119999
20211003T0400,24.7883,0.0,92.0,1007.9,5.495161,14.4
20211003T0500,24.7083,0.0,92.0,1008.5,5.315336,14.04
20211003T0600,24.6583,0.0,92.0,1009.0,5.6920996,14.759999
20211003T0700,25.518301,0.0,89.0,1009.7,5.2416787,15.119999
20211003T0800,27.188301,0.0,80.0,1010.2,6.9899354,11.879999
20211003T0900,28.9983,0.0,75.0,1010.2,10.08,11.5199995
20211003T1000,29.688301,0.5,73.0,1009.9,12.287555,12.599999
20211003T1100,29.3083,0.5,73.0,1009.2,11.659777,11.879999
20211003T1200,29.7183,0.0,72.0,1008.8,12.6462,11.879999
20211003T1300,29.1783,0.1,74.0,1008.3,12.245294,11.879999
20211003T1400,29.8883,0.0,71.0,1007.7,11.212135,10.799999
20211003T1500,29.6583,0.0,72.0,1007.1,10.182337,10.08
20211003T1600,29.9683,0.0,71.0,1006.9,9.826088,9.36
20211003T1700,30.7283,0.0,68.0,1006.3,9.19939,10.440001
20211003T1800,29.7283,0.0,73.0,1006.9,7.9932966,9.36
20211003T1900,28.9283,0.0,79.0,1007.5,7.928177,9.36
20211003T2000,28.4283,0.0,81.0,1007.8,7.289445,9.36
20211003T2100,28.1183,0.0,83.0,1008.3,5.6002855,6.8399997
20211003T2200,27.7883,0.0,85.0,1008.1,4.3349743,5.7599998
20211003T2300,27.4083,0.0,88.0,1007.4,3.7064266,5.7599998
20211004T0000,27.1283,0.0,90.0,1007.1,3.396233,6.12
20211004T0100,26.9083,0.0,92.0,1006.8,4.3349743,8.28
20211004T0200,26.6983,0.0,93.0,1006.5,4.829907,10.440001
20211004T0300,26.4783,0.0,94.0,1006.3,5.634891,10.799999
20211004T0400,26.4083,0.0,94.0,1006.4,4.510787,7.2
20211004T0500,26.1383,0.0,94.0,1007.2,4.829907,8.28
20211004T0600,25.858301,0.0,95.0,1007.7,4.452954,10.08
20211004T0700,26.5683,0.0,91.0,1008.4,3.5455887,9.72
20211004T0800,28.3883,0.0,82.0,1008.8,6.725354,7.92
20211004T0900,28.5783,0.6,77.0,1009.0,8.647496,7.2
20211004T1000,30.4683,0.0,70.0,1009.1,7.42159,6.8399997
20211004T1100,29.5483,0.0,70.0,1008.5,5.95906,5.04
20211004T1200,30.6683,0.0,66.0,1007.8,5.634891,4.68
20211004T1300,31.8383,0.0,60.0,1006.8,3.5455887,4.32
20211004T1400,32.318302,0.0,59.0,1006.2,1.9386592,3.6
20211004T1500,32.3883,0.0,58.0,1005.6,5.1165614,6.12
20211004T1600,31.768301,0.0,61.0,1005.7,6.9153743,7.2
20211004T1700,30.0983,0.0,71.0,1006.2,10.009036,11.159999
20211004T1800,29.0883,0.0,77.0,1006.7,9.387651,11.5199995
20211004T1900,28.3183,0.0,82.0,1007.2,8.4963045,12.599999
20211004T2000,27.8383,0.0,84.0,1007.6,7.145796,9.36
20211004T2100,27.5883,0.0,85.0,1008.0,6.12,6.12
20211004T2200,27.3483,0.0,87.0,1007.9,5.154415,3.96
20211004T2300,27.1283,0.0,88.0,1007.4,5.3999996,3.6
20211005T0000,26.8983,0.0,90.0,1007.2,5.692099,5.04
20211005T0100,26.6283,0.0,91.0,1006.8,5.2416787,5.7599998
20211005T0200,26.438301,0.0,92.0,1006.8,8.0899935,8.28
20211005T0300,26.2583,0.0,92.0,1006.5,6.9527545,7.92
20211005T0400,25.9783,0.0,92.0,1006.6,5.771239,14.04
20211005T0500,25.5383,0.0,94.0,1007.4,5.3999996,13.679999
20211005T0600,25.1283,0.0,96.0,1008.0,4.39436,12.599999
20211005T0700,25.4483,0.0,94.0,1008.9,3.8268526,12.599999
20211005T0800,27.8783,0.0,82.0,1009.7,6.0347,7.2
20211005T0900,29.858301,0.2,74.0,1010.1,9.47012,9.36
20211005T1000,29.688301,0.6,71.0,1010.0,13.493999,12.24
20211005T1100,30.2183,0.2,68.0,1009.2,10.799999,10.440001
20211005T1200,30.7483,0.2,65.0,1008.6,9.0645685,9.0
20211005T1300,31.1183,0.1,63.0,1008.0,7.9526596,7.92
20211005T1400,32.318302,0.0,59.0,1007.5,7.5685663,9.0
20211005T1500,32.4083,0.0,57.0,1006.9,8.28,10.08
20211005T1600,32.2983,0.0,58.0,1006.8,8.287822,10.08
20211005T1700,30.528301,0.0,68.0,1007.0,7.5942073,9.36
20211005T1800,29.5383,0.0,75.0,1007.2,7.342588,10.440001
20211005T1900,28.768301,0.0,81.0,1007.5,6.9899354,11.879999
20211005T2000,28.1983,0.0,85.0,1007.9,6.638072,11.159999
20211005T2100,27.7883,0.0,87.0,1008.5,5.8603754,11.5199995
20211005T2200,27.4483,0.0,89.0,1008.6,5.8048253,12.599999
20211005T2300,27.1183,0.0,91.0,1008.1,5.506941,13.32
20211006T0000,26.8683,0.0,92.0,1007.9,5.4119864,14.4
20211006T0100,26.608301,0.0,94.0,1007.4,5.8048253,15.84
20211006T0200,26.2983,0.0,94.0,1006.8,6.725354,18.0
20211006T0300,25.9483,0.0,95.0,1006.3,6.9247384,19.08
20211006T0400,25.6383,0.0,96.0,1006.4,6.638072,18.0
20211006T0500,25.608301,0.0,96.0,1007.6,3.2399998,11.159999
20211006T0600,25.5583,0.0,96.0,1007.9,6.162207,15.119999
20211006T0700,25.9283,0.0,94.0,1008.4,6.489992,11.879999
20211006T0800,27.778301,0.0,86.0,1009.0,5.904439,10.799999
20211006T0900,29.9583,0.0,74.0,1009.0,5.8603754,10.440001
20211006T1000,31.8183,0.0,65.0,1008.5,6.4096174,9.72
20211006T1100,31.5583,0.3,63.0,1007.6,6.489992,9.36
20211006T1200,33.1383,0.0,55.0,1006.8,6.8777895,10.799999
20211006T1300,33.6683,0.0,53.0,1006.0,4.198285,9.72
20211006T1400,33.4283,0.0,53.0,1005.2,4.3349743,10.799999
20211006T1500,33.068302,0.3,55.0,1004.7,5.6920996,11.879999
20211006T1600,31.9183,0.6,63.0,1004.6,7.491114,13.679999
20211006T1700,31.4983,0.0,64.0,1005.3,2.9024127,5.7599998
20211006T1800,30.5883,0.0,72.0,1005.5,1.609969,3.96
20211006T1900,30.0883,0.0,75.0,1006.0,0.71999997,2.52
20211006T2000,29.5583,0.0,79.0,1006.3,1.8,1.4399999
20211006T2100,29.0983,0.0,84.0,1006.7,2.8799999,3.2399998
20211006T2200,28.7183,0.0,88.0,1006.8,3.2599385,2.8799999
20211006T2300,28.268301,0.0,93.0,1006.4,2.52,5.7599998
20211007T0000,27.8983,0.0,95.0,1006.1,0.35999998,6.4799995
20211007T0100,27.5383,0.0,96.0,1005.7,2.7416782,7.92
20211007T0200,27.1583,0.0,96.0,1005.3,5.6920996,8.28
20211007T0300,26.8283,0.0,96.0,1005.4,3.9763298,3.96
20211007T0400,26.6183,0.0,96.0,1005.9,3.8773184,3.96
20211007T0500,26.2183,0.0,95.0,1006.5,5.3999996,5.3999996
20211007T0600,25.8783,0.0,95.0,1007.2,4.3349743,5.3999996
20211007T0700,26.0783,0.0,94.0,1007.8,2.1897945,5.04
20211007T0800,27.278301,0.0,88.0,1008.3,1.9386592,5.3999996
20211007T0900,29.0383,0.0,81.0,1008.6,3.8268526,5.7599998
20211007T1000,30.5483,0.0,73.0,1008.3,3.0547013,4.68
20211007T1100,29.6983,1.6,76.0,1007.7,3.7585104,4.68
20211007T1200,30.9683,0.2,68.0,1007.0,2.9024127,3.6
20211007T1300,31.858301,0.0,64.0,1006.0,1.1384199,2.8799999
20211007T1400,32.4683,0.0,61.0,1005.3,1.8,5.04
20211007T1500,32.5483,0.0,61.0,1004.9,4.0249224,5.7599998
20211007T1600,31.1483,0.3,65.0,1005.0,6.379216,7.2
20211007T1700,29.8283,0.0,76.0,1005.1,9.0,7.92
20211007T1800,28.8483,0.0,82.0,1005.6,8.404285,8.64
20211007T1900,28.3683,0.0,87.0,1006.2,6.638072,7.2
20211007T2000,27.9583,0.0,89.0,1006.8,6.151683,7.2
20211007T2100,27.528301,0.0,91.0,1007.1,6.130579,9.72
20211007T2200,27.0783,0.0,92.0,1007.1,6.12,9.72
20211007T2300,26.6483,0.0,92.0,1006.7,6.489992,8.64
20211008T0000,26.3683,0.0,92.0,1006.8,8.12197,12.24
20211008T0100,26.2183,0.0,93.0,1006.7,9.360001,20.519999
20211008T0200,26.1683,0.0,93.0,1006.6,8.854829,9.36
20211008T0300,25.8783,0.0,94.0,1006.2,7.2359104,10.08
20211008T0400,25.7283,0.0,94.0,1006.5,7.6367526,12.599999
20211008T0500,25.8783,0.2,93.0,1007.4,7.92,10.440001
20211008T0600,25.9983,0.4,92.0,1008.0,7.5685663,11.159999
20211008T0700,26.7983,0.0,87.0,1008.7,9.746631,17.28
20211008T0800,27.268301,0.1,85.0,1009.2,13.797912,17.64
20211008T0900,27.608301,0.0,81.0,1009.5,14.264361,17.28
20211008T1000,27.9783,0.0,78.0,1009.5,12.661564,15.84
20211008T1100,28.3383,0.0,77.0,1008.8,12.303366,13.679999
20211008T1200,28.2183,0.2,79.0,1008.2,12.55879,13.679999
20211008T1300,29.108301,0.1,75.0,1007.5,13.527572,18.0
20211008T1400,29.2083,0.4,75.0,1007.0,14.24163,18.359999
20211008T1500,28.2983,0.0,78.0,1006.6,14.345898,17.28
20211008T1600,27.9683,0.1,80.0,1006.5,15.192682,18.0
20211008T1700,28.0983,0.0,80.0,1006.0,13.363711,15.119999
20211008T1800,27.5683,0.0,83.0,1006.5,10.829959,16.56
20211008T1900,27.268301,0.3,85.0,1007.3,10.308831,15.119999
20211008T2000,26.7983,0.0,86.0,1007.9,10.182337,15.4800005
20211008T2100,26.278301,0.0,90.0,1008.4,10.805999,19.44
20211008T2200,25.8383,0.0,92.0,1008.4,13.358861,21.24
20211008T2300,25.4583,0.0,91.0,1007.9,13.708391,18.359999
20211009T0000,25.3183,0.0,91.0,1007.9,12.074766,18.0
20211009T0100,25.1483,0.0,92.0,1007.7,11.177405,16.919998
20211009T0200,25.028301,0.0,92.0,1007.5,9.693296,15.4800005
20211009T0300,24.9583,0.0,93.0,1007.3,9.511088,15.4800005
20211009T0400,24.8883,0.0,93.0,1007.5,10.00256,16.919998
20211009T0500,24.778301,0.0,93.0,1008.2,10.805998,18.359999
20211009T0600,24.6383,0.0,93.0,1008.7,11.4862,18.72
20211009T0700,25.108301,0.0,90.0,1009.4,13.70839,18.72
20211009T0800,26.0783,0.0,85.0,1010.1,15.937878,19.8
20211009T0900,27.2583,0.0,80.0,1010.5,16.299694,17.28
20211009T1000,28.3483,0.0,76.0,1010.2,15.986595,17.28
20211009T1100,29.188301,0.0,73.0,1009.2,15.978484,18.72
20211009T1200,29.3483,0.0,73.0,1008.9,16.09969,19.08
20211009T1300,29.3083,0.1,73.0,1008.2,16.09969,19.08
20211009T1400,29.4783,0.2,73.0,1007.7,16.42247,19.08
20211009T1500,29.1583,0.0,74.0,1007.3,16.267857,19.08
20211009T1600,28.7083,0.0,76.0,1007.2,15.978484,18.359999
20211009T1700,27.608301,0.9,83.0,1007.4,7.754637,8.64
20211009T1800,27.358301,1.1,84.0,1007.8,6.130579,6.8399997
20211009T1900,26.9983,0.0,86.0,1008.4,6.87779,7.92
20211009T2000,26.7583,0.0,88.0,1008.9,7.5599995,11.159999
20211009T2100,26.5783,0.0,88.0,1009.5,7.92,12.24
20211009T2200,26.3183,0.0,89.0,1009.7,7.928178,12.599999
20211009T2300,25.9983,0.0,91.0,1009.2,8.311245,11.5199995
20211010T0000,25.6983,0.0,91.0,1009.0,8.759178,16.919998
20211010T0100,25.4883,0.0,92.0,1008.6,8.209263,16.919998
20211010T0200,25.2983,0.0,92.0,1008.1,8.089993,19.8
20211010T0300,25.0883,0.0,93.0,1007.8,7.729527,17.28
20211010T0400,25.018301,0.0,93.0,1007.9,7.4128532,13.32
20211010T0500,25.1383,0.0,92.0,1008.5,7.10031,10.799999
20211010T0600,25.2983,0.0,91.0,1008.8,6.763786,10.440001
20211010T0700,26.018301,0.0,88.0,1009.4,7.754637,12.599999
20211010T0800,26.7483,0.0,84.0,1010.0,12.015589,12.959999
20211010T0900,27.5983,0.0,80.0,1010.4,12.620554,13.32
20211010T1000,28.518301,0.0,76.0,1010.1,11.609651,12.599999
20211010T1100,28.9483,0.0,75.0,1009.1,11.631956,12.599999
20211010T1200,28.9983,0.1,75.0,1008.7,10.990322,12.599999
20211010T1300,28.778301,0.1,77.0,1008.1,10.799999,12.959999
20211010T1400,27.8383,0.2,81.0,1007.6,10.514218,13.679999
20211010T1500,27.5983,0.5,82.0,1007.1,10.799999,13.679999
20211010T1600,27.6783,0.4,81.0,1006.9,10.685391,13.679999
20211010T1700,28.5883,0.8,76.0,1006.8,6.792466,5.7599998
20211010T1800,28.3683,0.8,76.0,1007.1,4.802999,4.32
20211010T1900,28.3683,0.5,76.0,1007.7,2.968636,2.52
20211010T2000,28.4683,0.1,74.0,1007.8,3.5455887,1.8
20211010T2100,28.5883,0.0,73.0,1008.0,3.319036,2.16
20211010T2200,28.4783,0.0,74.0,1008.3,2.6208394,2.52
20211010T2300,28.2883,0.0,75.0,1007.9,2.9024127,3.6
20211011T0000,28.1183,0.0,76.0,1007.5,2.3051248,2.52
20211011T0100,27.9483,0.0,77.0,1007.0,1.9386592,1.8
20211011T0200,27.6983,0.0,79.0,1006.6,1.835647,3.2399998
20211011T0300,27.4483,0.0,83.0,1006.1,2.3051248,1.8
20211011T0400,27.0583,0.0,87.0,1006.2,3.6,3.6
20211011T0500,26.6383,0.0,91.0,1006.8,4.0249224,3.96
20211011T0600,26.358301,0.0,90.0,1007.1,4.379589,3.6
20211011T0700,26.5983,0.0,88.0,1007.8,5.771239,4.32
20211011T0800,27.8183,0.0,80.0,1008.4,3.96,3.2399998
20211011T0900,29.278301,0.0,73.0,1008.8,1.08,2.8799999
20211011T1000,30.6183,0.0,67.0,1008.4,0.8049845,4.68
20211011T1100,31.7083,0.0,63.0,1007.5,4.0249224,7.5599995
20211011T1200,32.3483,0.0,60.0,1006.7,5.0911684,10.08
20211011T1300,32.5983,0.0,59.0,1005.7,7.2,11.159999
20211011T1400,31.1483,0.6,65.0,1005.3,9.726665,11.5199995
20211011T1500,30.3383,0.9,69.0,1004.8,9.47012,9.72
20211011T1600,29.8983,0.4,70.0,1004.8,8.427383,8.28
20211011T1700,29.4683,0.3,71.0,1005.4,6.792466,6.8399997
20211011T1800,28.9683,0.0,73.0,1005.7,9.220499,9.0
20211011T1900,28.688301,0.0,77.0,1006.1,8.707237,12.599999
20211011T2000,28.5083,0.0,78.0,1006.4,6.379216,11.159999
20211011T2100,28.3983,0.0,79.0,1006.8,4.68,14.4
20211011T2200,28.1383,0.0,81.0,1006.8,3.7585104,12.959999
20211011T2300,27.938301,0.0,82.0,1006.1,2.8116899,8.64
20211012T0000,27.8183,0.0,83.0,1005.8,2.7416782,7.2
20211012T0100,27.5483,0.0,86.0,1005.3,2.6208394,5.7599998
20211012T0200,27.2983,0.0,88.0,1005.0,2.16,3.6
20211012T0300,27.0983,0.0,90.0,1004.6,1.484318,1.8
20211012T0400,26.9683,0.0,92.0,1004.6,1.609969,1.08
20211012T0500,26.9583,0.0,92.0,1005.3,1.8,5.7599998
20211012T0600,26.858301,0.0,88.0,1005.8,7.2,4.32
20211012T0700,27.0483,0.0,85.0,1006.7,6.8399997,7.92
20211012T0800,28.3283,0.0,76.0,1007.3,6.12,6.12
20211012T0900,29.8383,0.0,68.0,1008.0,3.8773184,5.04
20211012T1000,31.2883,0.0,62.0,1007.7,1.4399999,3.96
20211012T1100,32.4383,0.0,57.0,1006.8,3.5455887,7.2
20211012T1200,33.2383,0.0,55.0,1006.1,6.162207,10.08
20211012T1300,33.5483,0.0,54.0,1005.3,9.028754,12.24
20211012T1400,32.3583,0.2,60.0,1004.5,11.885453,13.32
20211012T1500,31.8483,0.2,64.0,1004.2,13.138765,13.679999
20211012T1600,31.6383,0.0,64.0,1004.1,13.1041975,11.159999
20211012T1700,30.8383,0.0,66.0,1004.7,11.043261,11.159999
20211012T1800,30.018301,0.0,69.0,1005.0,9.422101,9.36
20211012T1900,29.608301,0.0,72.0,1005.7,8.707237,11.879999
20211012T2000,29.2483,0.0,75.0,1006.2,6.5693827,12.959999
20211012T2100,28.9583,0.0,77.0,1006.7,5.506941,15.119999
20211012T2200,28.6983,0.0,77.0,1006.6,5.3999996,15.4800005
20211012T2300,28.3283,0.0,78.0,1006.0,6.1305785,15.119999
20211013T0000,27.858301,0.0,78.0,1005.5,6.8777895,15.4800005
20211013T0100,27.3383,0.0,80.0,1005.0,7.386582,15.4800005
20211013T0200,26.8183,0.0,82.0,1004.6,7.6367526,15.4800005
20211013T0300,26.3183,0.0,84.0,1004.2,7.6367526,14.759999
20211013T0400,25.8883,0.0,86.0,1004.6,7.2,14.4
20211013T0500,25.4883,0.0,88.0,1005.4,7.729527,14.759999
20211013T0600,25.688301,0.0,85.0,1006.0,6.2145634,11.879999
20211013T0700,26.5783,0.0,80.0,1007.0,6.4799995,10.799999
20211013T0800,28.8183,0.0,69.0,1007.5,5.8048253,9.72
20211013T0900,30.5383,0.0,63.0,1008.4,3.7064266,6.12
20211013T1000,31.938301,0.0,58.0,1007.8,1.9386592,5.3999996
20211013T1100,33.0983,0.0,54.0,1006.7,2.0991426,6.8399997
20211013T1200,33.9683,0.0,51.0,1005.8,3.7064266,9.72
20211013T1300,34.3383,0.0,51.0,1004.8,5.8603754,14.04
20211013T1400,34.2183,0.0,53.0,1004.1,9.3669195,16.56
20211013T1500,33.5183,0.0,56.0,1003.6,11.874544,18.72
20211013T1600,32.6683,0.0,59.0,1003.7,13.570615,20.16
20211013T1700,31.6383,0.0,64.0,1004.2,13.708391,13.679999
20211013T1800,30.608301,0.0,67.0,1004.6,9.360001,12.959999
20211013T1900,30.0883,0.0,73.0,1005.2,9.504273,11.5199995
20211013T2000,29.6983,0.0,78.0,1005.5,8.891343,12.599999
20211013T2100,29.3783,0.0,83.0,1006.0,6.638072,16.199999
20211013T2200,29.0683,0.0,85.0,1006.2,4.3349743,17.28
20211013T2300,28.8383,0.0,85.0,1005.8,3.319036,15.84
20211014T0000,28.4783,0.0,87.0,1005.7,3.9763298,7.92
20211014T0100,28.2283,0.0,89.0,1005.5,5.0528407,10.08
20211014T0200,27.6983,0.0,92.0,1005.3,6.28713,8.64
20211014T0300,27.1783,0.0,94.0,1005.3,6.28713,10.08
20211014T0400,26.768301,0.0,94.0,1005.5,6.6185193,11.5199995
20211014T0500,26.5883,0.0,93.0,1006.0,6.8777895,10.799999
20211014T0600,26.5583,0.0,87.0,1006.2,7.771331,10.440001
20211014T0700,26.9783,0.0,80.0,1006.8,9.178235,11.159999
20211014T0800,28.608301,0.0,68.0,1007.0,7.771331,10.440001
20211014T0900,30.6483,0.0,56.0,1007.3,5.8603754,7.5599995
20211014T1000,32.478302,0.0,49.0,1007.2,1.9386592,3.6
20211014T1100,33.8983,0.0,45.0,1006.3,2.3051248,9.0
20211014T1200,34.7783,0.0,41.0,1005.8,3.563818,10.440001
20211014T1300,35.3983,0.0,38.0,1004.9,5.3999996,11.159999
20211014T1400,35.1283,0.0,42.0,1004.1,10.009036,14.4
20211014T1500,33.8283,0.0,49.0,1003.5,16.075521,18.0
20211014T1600,32.5583,0.0,53.0,1003.6,18.472595,19.44
20211014T1700,31.608301,0.0,56.0,1004.1,17.373497,22.68
20211014T1800,30.4883,0.0,64.0,1004.3,8.39657,22.68
20211014T1900,30.1183,0.0,68.0,1004.8,7.145796,17.64
20211014T2000,29.8283,0.0,72.0,1005.1,6.989936,16.919998
20211014T2100,29.528301,0.0,77.0,1005.6,5.634891,18.0
20211014T2200,29.108301,0.0,80.0,1005.4,4.5536795,17.64
20211014T2300,28.6483,0.0,82.0,1004.7,4.379589,18.72
20211015T0000,28.278301,0.0,84.0,1003.9,4.2136917,16.199999
20211015T0100,27.858301,0.0,86.0,1003.5,5.1165614,15.4800005
20211015T0200,27.2383,0.0,89.0,1003.1,6.439876,14.04
20211015T0300,26.6783,0.0,91.0,1002.8,6.6087217,13.32
20211015T0400,26.188301,0.0,91.0,1002.8,6.792466,13.32
20211015T0500,25.6983,0.0,91.0,1003.6,7.5942082,12.959999
20211015T0600,25.5783,0.0,86.0,1004.0,9.659814,12.959999
20211015T0700,26.3683,0.0,79.0,1004.6,9.565437,13.32
20211015T0800,28.8383,0.0,68.0,1005.0,9.659814,12.599999
20211015T0900,31.0483,0.0,58.0,1005.3,6.830519,9.0
20211015T1000,32.7783,0.0,52.0,1004.8,4.802999,5.3999996
20211015T1100,34.1183,0.0,46.0,1004.0,3.219938,2.8799999
20211015T1200,34.9683,0.0,41.0,1003.2,2.5455842,4.68
20211015T1300,35.2883,0.0,40.0,1002.4,4.8433046,7.5599995
20211015T1400,35.2183,0.0,42.0,1001.7,9.504272,10.799999
20211015T1500,34.4483,0.0,46.0,1001.2,14.57889,14.04
20211015T1600,33.0283,0.0,53.0,1001.2,17.786331,18.359999
20211015T1700,31.8183,0.0,57.0,1001.8,17.610588,20.880001
20211015T1800,30.688301,0.0,61.0,1002.2,5.8603754,21.24
20211015T1900,30.4083,0.0,60.0,1002.6,8.64,19.08
20211015T2000,29.9883,0.0,61.0,1003.2,9.605998,18.359999
20211015T2100,29.3883,0.0,64.0,1003.7,9.0,23.039999
20211015T2200,28.6283,0.0,67.0,1004.0,7.968939,21.96
20211015T2300,27.8983,0.0,72.0,1003.6,7.42159,19.44
20201002T0000,26.3783,0.0,81.0,1008.2,6.379216,9.72
20201002T0100,26.0883,0.0,83.0,1007.8,5.0911684,8.28
20201002T0200,25.8383,0.0,84.0,1007.5,4.3349743,5.3999996
20201002T0300,25.6483,0.0,85.0,1007.1,3.2599385,5.3999996
20201002T0400,25.9983,0.0,84.0,1007.0,2.1897945,5.3999996
20201002T0500,26.1483,0.0,83.0,1007.5,1.8,5.04
20201002T0600,26.1283,0.0,84.0,1007.9,2.1897945,3.96
20201002T0700,26.8683,0.0,80.0,1008.9,2.1897945,4.68
20201002T0800,27.8483,0.0,74.0,1009.6,2.6208394,4.68
20201002T0900,28.9083,0.0,69.0,1010.2,4.198285,6.4799995
20201002T1000,29.1683,0.1,68.0,1010.0,6.830519,9.72
20201002T1100,29.4483,0.1,66.0,1009.3,10.587917,14.759999
20201002T1200,29.528301,0.1,66.0,1008.7,13.237039,12.959999
20201002T1300,29.4883,0.1,67.0,1008.2,14.654254,13.32
20201002T1400,29.2983,0.1,68.0,1007.7,15.496736,13.32
20201002T1500,28.6383,0.2,71.0,1007.2,15.683774,13.32
20201002T1600,28.2583,0.3,73.0,1007.1,15.077082,15.119999
20201002T1700,29.188301,0.0,70.0,1007.1,15.408671,14.4
20201002T1800,28.3783,0.0,74.0,1007.3,12.096214,14.04
20201002T1900,27.9283,0.0,78.0,1007.9,11.090103,12.599999
20201002T2000,27.6583,0.0,80.0,1008.6,9.793059,11.159999
20201002T2100,27.358301,0.0,82.0,1009.1,9.220499,10.08
20201002T2200,27.3383,0.1,83.0,1009.3,8.669949,10.440001
20201002T2300,26.8983,0.0,84.0,1008.6,8.4963045,9.72
20201003T0000,26.6183,0.0,85.0,1008.4,7.7879906,9.0
20201003T0100,26.3983,0.0,86.0,1007.9,7.42159,9.0
20201003T0200,26.2483,0.0,86.0,1007.5,6.8777895,8.28
20201003T0300,26.1483,0.0,86.0,1007.0,6.638072,8.28
20201003T0400,26.0783,0.0,87.0,1007.0,5.4833565,7.5599995
20201003T0500,26.2183,0.0,87.0,1007.4,5.771239,8.28
20201003T0600,26.2283,0.0,87.0,1007.7,5.7599998,9.72
20201003T0700,26.8983,0.0,85.0,1008.5,5.0528407,10.440001
20201003T0800,27.5883,0.2,80.0,1009.5,6.849467,8.28
20201003T0900,28.9283,0.1,73.0,1010.0,5.937272,9.36
20201003T1000,29.0383,0.2,71.0,1010.1,6.4096174,9.0
20201003T1100,29.3983,0.3,69.0,1009.5,8.287822,9.72
20201003T1200,30.6483,0.1,65.0,1009.0,10.315115,12.24
20201003T1300,30.9583,0.1,64.0,1008.1,10.495713,12.24
20201003T1400,30.3083,0.1,66.0,1007.5,10.829959,13.32
20201003T1500,29.938301,0.2,68.0,1007.0,12.496719,11.879999
20201003T1600,29.268301,0.3,71.0,1007.2,13.896187,11.5199995
20201003T1700,30.1783,0.0,70.0,1007.7,13.207634,13.679999
20201003T1800,29.0583,0.4,74.0,1008.5,12.074766,12.24
20201003T1900,28.6683,0.6,77.0,1008.9,9.793058,11.5199995
20201003T2000,28.1983,0.3,78.0,1009.4,9.885262,11.159999
20201003T2100,27.8283,0.0,79.0,1009.9,8.759178,10.08
20201003T2200,27.5983,0.0,80.0,1010.1,7.9526596,9.0
20201003T2300,27.3283,0.0,82.0,1009.8,7.5942073,8.28
20201004T0000,27.2083,0.0,84.0,1009.7,7.6367526,7.2
20201004T0100,27.3183,0.3,82.0,1009.5,8.473393,9.36
20201004T0200,27.028301,0.2,82.0,1009.0,8.427383,7.5599995
20201004T0300,26.6683,0.1,85.0,1008.6,8.587338,8.28
20201004T0400,26.7883,0.9,85.0,1008.6,8.435069,8.28
20201004T0500,26.778301,1.1,86.0,1009.3,7.928177,7.92
20201004T0600,26.688301,1.0,87.0,1009.6,7.42159,8.28
20201004T0700,27.2983,0.2,85.0,1010.6,7.69592,10.08
20201004T0800,27.6183,1.7,80.0,1011.4,9.007196,7.92
20201004T0900,27.7983,1.7,79.0,1012.0,8.669949,8.28
20201004T1000,27.9183,1.8,78.0,1011.8,7.42159,7.92
20201004T1100,27.9983,1.7,78.0,1010.9,5.6920996,6.8399997
20201004T1200,28.0983,1.7,77.0,1010.4,3.671294,6.12
20201004T1300,28.1783,1.5,77.0,1009.5,2.4149535,5.04
20201004T1400,28.358301,1.1,76.0,1008.7,4.198285,5.04
20201004T1500,28.3283,1.0,76.0,1007.9,5.95906,6.12
20201004T1600,28.1483,0.9,76.0,1007.9,7.9036193,9.0
20201004T1700,28.518301,0.0,74.0,1008.5,11.570515,11.5199995
20201004T1800,27.9783,0.0,76.0,1009.1,11.183201,10.799999
20201004T1900,27.4183,0.0,79.0,1009.6,10.105681,10.440001
20201004T2000,27.2083,0.0,81.0,1010.0,9.028754,9.36
20201004T2100,27.1583,0.0,82.0,1010.5,7.928178,9.36
20201004T2200,27.0583,0.0,82.0,1010.6,7.208994,7.92
20201004T2300,26.9083,0.0,82.0,1010.4,7.2805495,7.5599995
20201005T0000,26.4783,0.0,84.0,1010.2,7.69592,9.0
20201005T0100,26.2483,0.0,85.0,1009.9,7.6367526,9.0
20201005T0200,26.1283,0.0,86.0,1009.4,7.69592,9.72
20201005T0300,25.9783,0.0,86.0,1009.0,8.473393,10.440001
20201005T0400,25.8083,0.0,87.0,1008.9,8.825508,11.159999
20201005T0500,25.7483,0.0,87.0,1009.6,7.9932976,10.08
20201005T0600,25.768301,0.0,87.0,1009.9,7.2,10.08
20201005T0700,26.2183,0.0,84.0,1010.7,7.9526596,8.28
20201005T0800,26.8383,0.0,80.0,1011.3,8.209263,7.92
20201005T0900,27.438301,0.0,77.0,1011.8,8.891344,10.799999
20201005T1000,27.8783,0.0,75.0,1011.6,9.904906,10.799999
20201005T1100,28.1183,0.0,73.0,1010.9,10.703569,11.5199995
20201005T1200,28.4683,0.0,72.0,1010.3,12.10157,12.959999
20201005T1300,28.688301,0.0,71.0,1009.4,13.905509,14.4
20201005T1400,28.7283,0.0,71.0,1008.7,14.578888,15.4800005
20201005T1500,28.5483,0.0,72.0,1008.1,14.799459,14.759999
20201005T1600,28.2583,0.0,74.0,1008.0,14.458382,12.24
20201005T1700,29.6583,0.0,66.0,1007.7,11.013882,11.5199995
20201005T1800,28.7383,0.0,70.0,1008.2,9.227524,10.08
20201005T1900,28.1583,0.0,74.0,1008.7,8.217153,10.799999
20201005T2000,27.7183,0.0,76.0,1009.1,7.42159,9.72
20201005T2100,27.3483,0.0,79.0,1009.4,6.8777895,9.0
20201005T2200,26.9583,0.0,83.0,1009.5,5.6233797,7.92
20201005T2300,26.5883,0.0,85.0,1009.0,4.8965297,6.8399997
20201006T0000,26.3483,0.0,87.0,1008.8,3.7064266,6.12
20201006T0100,26.0883,0.0,89.0,1008.3,3.2599385,5.7599998
20201006T0200,25.8783,0.0,90.0,1007.8,3.6179552,5.3999996
20201006T0300,26.018301,0.0,89.0,1007.4,3.5455887,5.7599998
20201006T0400,26.0083,0.0,89.0,1007.7,3.6,4.32
20201006T0500,25.8483,0.0,89.0,1008.5,3.6,4.32
20201006T0600,25.5983,0.0,90.0,1009.2,4.0249224,5.7599998
20201006T0700,25.8083,0.0,90.0,1010.0,4.1046314,6.12
20201006T0800,26.2183,0.0,88.0,1010.7,4.379589,8.28
20201006T0900,27.0883,0.0,83.0,1011.2,4.0249224,6.8399997
20201006T1000,28.278301,0.0,77.0,1011.0,3.4152596,6.8399997
20201006T1100,30.1483,0.0,67.0,1010.1,4.8965297,8.64
20201006T1200,31.2083,0.0,62.0,1009.4,7.491114,11.879999
20201006T1300,31.4283,0.0,62.0,1008.8,11.113451,13.679999
20201006T1400,31.3283,0.0,61.0,1008.2,13.0447235,14.759999
20201006T1500,31.018301,0.0,62.0,1007.6,14.386494,14.04
20201006T1600,30.3483,0.0,65.0,1007.5,14.57889,14.4
20201006T1700,29.8983,0.0,68.0,1007.4,13.896187,12.959999
20201006T1800,28.7583,0.0,74.0,1007.9,12.096214,13.32
20201006T1900,28.1383,0.0,78.0,1008.3,11.119281,11.5199995
20201006T2000,27.8183,0.0,81.0,1008.7,9.83268,10.08
20201006T2100,27.5783,0.0,83.0,1009.2,8.311245,9.36
20201006T2200,27.3483,0.0,84.0,1009.3,8.12197,9.0
20201006T2300,27.0583,0.0,86.0,1009.0,8.049845,9.36
20201007T0000,26.8183,0.0,87.0,1008.9,6.924738,7.2
20201007T0100,27.2183,0.0,86.0,1008.7,5.937272,6.12
20201007T0200,27.1483,0.0,86.0,1008.5,5.154415,6.4799995
20201007T0300,26.7583,0.0,87.0,1008.3,5.692099,6.12
20201007T0400,26.7283,0.0,85.0,1008.6,6.3690495,6.8399997
20201007T0500,26.5483,0.0,86.0,1009.4,5.8048253,6.12
20201007T0600,26.6683,0.0,85.0,1009.9,6.0347,7.2
20201007T0700,27.1783,0.0,81.0,1010.7,6.87779,7.5599995
20201007T0800,28.1283,0.0,77.0,1011.5,5.8603754,8.28
20201007T0900,29.1383,0.0,73.0,1012.0,5.0142193,8.64
20201007T1000,30.4983,0.0,66.0,1011.7,3.96,7.92
20201007T1100,31.768301,0.0,59.0,1010.5,6.3690495,9.72
20201007T1200,32.5983,0.0,55.0,1009.7,10.805998,12.599999
20201007T1300,32.5483,0.0,57.0,1008.9,14.48972,15.119999
20201007T1400,31.8283,0.0,61.0,1008.4,15.807239,16.56
20201007T1500,31.2983,0.0,62.0,1007.8,14.982228,15.84
20201007T1600,30.8783,0.0,64.0,1007.7,13.584932,13.679999
20201007T1700,30.8483,0.0,65.0,1007.6,11.983188,13.679999
20201007T1800,29.2083,0.0,73.0,1008.1,11.592895,13.679999
20201007T1900,28.3983,0.0,78.0,1008.4,11.119281,15.119999
20201007T2000,28.0483,0.0,80.0,1008.7,10.086427,14.759999
20201007T2100,27.8083,0.0,82.0,1009.0,9.290511,11.159999
20201007T2200,27.4983,0.0,84.0,1009.2,7.7043357,10.08
20201007T2300,27.2283,0.0,86.0,1008.8,6.9153743,9.36
20201008T0000,27.3283,0.0,87.0,1008.7,7.145796,10.08
20201008T0100,27.2583,0.0,90.0,1008.4,7.127636,10.799999
20201008T0200,27.1483,0.0,88.0,1008.0,9.085988,11.879999
20201008T0300,27.2283,0.0,88.0,1007.7,8.534353,11.159999
20201008T0400,26.8683,0.0,89.0,1007.7,7.42159,9.72
20201008T0500,26.8483,0.0,91.0,1008.3,5.8603754,11.5199995
20201008T0600,26.7383,0.0,91.0,1008.7,5.8603754,11.5199995
20201008T0700,26.7983,0.0,90.0,1009.5,6.638072,10.440001
20201008T0800,27.1783,0.0,87.0,1010.2,6.130579,9.72
20201008T0900,28.0383,0.0,82.0,1010.6,2.8799999,7.92
20201008T1000,29.4783,0.0,76.0,1010.2,1.8,6.8399997
20201008T1100,31.0683,0.0,67.0,1009.2,7.208994,11.159999
20201008T1200,31.8283,0.0,65.0,1008.4,10.105681,12.959999
20201008T1300,32.0883,0.0,64.0,1007.6,12.287555,15.119999
20201008T1400,31.998299,0.0,65.0,1006.9,13.556282,18.0
20201008T1500,31.5083,0.0,67.0,1006.2,13.450708,16.919998
20201008T1600,30.7383,0.0,70.0,1006.1,12.313893,12.959999
20201008T1700,31.2283,0.0,62.0,1006.5,11.609651,12.959999
20201008T1800,30.0683,0.0,67.0,1006.9,10.163227,10.440001
20201008T1900,29.3183,0.0,70.0,1007.3,9.83268,9.72
20201008T2000,28.8283,0.0,74.0,1007.8,8.891344,10.440001
20201008T2100,28.5083,0.0,76.0,1008.3,8.049845,10.440001
20201008T2200,28.3483,0.0,77.0,1008.5,7.10031,9.0
20201008T2300,28.188301,0.0,79.0,1008.1,6.297428,8.64
20201009T0000,27.9183,0.0,85.0,1008.0,5.8048253,7.92
20201009T0100,27.9083,0.0,88.0,1007.7,6.989936,8.28
20201009T0200,27.7483,0.0,89.0,1007.4,6.9153743,8.64
20201009T0300,27.778301,0.0,90.0,1007.0,6.9153743,9.72
20201009T0400,27.7983,0.0,92.0,1007.0,5.1919937,9.0
20201009T0500,27.7483,0.0,92.0,1007.6,2.8116899,6.4799995
20201009T0600,27.7183,0.0,92.0,1007.8,1.08,5.04
20201009T0700,27.9083,0.0,90.0,1008.7,1.9386592,3.6
20201009T0800,28.3883,0.0,84.0,1009.7,3.4152596,4.68
20201009T0900,29.0383,0.0,81.0,1010.3,5.2416787,3.96
20201009T1000,30.8983,0.0,69.0,1009.8,7.386582,6.8399997
20201009T1100,32.0283,0.0,64.0,1009.0,9.387651,8.64
20201009T1200,32.728302,0.0,60.0,1008.4,11.503113,11.5199995
20201009T1300,32.9183,0.0,60.0,1007.7,13.202726,12.24
20201009T1400,32.7383,0.0,61.0,1007.2,13.138765,12.599999
20201009T1500,32.3083,0.0,64.0,1006.6,11.090103,10.799999
20201009T1600,31.4783,0.0,68.0,1006.6,10.315115,8.28
20201009T1700,31.4983,0.0,58.0,1006.3,12.313893,10.799999
20201009T1800,30.4083,0.0,62.0,1006.8,8.049845,9.0
20201009T1900,29.9083,0.0,63.0,1007.4,5.7599998,7.5599995
20201009T2000,29.5683,0.0,65.0,1008.0,5.154415,6.4799995
20201009T2100,29.1983,0.0,69.0,1008.7,5.8603754,6.12
20201009T2200,28.7183,0.0,76.0,1008.7,6.763786,5.7599998
20201009T2300,28.3183,0.1,82.0,1008.2,7.289444,6.4799995
20201010T0000,28.0683,0.2,84.0,1008.0,7.289444,7.92
20201010T0100,27.6483,0.1,88.0,1007.6,6.9247384,6.4799995
20201010T0200,27.3483,0.0,91.0,1007.3,6.489992,6.12
20201010T0300,27.268301,0.0,92.0,1006.9,6.12,6.12
20201010T0400,27.1783,0.0,92.0,1006.9,5.937272,6.4799995
20201010T0500,27.0383,0.0,91.0,1007.3,6.4799995,6.4799995
20201010T0600,26.9183,0.0,91.0,1007.5,7.5942073,6.8399997
20201010T0700,27.2183,0.0,89.0,1008.4,9.3669195,7.92
20201010T0800,27.6983,0.0,86.0,1009.2,9.72,7.92
20201010T0900,28.2983,0.0,82.0,1009.5,9.885262,7.92
20201010T1000,29.4083,0.0,76.0,1009.3,10.829958,9.0
20201010T1100,30.1483,0.0,72.0,1008.5,12.4811535,10.440001
20201010T1200,30.2883,0.0,72.0,1007.9,15.277749,13.32
20201010T1300,29.8483,0.0,73.0,1007.2,16.87398,14.759999
20201010T1400,29.3283,0.0,74.0,1006.9,17.0763,15.119999
20201010T1500,29.2483,0.0,74.0,1006.4,16.78156,15.119999
20201010T1600,28.9083,0.0,75.0,1006.3,16.575644,15.119999
20201010T1700,31.188301,0.0,65.0,1005.9,14.336861,11.879999
20201010T1800,30.1583,0.0,70.0,1006.4,11.480557,10.799999
20201010T1900,29.518301,0.0,74.0,1006.9,11.269782,10.440001
20201010T2000,28.9083,0.0,79.0,1007.3,11.27553,10.440001
20201010T2100,28.4083,0.0,84.0,1008.0,12.015589,10.440001
20201010T2200,28.0983,0.0,87.0,1008.3,13.004921,11.159999
20201010T2300,27.9183,0.0,89.0,1007.7,12.9249525,11.159999
20201011T0000,27.8983,0.0,87.0,1007.5,13.37825,12.24
20201011T0100,27.7183,0.0,88.0,1007.0,15.077082,14.4
20201011T0200,27.6283,0.0,83.0,1006.6,14.529915,13.32
20201011T0300,27.7383,0.0,81.0,1006.2,12.599998,11.5199995
20201011T0400,27.6483,0.0,81.0,1006.2,8.435069,9.0
20201011T0500,27.5683,0.0,81.0,1006.6,6.2145634,7.5599995
20201011T0600,27.438301,0.0,83.0,1006.7,7.342588,8.28
20201011T0700,28.0483,0.0,80.0,1007.3,8.825508,8.64
20201011T0800,28.938301,0.0,76.0,1008.0,9.114471,11.159999
20201011T0900,29.9983,0.0,70.0,1008.4,8.311245,10.799999
20201011T1000,30.9083,0.0,67.0,1008.2,9.659814,9.36
20201011T1100,31.528301,0.0,64.0,1007.1,13.755579,17.28
20201011T1200,31.438301,0.0,66.0,1006.5,18.374111,18.0
20201011T1300,31.2183,0.0,68.0,1005.6,19.201874,19.08
20201011T1400,30.9983,0.0,69.0,1004.9,17.072504,19.8
20201011T1500,30.6583,0.0,71.0,1004.1,15.315873,20.16
20201011T1600,30.1583,0.0,73.0,1004.0,12.594856,17.64
20201011T1700,29.7283,0.0,73.0,1004.3,13.202726,16.919998
20201011T1800,29.0083,0.0,76.0,1004.6,9.904906,16.199999
20201011T1900,28.8883,0.0,77.0,1005.1,8.287822,14.759999
20201011T2000,28.768301,0.0,78.0,1005.5,7.386582,14.04
20201011T2100,28.6383,0.0,80.0,1005.9,7.42159,13.32
20201011T2200,28.4083,0.0,82.0,1005.9,7.145796,10.440001
20201011T2300,28.3683,0.0,83.0,1005.4,6.638072,12.599999
20201012T0000,28.0783,0.0,83.0,1005.0,4.8965297,11.159999
20201012T0100,28.0583,0.0,81.0,1004.7,6.5693827,12.599999
20201012T0200,27.6983,0.0,81.0,1004.3,4.3349743,7.5599995
20201012T0300,27.2483,0.0,85.0,1003.9,2.7416782,6.8399997
20201012T0400,27.0783,0.0,86.0,1004.0,1.609969,3.6
20201012T0500,26.858301,0.0,88.0,1004.6,4.1046314,2.8799999
20201012T0600,26.7183,0.0,89.0,1005.0,3.7064266,2.16
20201012T0700,27.3983,0.0,86.0,1005.9,1.2979984,4.32
20201012T0800,28.2383,0.0,80.0,1006.4,2.5455842,5.7599998
20201012T0900,28.7883,0.0,74.0,1006.8,2.3051248,4.32
20201012T1000,29.4983,0.0,71.0,1006.5,4.510787,6.4799995
20201012T1100,30.2383,0.0,68.0,1005.4,6.5693827,9.36
20201012T1200,30.5783,0.0,65.0,1004.6,7.92,10.799999
20201012T1300,31.2183,0.0,64.0,1003.7,9.36,11.879999
20201012T1400,31.3383,0.0,65.0,1003.0,8.4042845,15.4800005
20201012T1500,31.0083,0.0,67.0,1002.3,8.209263,12.599999
20201012T1600,30.2183,0.4,71.0,1002.4,7.8625183,14.759999
20201012T1700,31.4183,0.0,56.0,1002.6,10.661107,12.24
20201012T1800,30.268301,0.0,62.0,1003.0,8.311245,12.599999
20201012T1900,29.528301,0.0,68.0,1003.6,6.8399997,10.08
20201012T2000,28.9983,0.0,73.0,1004.0,6.28713,9.0
20201012T2100,28.528301,0.0,80.0,1004.3,6.6185193,7.92
20201012T2200,28.1583,0.0,87.0,1004.4,6.6185193,6.8399997
20201012T2300,27.8483,0.0,88.0,1004.1,7.072878,7.5599995
20201013T0000,27.8683,0.0,88.0,1004.1,6.9899354,6.8399997
20201013T0100,27.6583,0.0,86.0,1003.8,6.489992,6.8399997
20201013T0200,27.4883,0.0,87.0,1003.6,5.8048253,6.8399997
20201013T0300,27.2583,0.0,86.0,1003.1,3.671294,6.12
20201013T0400,26.858301,0.0,88.0,1003.0,1.8,3.6
20201013T0500,26.938301,0.0,88.0,1003.6,3.8268526,7.2
20201013T0600,26.6683,0.0,87.0,1003.9,4.8433046,7.92
20201013T0700,27.0883,0.0,85.0,1004.8,5.1165614,6.4799995
20201013T0800,27.6583,0.0,82.0,1005.4,5.0142193,7.92
20201013T0900,28.4683,0.0,78.0,1006.0,5.4119864,5.7599998
20201013T1000,29.4983,0.0,73.0,1005.7,7.289445,9.36
20201013T1100,30.3283,0.0,70.0,1005.0,11.457958,12.959999
20201013T1200,30.7583,0.0,69.0,1004.4,14.480773,11.5199995
20201013T1300,30.8483,0.0,70.0,1003.7,15.807239,11.879999
20201013T1400,30.6683,0.0,72.0,1003.2,15.137133,15.4800005
20201013T1500,30.0783,0.0,75.0,1002.9,13.089354,14.4
20201013T1600,29.6183,0.0,74.0,1003.2,11.4862,9.0
20201013T1700,29.108301,0.0,78.0,1002.5,11.681987,10.440001
20201013T1800,28.4683,0.0,81.0,1003.3,9.339208,9.0
20201013T1900,28.1383,0.0,83.0,1004.1,9.693296,9.72
20201013T2000,27.858301,0.0,85.0,1004.4,9.793058,9.72
20201013T2100,27.5683,0.0,86.0,1004.9,10.390226,10.440001
20201013T2200,27.3283,0.0,87.0,1004.9,11.177405,11.879999
20201013T2300,27.2483,0.0,88.0,1004.5,11.966954,14.04
20201014T0000,27.3683,0.0,88.0,1004.2,11.043261,12.959999
20201014T0100,27.358301,0.0,88.0,1003.9,9.227524,11.5199995
20201014T0200,27.4583,0.0,87.0,1003.4,7.8954163,9.72
20201014T0300,27.4783,0.0,86.0,1003.0,7.172949,9.72
20201014T0400,27.4483,0.0,85.0,1003.2,5.815978,9.36
20201014T0500,27.5083,0.0,83.0,1004.0,4.3349743,7.5599995
20201014T0600,27.3083,0.0,85.0,1004.6,4.1046314,7.2
20201014T0700,27.5383,0.0,85.0,1005.5,6.489992,9.36
20201014T0800,27.9683,0.0,82.0,1006.0,7.9932966,8.64
20201014T0900,28.6683,0.0,78.0,1006.4,7.7043357,8.28
20201014T1000,29.5783,0.0,73.0,1006.0,6.4799995,7.2
20201014T1100,30.7983,0.0,68.0,1005.2,8.4963045,15.84
20201014T1200,31.5083,0.0,64.0,1004.5,10.703569,15.119999
20201014T1300,31.528301,0.0,65.0,1003.8,12.904882,14.04
20201014T1400,31.4483,0.0,65.0,1003.2,13.37825,14.04
20201014T1500,31.1483,0.0,65.0,1002.7,11.726277,13.679999
20201014T1600,29.768301,0.0,72.0,1002.8,10.028439,9.0
20201014T1700,29.8683,0.0,70.0,1002.6,10.315115,12.959999
20201014T1800,29.4883,0.0,72.0,1002.8,7.5942073,14.4
20201014T1900,29.1783,0.0,75.0,1003.2,6.2145634,15.4800005
20201014T2000,28.9083,0.0,79.0,1003.6,4.3498964,14.4
20201014T2100,28.7383,0.0,81.0,1004.1,1.08,14.759999
20201014T2200,28.4783,0.0,83.0,1004.1,3.9763298,10.799999
20201014T2300,28.1483,0.0,85.0,1003.7,2.5455842,1.8
20201015T0000,28.108301,0.0,86.0,1003.4,1.9386592,3.2399998
20201015T0100,27.9883,0.0,85.0,1003.1,2.5455842,4.32
20201015T0200,27.9283,0.0,85.0,1002.6,1.2979984,3.6
20201015T0300,27.7483,0.0,86.0,1002.1,1.609969,2.52
20201015T0400,27.5983,0.0,87.0,1001.9,2.3051248,2.52
20201015T0500,27.5483,0.0,88.0,1002.6,2.968636,2.52
20201015T0600,27.4183,0.0,89.0,1003.0,3.96,2.8799999
20201015T0700,28.0083,0.0,87.0,1003.8,5.3999996,5.3999996
20201015T0800,29.4583,0.4,78.0,1004.2,5.7599998,7.92
20201015T0900,30.0083,1.3,73.0,1004.6,4.2136917,5.7599998
20201015T1000,30.9283,0.4,68.0,1004.6,3.319036,15.4800005
20201015T1100,29.8883,1.1,73.0,1004.2,3.96,14.759999
20201015T1200,29.6683,1.8,73.0,1003.8,2.5959969,10.440001
20201015T1300,29.8083,1.0,72.0,1003.1,2.5455842,8.64
20201015T1400,30.0083,0.4,71.0,1002.1,3.563818,8.28
20201015T1500,30.1183,0.6,71.0,1001.3,5.8048253,9.72
20201015T1600,29.8683,1.2,72.0,1001.3,6.9247384,10.799999
20201015T1700,29.8183,0.0,70.0,1000.6,11.440978,18.72
20201015T1800,29.5683,0.0,70.0,1001.2,9.885262,17.28
20201015T1900,29.3483,0.0,70.0,1001.5,10.137692,17.64
20201015T2000,29.0783,0.0,72.0,1001.8,10.739832,18.0
20201015T2100,28.6783,0.0,75.0,1002.3,12.783802,22.68
20201015T2200,27.8283,0.0,78.0,1002.5,12.181624,22.319998
20201015T2300,27.1183,0.0,81.0,1002.1,10.383987,15.4800005
20191002T0000,26.2983,0.0,83.0,1012.5,3.6,5.7599998
20191002T0100,26.1583,0.0,84.0,1012.1,4.379589,6.4799995
20191002T0200,25.9283,0.0,85.0,1011.7,4.379589,6.4799995
20191002T0300,25.7383,0.0,86.0,1011.4,5.2416787,7.5599995
20191002T0400,25.3883,0.0,88.0,1011.6,5.815978,7.92
20191002T0500,24.9883,0.0,90.0,1012.3,5.991594,8.28
20191002T0600,24.5683,0.0,93.0,1012.8,5.904439,7.5599995
20191002T0700,25.0083,0.0,91.0,1013.5,6.1305785,6.8399997
20191002T0800,26.0083,0.0,87.0,1014.0,6.439876,6.4799995
20191002T0900,26.9883,0.0,81.0,1014.6,5.1544156,7.2
20191002T1000,27.938301,0.0,76.0,1014.6,3.8773184,6.8399997
20191002T1100,28.7283,0.0,71.0,1014.0,5.0142193,8.64
20191002T1200,29.2383,0.0,70.0,1013.4,7.5685663,9.72
20191002T1300,29.5583,0.0,67.0,1012.7,8.311245,10.440001
20191002T1400,29.6483,0.0,66.0,1012.1,8.905908,11.159999
20191002T1500,29.4683,0.0,66.0,1011.4,9.227524,11.5199995
20191002T1600,29.0783,0.0,68.0,1011.2,9.178235,11.879999
20191002T1700,28.3483,0.0,73.0,1011.1,12.819235,12.959999
20191002T1800,27.4783,0.0,78.0,1011.4,9.1641035,12.24
20191002T1900,26.938301,0.0,82.0,1011.8,7.8954163,10.440001
20191002T2000,26.4983,0.0,86.0,1012.2,6.696387,9.0
20191002T2100,26.188301,0.0,88.0,1012.8,5.634891,7.2
20191002T2200,25.9583,0.0,89.0,1013.0,4.5536795,5.7599998
20191002T2300,25.7283,0.0,89.0,1012.5,4.0249224,5.04
20191003T0000,25.5583,0.0,90.0,1012.3,3.6,4.32
20191003T0100,25.2583,0.0,91.0,1011.8,3.6179552,4.68
20191003T0200,24.9183,0.0,92.0,1011.2,3.7585104,5.3999996
20191003T0300,24.5683,0.0,94.0,1010.6,3.7064266,4.68
20191003T0400,24.2283,0.0,96.0,1010.6,4.072935,5.04
20191003T0500,23.9983,0.0,96.0,1011.3,5.1919937,5.04
20191003T0600,23.7483,0.0,96.0,1011.8,5.4833565,5.3999996
20191003T0700,24.0683,0.0,94.0,1012.6,4.802999,5.04
20191003T0800,25.2583,0.0,90.0,1013.1,4.0249224,5.3999996
20191003T0900,26.7983,0.0,83.0,1013.6,3.096837,5.04
20191003T1000,28.1483,0.0,74.0,1013.4,2.9024127,3.96
20191003T1100,29.2583,0.0,69.0,1012.6,5.692099,5.7599998
20191003T1200,29.9083,0.0,65.0,1011.9,9.028754,8.28
20191003T1300,30.278301,0.0,65.0,1011.3,10.137692,8.28
20191003T1400,30.2583,0.0,65.0,1010.7,11.726277,9.0
20191003T1500,29.9283,0.0,67.0,1010.2,13.237039,10.799999
20191003T1600,29.2283,0.0,71.0,1010.1,14.168641,12.959999
20191003T1700,28.7383,0.0,75.0,1010.1,14.003028,13.32
20191003T1800,27.5883,0.0,81.0,1010.6,12.475961,13.32
20191003T1900,26.9683,0.0,85.0,1011.3,11.212135,12.959999
20191003T2000,26.6583,0.0,87.0,1011.8,9.931042,13.679999
20191003T2100,26.3683,0.0,88.0,1012.3,8.435069,12.959999
20191003T2200,26.0983,0.0,90.0,1012.4,8.287822,11.879999
20191003T2300,25.8283,0.0,91.0,1012.0,7.9036193,7.5599995
20191004T0000,25.5683,0.0,92.0,1011.9,7.5170207,7.92
20191004T0100,25.268301,0.0,94.0,1011.4,7.69592,9.0
20191004T0200,24.9883,0.0,93.0,1011.1,6.87779,12.599999
20191004T0300,24.7083,0.0,93.0,1010.8,6.8399997,12.959999
20191004T0400,24.4783,0.0,94.0,1011.1,6.489992,12.959999
20191004T0500,24.5983,0.0,93.0,1012.3,5.04,6.8399997
20191004T0600,24.778301,0.0,93.0,1013.0,4.32,6.4799995
20191004T0700,25.3783,0.0,91.0,1013.5,4.802999,10.440001
20191004T0800,26.0383,0.0,86.0,1013.6,6.6185193,8.64
20191004T0900,26.7283,0.0,83.0,1013.8,6.6185193,7.2
20191004T1000,27.858301,0.0,77.0,1013.6,4.1046314,3.6
20191004T1100,28.8183,0.0,71.0,1012.9,2.3051248,2.52
20191004T1200,29.608301,0.0,68.0,1012.2,5.1544156,5.3999996
20191004T1300,30.1283,0.0,66.0,1011.3,7.5942073,6.4799995
20191004T1400,30.2583,0.0,66.0,1010.5,9.0645685,7.92
20191004T1500,30.018301,0.0,67.0,1009.7,11.013882,9.36
20191004T1600,29.4583,0.0,70.0,1009.6,12.303366,10.440001
20191004T1700,28.8683,0.0,72.0,1010.1,10.739832,9.36
20191004T1800,27.9183,0.0,77.0,1010.7,8.913181,11.159999
20191004T1900,27.2883,0.0,83.0,1011.0,9.178235,12.599999
20191004T2000,26.8483,0.0,87.0,1011.1,9.178235,12.24
20191004T2100,26.4783,0.0,89.0,1011.4,8.435069,7.5599995
20191004T2200,26.1783,0.0,90.0,1011.5,8.404285,6.4799995
20191004T2300,25.8883,0.0,90.0,1011.3,7.8954163,6.12
20191005T0000,25.688301,0.0,90.0,1011.1,7.2,9.36
20191005T0100,25.5083,0.0,91.0,1010.7,6.9247384,6.4799995
20191005T0200,25.3283,0.0,92.0,1010.1,7.289444,6.8399997
20191005T0300,25.0883,0.0,92.0,1009.7,7.6367526,11.159999
20191005T0400,25.1283,0.0,92.0,1009.7,8.28,11.879999
20191005T0500,24.8383,0.0,93.0,1010.3,7.9932976,13.32
20191005T0600,24.4283,0.0,95.0,1010.8,8.311245,13.679999
20191005T0700,25.0483,0.0,92.0,1011.5,7.729527,12.959999
20191005T0800,26.0383,0.0,89.0,1011.8,8.587338,12.599999
20191005T0900,26.1283,0.0,88.0,1011.9,7.729527,8.64
20191005T1000,27.5583,0.0,81.0,1011.7,6.6185193,7.92
20191005T1100,29.018301,0.0,72.0,1010.9,4.3349743,6.12
20191005T1200,30.0483,0.0,67.0,1010.3,3.219938,5.7599998
20191005T1300,30.5983,0.0,64.0,1009.6,3.6,7.92
20191005T1400,30.8783,0.0,63.0,1008.8,5.4833565,8.64
20191005T1500,30.8083,0.0,63.0,1008.1,7.24486,10.08
20191005T1600,30.3283,0.0,65.0,1007.9,8.78872,11.879999
20191005T1700,29.7283,0.0,69.0,1008.9,9.1641035,10.440001
20191005T1800,28.6983,0.0,75.0,1009.6,8.587338,9.72
20191005T1900,27.8983,0.0,83.0,1010.2,9.021574,10.799999
20191005T2000,27.4583,0.0,86.0,1010.6,9.19939,14.04
20191005T2100,27.1783,0.0,88.0,1011.0,8.669949,14.4
20191005T2200,26.9483,0.0,89.0,1011.2,8.587338,15.119999
20191005T2300,26.6583,0.0,90.0,1011.0,7.8954163,15.4800005
20191006T0000,26.3883,0.0,92.0,1011.0,6.2145634,13.32
20191006T0100,26.1783,0.0,93.0,1010.6,4.68,11.159999
20191006T0200,25.9583,0.0,94.0,1010.2,3.7585104,8.64
20191006T0300,26.0383,0.0,93.0,1009.7,4.32,7.92
20191006T0400,25.7183,0.0,93.0,1009.4,4.6938252,8.28
20191006T0500,25.4583,0.0,94.0,1010.1,5.04,10.799999
20191006T0600,25.268301,0.0,94.0,1010.5,5.04,10.799999
20191006T0700,26.1983,0.0,91.0,1011.2,5.7599998,11.879999
20191006T0800,27.1683,0.0,87.0,1011.6,6.489992,8.28
20191006T0900,27.9983,0.0,85.0,1011.8,6.379216,7.5599995
20191006T1000,28.0683,0.0,82.0,1011.6,6.792466,7.5599995
20191006T1100,29.268301,0.0,75.0,1011.1,7.386582,8.28
20191006T1200,29.8483,0.0,73.0,1010.7,8.209263,8.64
20191006T1300,30.358301,0.0,70.0,1010.1,7.8954163,8.64
20191006T1400,30.4483,0.0,69.0,1009.6,7.968939,9.36
20191006T1500,30.1583,0.0,69.0,1009.1,8.225035,9.0
20191006T1600,29.778301,0.0,70.0,1009.1,7.5942082,8.64
20191006T1700,29.7383,0.0,69.0,1009.2,6.193674,7.92
20191006T1800,28.9883,0.0,70.0,1009.8,5.6233797,7.2
20191006T1900,28.4483,0.0,76.0,1010.6,5.3999996,7.92
20191006T2000,27.9583,0.0,81.0,1011.0,5.3999996,7.92
20191006T2100,27.5883,0.0,85.0,1011.4,5.904439,8.64
20191006T2200,27.2983,0.0,87.0,1011.6,5.8603754,9.36
20191006T2300,27.0883,0.0,88.0,1011.4,5.904439,5.7599998
20191007T0000,26.9283,0.0,88.0,1011.2,5.3517847,9.0
20191007T0100,26.7383,0.0,88.0,1010.8,4.68,9.0
20191007T0200,26.4783,0.0,89.0,1010.3,4.379589,8.64
20191007T0300,26.2283,0.0,90.0,1009.8,3.8773184,6.8399997
20191007T0400,25.8983,0.0,92.0,1009.8,4.829907,8.64
20191007T0500,25.608301,0.0,93.0,1010.5,5.1919937,9.36
20191007T0600,25.3383,0.0,93.0,1011.2,4.6102495,8.64
20191007T0700,26.0483,0.0,91.0,1012.1,3.6,7.5599995
20191007T0800,27.6983,0.0,81.0,1012.6,3.396233,6.4799995
20191007T0900,29.2283,0.0,73.0,1012.7,4.32,7.2
20191007T1000,30.3483,0.0,68.0,1012.4,3.671294,6.4799995
20191007T1100,31.028301,0.0,64.0,1011.8,2.8116899,5.7599998
20191007T1200,31.4683,0.0,62.0,1011.4,3.7585104,6.4799995
20191007T1300,31.6683,0.0,62.0,1010.6,5.3517847,8.28
20191007T1400,30.6583,0.0,65.0,1009.9,8.217153,12.599999
20191007T1500,30.858301,0.0,66.0,1009.4,11.304229,15.84
20191007T1600,30.2083,0.0,69.0,1009.3,13.746156,14.04
20191007T1700,29.9783,0.0,70.0,1009.9,11.753876,13.32
20191007T1800,29.0383,0.0,75.0,1010.7,10.948973,12.959999
20191007T1900,28.3683,0.0,81.0,1011.1,11.212135,14.759999
20191007T2000,28.0883,0.0,83.0,1011.3,10.514218,15.119999
20191007T2100,27.768301,0.0,85.0,1011.6,9.19939,18.72
20191007T2200,27.4283,0.0,87.0,1011.7,8.225035,18.0
20191007T2300,27.1283,0.0,89.0,1011.2,7.42159,16.919998
20191008T0000,26.9283,0.0,90.0,1011.0,6.5693827,15.84
20191008T0100,26.6983,0.0,91.0,1010.6,6.4799995,15.84
20191008T0200,26.4583,0.0,93.0,1010.1,6.162207,15.84
20191008T0300,26.4683,0.2,94.0,1009.9,4.379589,14.04
20191008T0400,26.608301,1.0,93.0,1010.1,5.692099,14.04
20191008T0500,26.4883,0.7,91.0,1010.8,6.924738,14.4
20191008T0600,26.1183,0.0,92.0,1011.2,6.379216,15.4800005
20191008T0700,26.7383,0.0,91.0,1012.0,5.8048253,14.759999
20191008T0800,27.938301,0.0,85.0,1012.4,5.00128,9.36
20191008T0900,28.3083,0.6,82.0,1012.6,3.4152596,8.28
20191008T1000,29.1383,0.4,75.0,1012.2,1.1384199,6.4799995
20191008T1100,30.1583,0.0,71.0,1011.4,1.9386592,4.68
20191008T1200,30.7283,0.0,68.0,1010.8,1.5273507,5.04
20191008T1300,30.858301,0.0,65.0,1010.0,1.609969,6.8399997
20191008T1400,31.1183,0.0,65.0,1009.4,3.319036,8.64
20191008T1500,30.1383,0.0,67.0,1009.0,5.692099,9.72
20191008T1600,30.4083,0.0,67.0,1009.1,7.491114,10.440001
20191008T1700,31.0583,0.0,68.0,1008.6,10.703569,11.879999
20191008T1800,29.7983,0.0,78.0,1009.3,9.931042,12.599999
20191008T1900,29.2083,0.0,81.0,1009.9,8.669949,11.879999
20191008T2000,28.9283,0.0,83.0,1010.1,7.2,13.679999
20191008T2100,28.7383,0.0,84.0,1010.6,5.692099,11.159999
20191008T2200,28.6983,0.0,85.0,1010.9,4.3349743,9.36
20191008T2300,28.3983,0.0,86.0,1010.3,4.3498964,11.879999
20191009T0000,28.0583,0.0,88.0,1009.9,4.1046314,13.679999
20191009T0100,27.8483,0.0,89.0,1009.5,4.1046314,13.679999
20191009T0200,27.6583,0.0,91.0,1009.1,2.5959969,7.5599995
20191009T0300,27.4983,0.0,93.0,1008.9,1.9386592,5.04
20191009T0400,27.4283,0.0,93.0,1009.0,0.8049845,3.2399998
20191009T0500,27.5583,0.5,93.0,1010.0,3.4152596,7.2
20191009T0600,27.4883,2.9,88.0,1011.1,9.36,12.24
20191009T0700,27.0083,0.7,84.0,1011.5,9.673221,11.879999
20191009T0800,27.6983,0.0,81.0,1011.6,9.085988,10.440001
20191009T0900,28.7483,0.0,77.0,1011.4,8.534353,9.72
20191009T1000,29.9283,0.0,72.0,1011.1,7.8954163,10.440001
20191009T1100,30.7983,0.0,69.0,1010.7,7.628263,10.08
20191009T1200,31.0483,0.0,69.0,1010.5,7.9526596,8.28
20191009T1300,30.6483,0.1,68.0,1009.7,7.928178,7.92
20191009T1400,29.9783,0.0,68.0,1009.2,7.5942073,8.28
20191009T1500,29.5483,0.0,69.0,1008.4,6.162207,7.2
20191009T1600,29.4683,0.0,70.0,1008.5,5.4833565,6.4799995
20191009T1700,31.0883,0.3,62.0,1008.5,4.198285,6.12
20191009T1800,30.1383,0.0,75.0,1009.0,2.9024127,4.68
20191009T1900,29.3683,0.0,84.0,1009.5,1.08,3.6
20191009T2000,29.3283,0.0,79.0,1009.6,0.71999997,2.8799999
20191009T2100,29.028301,0.0,83.0,1009.9,2.52,3.6
20191009T2200,28.5083,0.0,88.0,1010.2,7.6367526,5.3999996
20191009T2300,27.9183,0.0,88.0,1010.0,9.360001,8.64
20191010T0000,27.6583,0.0,85.0,1009.8,8.161764,8.64
20191010T0100,27.4683,0.0,84.0,1009.4,6.439876,7.5599995
20191010T0200,27.3883,0.0,84.0,1009.0,5.2416787,5.7599998
20191010T0300,27.438301,0.1,83.0,1008.6,4.1046314,4.68
20191010T0400,27.358301,2.0,85.0,1008.9,5.0911684,7.92
20191010T0500,27.3883,4.2,86.0,1010.0,6.763786,9.36
20191010T0600,27.0883,3.7,87.0,1010.7,7.9526596,12.24
20191010T0700,26.5883,2.0,90.0,1011.4,8.311245,11.159999
20191010T0800,26.6983,0.8,89.0,1011.9,10.028439,11.879999
20191010T0900,26.6783,2.3,86.0,1012.0,12.10157,13.32
20191010T1000,27.2583,0.4,83.0,1011.9,10.883676,12.959999
20191010T1100,27.6983,0.0,79.0,1011.6,10.440001,13.679999
20191010T1200,28.0483,0.0,78.0,1011.1,10.041354,13.679999
20191010T1300,28.9083,0.0,75.0,1010.3,9.504273,12.599999
20191010T1400,29.4083,0.0,72.0,1009.5,10.24578,13.32
20191010T1500,29.7083,0.0,70.0,1008.9,9.178235,11.5199995
20191010T1600,29.6583,0.0,70.0,1008.8,6.87779,10.799999
20191010T1700,30.1483,0.0,72.0,1008.6,9.007196,6.4799995
20191010T1800,29.0783,0.0,78.0,1009.1,7.928178,6.12
20191010T1900,28.4983,0.0,81.0,1009.8,6.849467,5.04
20191010T2000,28.0883,0.0,85.0,1010.3,6.2145634,7.5599995
20191010T2100,27.8183,0.0,87.0,1010.9,6.489992,7.92
20191010T2200,27.6683,0.0,88.0,1010.9,5.3517847,3.6
20191010T2300,27.6683,0.0,87.0,1010.4,3.8939953,3.2399998
20191011T0000,27.6483,0.0,86.0,1010.3,3.8939953,5.04
20191011T0100,27.528301,0.0,86.0,1010.2,5.3517847,6.8399997
20191011T0200,27.4483,0.0,86.0,1009.8,5.3517847,5.7599998
20191011T0300,27.4783,0.3,84.0,1009.4,4.3349743,5.3999996
20191011T0400,27.3283,1.6,85.0,1009.4,3.563818,2.8799999
20191011T0500,27.3183,0.1,82.0,1010.1,1.609969,1.8
20191011T0600,27.3283,0.2,82.0,1010.6,1.9386592,3.2399998
20191011T0700,27.5683,0.1,82.0,1011.1,1.2979984,6.4799995
20191011T0800,27.7383,1.4,82.0,1011.6,2.1897945,5.3999996
20191011T0900,27.688301,1.5,80.0,1011.9,3.6179552,6.4799995
20191011T1000,27.6783,0.7,79.0,1012.0,4.6938252,7.92
20191011T1100,27.7383,0.6,78.0,1011.4,3.396233,7.92
20191011T1200,28.0083,0.1,77.0,1010.7,3.563818,8.64
20191011T1300,28.268301,0.1,74.0,1010.0,5.3517847,9.36
20191011T1400,28.9083,0.1,72.0,1009.3,6.3690495,10.08
20191011T1500,29.5683,0.0,70.0,1008.7,6.638072,9.72
20191011T1600,29.5583,0.0,68.0,1008.5,6.439876,9.36
20191011T1700,29.6983,0.0,74.0,1008.6,8.427383,10.799999
20191011T1800,28.688301,0.0,79.0,1009.0,8.28,6.4799995
20191011T1900,28.1583,0.0,83.0,1009.5,7.6367526,5.7599998
20191011T2000,27.8083,0.0,86.0,1010.0,7.072878,5.3999996
20191011T2100,27.6183,0.0,86.0,1010.5,5.95906,4.32
20191011T2200,27.5383,0.0,86.0,1010.6,5.315336,4.32
20191011T2300,27.4583,0.0,86.0,1010.3,5.0911684,3.96
20191012T0000,27.4083,0.0,86.0,1010.1,5.00128,3.96
20191012T0100,27.268301,0.0,86.0,1009.6,5.2416787,6.4799995
20191012T0200,27.1383,0.0,85.0,1009.1,2.968636,3.2399998
20191012T0300,26.9983,0.0,85.0,1008.8,1.2979984,4.32
20191012T0400,26.8783,0.0,85.0,1009.1,1.9386592,5.3999996
20191012T0500,26.8483,0.0,85.0,1009.8,0.5091169,3.2399998
20191012T0600,26.7283,0.0,85.0,1010.4,1.1384199,0.35999998
20191012T0700,27.018301,0.0,86.0,1011.1,1.8,4.32
20191012T0800,27.2083,2.1,84.0,1012.1,2.5455842,6.12
20191012T0900,28.108301,0.2,78.0,1012.4,1.8,6.12
20191012T1000,28.4283,0.2,77.0,1012.5,4.379589,7.5599995
20191012T1100,29.3683,0.3,71.0,1012.0,5.1544156,9.0
20191012T1200,29.1483,0.3,71.0,1011.7,6.0347,10.08
20191012T1300,29.7283,0.1,67.0,1010.9,4.5536795,8.28
20191012T1400,30.1783,0.1,66.0,1010.0,4.5536795,8.64
20191012T1500,30.8383,0.0,64.0,1009.1,4.73506,9.0
20191012T1600,30.2283,0.0,65.0,1009.0,4.0249224,9.0
20191012T1700,29.8783,0.0,75.0,1008.7,11.440979,11.879999
20191012T1800,28.6183,0.0,81.0,1009.4,10.703569,11.879999
20191012T1900,28.0583,0.0,83.0,1010.1,9.83268,12.599999
20191012T2000,27.7983,0.0,85.0,1010.8,7.729527,13.679999
20191012T2100,27.688301,0.0,85.0,1011.5,5.95906,8.28
20191012T2200,27.778301,0.0,84.0,1011.6,3.7064266,7.5599995
20191012T2300,27.6683,0.0,84.0,1011.1,1.4399999,5.7599998
20191013T0000,27.528301,0.0,85.0,1010.8,1.4399999,4.68
20191013T0100,27.4483,0.0,86.0,1010.1,0.35999998,1.8
20191013T0200,27.278301,0.0,86.0,1009.7,0.5091169,3.2399998
20191013T0300,27.1283,0.0,87.0,1009.6,1.2979984,5.7599998
20191013T0400,26.8983,0.0,89.0,1009.6,0.8049845,7.2
20191013T0500,26.7883,0.0,90.0,1010.3,0.8049845,1.8
20191013T0600,26.4183,0.0,94.0,1010.9,2.2768397,1.4399999
20191013T0700,26.7483,0.0,93.0,1011.8,2.8116899,3.2399998
20191013T0800,27.4283,0.0,91.0,1012.2,2.4149535,3.96
20191013T0900,28.4683,0.0,86.0,1012.8,3.0547013,5.3999996
20191013T1000,27.9583,0.1,85.0,1012.7,6.696387,5.3999996
20191013T1100,29.3883,0.0,80.0,1012.0,9.0,7.5599995
20191013T1200,30.0383,0.0,74.0,1011.4,7.771331,9.36
20191013T1300,30.268301,0.0,73.0,1010.5,5.0911684,9.72
20191013T1400,30.7983,0.0,69.0,1009.7,6.1305785,10.08
20191013T1500,30.9483,0.0,68.0,1009.1,6.3690495,10.799999
20191013T1600,30.778301,0.0,69.0,1009.5,3.6,7.92
20191013T1700,31.028301,0.0,74.0,1009.1,10.44,14.759999
20191013T1800,29.2083,0.0,84.0,1010.0,10.990322,15.119999
20191013T1900,28.5883,0.0,87.0,1010.8,12.55879,15.4800005
20191013T2000,28.518301,0.0,87.0,1011.5,11.435313,15.84
20191013T2100,28.358301,0.0,89.0,1012.2,8.557102,12.24
20191013T2200,28.1683,0.0,90.0,1012.2,7.10031,10.440001
20191013T2300,27.9583,0.0,91.0,1011.7,5.6002855,10.799999
20191014T0000,27.8783,0.0,92.0,1011.5,3.396233,11.159999
20191014T0100,27.9083,0.0,93.0,1011.4,2.5959969,12.959999
20191014T0200,27.5783,0.0,95.0,1010.9,2.9024127,11.159999
20191014T0300,27.438301,0.0,96.0,1010.3,2.1897945,11.5199995
20191014T0400,27.3083,0.0,96.0,1010.3,2.0364676,6.4799995
20191014T0500,27.2183,0.0,96.0,1011.0,2.52,8.64
20191014T0600,26.8983,0.0,95.0,1011.3,3.2599385,8.64
20191014T0700,27.1783,0.0,92.0,1012.0,4.2136917,7.5599995
20191014T0800,27.8083,0.0,90.0,1012.5,5.154415,8.28
20191014T0900,28.9583,0.0,86.0,1013.1,1.8,5.7599998
20191014T1000,30.3983,0.0,78.0,1013.2,5.1919937,9.72
20191014T1100,30.9183,0.0,77.0,1012.5,4.3349743,9.72
20191014T1200,31.8183,0.0,70.0,1011.8,2.8799999,9.0
20191014T1300,32.4083,0.0,63.0,1010.7,3.7585104,9.36
20191014T1400,32.6883,0.0,59.0,1009.8,5.815978,10.440001
20191014T1500,32.6683,0.0,60.0,1009.0,8.654986,12.24
20191014T1600,31.6483,0.0,69.0,1008.7,12.313893,14.4
20191014T1700,29.6183,0.0,81.0,1009.9,16.92383,16.56
20191014T1800,28.7983,0.0,81.0,1009.9,15.629971,19.08
20191014T1900,28.278301,0.0,81.0,1010.3,14.57889,21.96
20191014T2000,27.9683,0.0,81.0,1010.8,12.7279215,21.96
20191014T2100,27.5683,0.0,83.0,1011.1,10.137692,22.68
20191014T2200,27.3083,0.0,84.0,1011.2,8.287822,21.599998
20191014T2300,27.1183,0.0,84.0,1010.6,6.489992,20.16
20191015T0000,27.1183,0.0,84.0,1010.2,4.802999,17.28
20191015T0100,27.0583,0.0,85.0,1009.7,4.510787,13.679999
20191015T0200,26.7883,0.0,87.0,1009.3,5.692099,10.799999
20191015T0300,26.2583,0.0,88.0,1009.1,6.830519,10.440001
20191015T0400,25.6383,0.0,89.0,1009.1,9.0,14.04
20191015T0500,25.0583,0.0,88.0,1009.6,10.163227,16.56
20191015T0600,24.4783,0.0,87.0,1010.3,9.339208,18.0
20191015T0700,24.8783,0.0,84.0,1011.1,9.178235,18.359999
20191015T0800,27.2583,0.0,79.0,1011.9,7.072878,15.4800005
20191015T0900,30.1983,0.0,68.0,1012.2,11.792404,19.44
20191015T1000,32.0883,0.0,64.0,1011.9,14.33234,18.359999
20191015T1100,33.3083,0.0,56.0,1011.2,11.841756,11.879999
20191015T1200,34.1083,0.0,46.0,1010.6,8.891344,10.799999
20191015T1300,34.4383,0.0,45.0,1010.0,4.39436,7.2
20191015T1400,34.5383,0.0,44.0,1009.2,1.5273507,7.92
20191015T1500,34.1883,0.0,48.0,1008.6,6.130579,14.759999
20191015T1600,32.8583,0.0,60.0,1008.3,10.8955765,15.4800005
20191015T1700,31.0783,0.0,70.0,1008.8,13.089354,18.72
20191015T1800,29.4883,0.0,78.0,1009.4,13.684735,18.72
20191015T1900,28.8883,0.0,80.0,1010.0,12.682018,17.64
20191015T2000,28.4983,0.0,82.0,1010.6,11.113451,16.199999
20191015T2100,27.9683,0.0,86.0,1011.1,8.647496,13.32
20191015T2200,27.5983,0.0,88.0,1011.2,7.8954163,16.919998
20191015T2300,27.1683,0.0,90.0,1010.7,7.653705,21.599998
20181002T0000,28.2383,0.0,80.0,1008.5,5.8048253,10.440001
20181002T0100,27.9183,0.0,86.0,1008.3,6.151683,12.959999
20181002T0200,27.688301,0.0,90.0,1008.0,5.5887027,14.04
20181002T0300,27.6483,0.1,91.0,1007.9,5.0528407,14.4
20181002T0400,27.3783,0.0,90.0,1007.8,6.12,15.84
20181002T0500,27.0983,0.0,91.0,1008.2,5.5887027,16.56
20181002T0600,26.8383,0.0,93.0,1008.5,4.6938257,16.199999
20181002T0700,27.6983,0.0,89.0,1009.0,3.7064266,15.4800005
20181002T0800,29.9983,0.0,68.0,1009.6,4.6102495,9.0
20181002T0900,32.1283,0.0,56.0,1010.0,4.3349743,7.2
20181002T1000,33.9383,0.0,50.0,1010.0,1.8,5.04
20181002T1100,35.0983,0.0,47.0,1009.6,2.8116899,6.12
20181002T1200,35.7183,0.0,46.0,1009.2,6.297428,8.64
20181002T1300,35.8983,0.0,46.0,1008.6,8.311245,10.799999
20181002T1400,35.7883,0.0,47.0,1007.9,9.36,10.799999
20181002T1500,35.3483,0.0,48.0,1007.3,11.27553,11.879999
20181002T1600,34.4883,0.0,50.0,1007.2,11.923557,12.24
20181002T1700,32.5483,0.0,56.0,1008.2,12.074766,10.799999
20181002T1800,31.278301,0.0,59.0,1008.4,8.373386,9.36
20181002T1900,30.5483,0.0,60.0,1008.7,6.439876,7.92
20181002T2000,30.0983,0.0,62.0,1009.1,5.315336,7.5599995
20181002T2100,29.6283,0.0,66.0,1009.4,4.510787,7.5599995
20181002T2200,29.1583,0.0,72.0,1009.5,3.219938,7.2
20181002T2300,28.768301,0.0,78.0,1009.3,1.4399999,6.8399997
20181003T0000,28.4583,0.0,84.0,1009.3,0.35999998,5.3999996
20181003T0100,28.2283,0.0,87.0,1009.0,0.8049845,5.7599998
20181003T0200,28.0483,0.0,88.0,1008.6,1.4399999,6.12
20181003T0300,27.858301,0.0,88.0,1008.7,3.319036,6.12
20181003T0400,27.8383,0.1,86.0,1008.7,3.0758414,5.7599998
20181003T0500,27.6683,0.0,88.0,1009.0,2.2768397,6.12
20181003T0600,27.4183,0.0,91.0,1009.5,5.3999996,6.8399997
20181003T0700,28.0583,0.0,88.0,1009.6,4.6800003,6.8399997
20181003T0800,29.3983,0.0,77.0,1010.2,4.6938252,7.5599995
20181003T0900,30.6583,0.0,70.0,1010.6,2.8799999,5.7599998
20181003T1000,32.0083,0.0,62.0,1010.4,1.9386592,6.8399997
20181003T1100,33.1383,0.0,57.0,1009.7,4.68,9.0
20181003T1200,33.8383,0.0,55.0,1009.2,7.2359104,10.440001
20181003T1300,34.2183,0.0,54.0,1008.6,9.028754,10.799999
20181003T1400,34.1883,0.0,55.0,1008.0,10.538843,11.159999
20181003T1500,33.5883,0.0,57.0,1007.8,10.799999,10.440001
20181003T1600,32.4983,0.0,60.0,1007.5,12.015589,10.440001
20181003T1700,31.858301,0.0,63.0,1007.5,17.31746,16.199999
20181003T1800,30.4883,0.0,66.0,1007.6,16.055355,19.8
20181003T1900,29.768301,0.0,70.0,1007.9,14.512064,19.08
20181003T2000,29.4783,0.0,71.0,1008.4,13.246826,15.119999
20181003T2100,29.188301,0.0,73.0,1009.1,12.031756,15.119999
20181003T2200,28.8283,0.0,76.0,1009.3,10.787993,14.759999
20181003T2300,28.4483,0.0,80.0,1009.1,9.47012,13.32
20181004T0000,28.188301,0.0,82.0,1009.1,7.5685663,12.24
20181004T0100,27.938301,0.0,83.0,1009.0,6.2145634,12.959999
20181004T0200,27.688301,0.0,85.0,1008.5,6.162207,14.04
20181004T0300,27.4583,0.0,85.0,1008.1,7.208994,18.0
20181004T0400,27.2483,0.0,85.0,1008.0,7.5942073,18.72
20181004T0500,27.0383,0.0,85.0,1008.6,6.725354,15.4800005
20181004T0600,26.768301,0.0,86.0,1009.1,6.297428,14.04
20181004T0700,27.5083,0.0,84.0,1009.7,5.0911684,12.24
20181004T0800,29.8283,0.0,68.0,1010.2,7.24486,11.5199995
20181004T0900,31.7983,0.0,59.0,1010.3,8.427383,11.879999
20181004T1000,33.6183,0.0,53.0,1010.2,5.495161,10.08
20181004T1100,34.8783,0.0,50.0,1009.4,1.2979984,9.36
20181004T1200,35.8083,0.0,48.0,1008.9,1.835647,8.64
20181004T1300,36.2983,0.0,47.0,1008.4,4.6800003,6.12
20181004T1400,36.2783,0.0,44.0,1008.0,5.937272,6.4799995
20181004T1500,35.9983,0.0,44.0,1007.4,4.3349743,6.4799995
20181004T1600,35.568302,0.0,44.0,1007.3,2.5455842,6.4799995
20181004T1700,33.068302,0.0,61.0,1006.8,15.629971,21.96
20181004T1800,30.9583,0.0,70.0,1007.0,16.039202,18.359999
20181004T1900,30.4183,0.0,70.0,1007.4,16.563911,23.039999
20181004T2000,30.018301,0.0,71.0,1008.0,15.9134655,19.44
20181004T2100,29.608301,0.0,71.0,1008.5,13.0447235,18.0
20181004T2200,29.268301,0.0,73.0,1008.8,10.390226,17.28
20181004T2300,28.9083,0.0,75.0,1008.7,7.5942073,15.4800005
20181005T0000,28.608301,0.0,76.0,1008.7,6.12,15.84
20181005T0100,28.3183,0.0,78.0,1008.3,3.6,14.4
20181005T0200,28.1183,0.0,80.0,1007.9,2.2768397,18.359999
20181005T0300,27.938301,0.0,81.0,1007.7,2.4149535,14.4
20181005T0400,27.6783,0.0,83.0,1007.8,3.7585104,4.32
20181005T0500,27.358301,0.0,85.0,1008.5,6.28713,8.64
20181005T0600,26.9083,0.0,85.0,1008.9,8.089993,13.32
20181005T0700,27.3083,0.0,81.0,1009.6,9.360001,23.039999
20181005T0800,29.8683,0.0,68.0,1010.3,8.64,26.28
20181005T0900,32.2483,0.0,58.0,1010.9,12.783802,17.64
20181005T1000,34.0983,0.0,52.0,1010.8,13.493999,16.199999
20181005T1100,35.4483,0.0,48.0,1010.1,11.4862,12.959999
20181005T1200,35.978302,0.0,46.0,1009.7,9.36,12.959999
20181005T1300,35.1283,0.0,51.0,1009.1,12.984975,18.72
20181005T1400,32.3283,0.0,62.0,1008.8,18.089775,18.72
20181005T1500,32.3683,0.1,60.0,1008.3,18.668005,20.880001
20181005T1600,32.228302,0.1,61.0,1008.1,15.696165,19.08
20181005T1700,34.4283,0.0,48.0,1007.2,8.209263,15.4800005
20181005T1800,32.2583,0.0,60.0,1007.4,11.457958,18.0
20181005T1900,30.5083,0.0,65.0,1007.9,14.529915,16.56
20181005T2000,30.0583,0.0,66.0,1008.4,13.237038,17.28
20181005T2100,29.8483,0.0,68.0,1008.8,10.1887,14.04
20181005T2200,29.5783,0.0,69.0,1009.1,8.647496,12.959999
20181005T2300,28.9883,0.0,73.0,1009.1,8.225035,15.84
20181006T0000,28.608301,0.0,73.0,1009.0,8.161764,16.199999
20181006T0100,28.278301,0.0,71.0,1008.6,8.714677,19.8
20181006T0200,27.8783,0.0,71.0,1008.1,8.287822,18.359999
20181006T0300,27.5983,0.0,71.0,1007.8,7.42159,15.119999
20181006T0400,27.3383,0.0,72.0,1008.0,7.42159,16.56
20181006T0500,27.0083,0.0,73.0,1008.8,7.7043357,24.48
20181006T0600,26.5483,0.0,74.0,1009.3,8.287822,15.4800005
20181006T0700,27.0583,0.0,73.0,1010.2,8.534353,12.599999
20181006T0800,29.3183,0.0,63.0,1010.9,8.64,23.4
20181006T0900,31.518301,0.0,57.0,1011.4,10.1887,17.28
20181006T1000,33.0883,0.0,52.0,1011.4,9.585739,13.32
20181006T1100,34.1183,0.0,49.0,1010.5,7.42159,13.679999
20181006T1200,34.8283,0.0,48.0,1009.8,4.68,15.4800005
20181006T1300,35.0283,0.0,49.0,1008.9,5.634891,19.44
20181006T1400,34.6283,0.0,51.0,1008.3,9.779817,20.519999
20181006T1500,33.9983,0.0,53.0,1007.7,12.522619,22.319998
20181006T1600,33.0283,0.0,56.0,1007.6,13.708391,21.96
20181006T1700,32.2383,0.0,59.0,1006.8,19.734436,23.759998
20181006T1800,30.938301,0.0,62.0,1007.1,17.873556,27.359999
20181006T1900,30.4483,0.0,65.0,1007.3,16.981165,17.28
20181006T2000,30.0083,0.0,70.0,1007.7,14.904173,15.4800005
20181006T2100,29.7383,0.0,73.0,1008.2,10.691453,17.64
20181006T2200,29.4683,0.0,77.0,1008.5,6.9153743,11.5199995
20181006T2300,29.1983,0.0,80.0,1008.3,5.1165614,10.440001
20181007T0000,28.9683,0.0,82.0,1008.1,3.219938,9.72
20181007T0100,28.7383,0.0,84.0,1007.7,1.5273507,10.08
20181007T0200,28.4783,0.0,85.0,1007.4,3.8939953,5.3999996
20181007T0300,28.1783,0.0,87.0,1007.2,4.8433046,5.7599998
20181007T0400,27.9083,0.0,88.0,1007.4,5.815978,10.440001
20181007T0500,27.5883,0.0,89.0,1008.1,7.2,20.880001
20181007T0600,27.3083,0.0,85.0,1008.6,7.9932976,23.759998
20181007T0700,28.0783,0.0,74.0,1009.2,9.178235,25.919998
20181007T0800,29.8383,0.0,62.0,1009.8,9.3669195,24.119999
20181007T0900,31.6183,0.0,56.0,1010.1,10.829958,18.72
20181007T1000,33.068302,0.0,52.0,1010.2,11.304229,17.28
20181007T1100,34.2183,0.0,49.0,1009.7,9.957108,15.119999
20181007T1200,35.1083,0.0,46.0,1009.3,5.1919937,9.0
20181007T1300,35.5783,0.0,43.0,1008.6,0.8049845,11.879999
20181007T1400,35.4383,0.0,43.0,1007.6,4.510787,15.4800005
20181007T1500,34.9183,0.0,45.0,1006.7,8.373386,16.919998
20181007T1600,34.0183,0.0,49.0,1006.4,11.503113,18.0
20181007T1700,33.2983,0.0,56.0,1006.2,17.377226,20.880001
20181007T1800,31.018301,0.0,63.0,1006.6,20.523157,19.44
20181007T1900,30.7483,0.0,61.0,1006.9,20.746122,18.359999
20181007T2000,30.4083,0.0,63.0,1007.5,16.418526,15.4800005
20181007T2100,29.9483,0.0,69.0,1008.1,11.183201,12.959999
20181007T2200,29.6583,0.0,73.0,1008.6,6.5693827,9.36
20181007T2300,29.438301,0.0,77.0,1008.4,6.489992,7.5599995
20181008T0000,29.1783,0.0,81.0,1008.4,7.5685663,7.5599995
20181008T0100,28.688301,0.0,86.0,1008.1,9.3876505,7.5599995
20181008T0200,28.2283,0.0,89.0,1007.7,10.538843,10.440001
20181008T0300,28.2183,0.0,87.0,1007.5,10.390226,11.159999
20181008T0400,28.2383,0.0,84.0,1007.6,9.6932955,12.24
20181008T0500,28.0983,0.0,85.0,1008.2,8.654986,12.24
20181008T0600,27.8683,0.0,87.0,1008.6,7.754637,15.84
20181008T0700,28.4983,0.0,83.0,1009.3,7.42159,12.24
20181008T0800,29.8483,0.0,73.0,1009.9,10.464798,12.599999
20181008T0900,31.0583,0.0,67.0,1010.2,9.779817,11.159999
20181008T1000,32.1083,0.0,61.0,1010.2,9.178235,18.359999
20181008T1100,32.7483,0.0,60.0,1009.5,9.19939,16.199999
20181008T1200,33.1783,0.0,59.0,1009.1,8.161764,15.84
20181008T1300,33.4183,0.0,59.0,1008.3,10.30883,17.64
20181008T1400,33.4983,0.0,58.0,1007.6,12.783802,19.8
20181008T1500,33.2883,0.0,58.0,1007.0,14.044615,20.519999
20181008T1600,32.6483,0.0,61.0,1006.5,14.561099,15.119999
20181008T1700,31.3383,0.0,66.0,1006.4,18.0036,17.28
20181008T1800,30.1683,0.0,73.0,1006.7,14.081478,15.4800005
20181008T1900,29.608301,0.0,77.0,1007.1,9.9571085,11.5199995
20181008T2000,29.3783,0.0,78.0,1007.8,5.6920996,9.0
20181008T2100,29.268301,0.0,75.0,1008.4,2.8116899,4.68
20181008T2200,29.018301,0.0,78.0,1008.7,1.0182338,4.32
20181008T2300,28.7083,0.0,81.0,1008.6,2.968636,2.16
20181009T0000,28.4083,0.0,84.0,1008.6,3.7064266,2.52
20181009T0100,28.1183,0.0,86.0,1008.4,3.396233,2.16
20181009T0200,27.8283,0.0,88.0,1008.0,2.9024127,2.16
20181009T0300,27.5583,0.0,90.0,1007.6,2.3051248,3.2399998
20181009T0400,27.3483,0.0,92.0,1007.7,2.6208394,4.68
20181009T0500,27.2083,0.0,93.0,1008.3,3.9763298,5.04
20181009T0600,27.0783,0.0,93.0,1008.6,3.6179552,4.68
20181009T0700,27.8383,0.0,89.0,1009.3,4.0249224,5.7599998
20181009T0800,28.7583,0.0,81.0,1010.1,5.7599998,5.3999996
20181009T0900,29.7483,0.0,75.0,1010.5,6.28713,4.68
20181009T1000,30.8883,0.0,69.0,1010.4,6.1094027,5.7599998
20181009T1100,31.8083,0.0,64.0,1009.7,7.8954163,8.28
20181009T1200,32.4083,0.0,62.0,1009.3,10.483357,10.440001
20181009T1300,32.7183,0.0,60.0,1008.4,11.570515,11.5199995
20181009T1400,32.7683,0.0,60.0,1007.8,11.966953,11.5199995
20181009T1500,32.5383,0.0,60.0,1007.1,12.904882,11.159999
20181009T1600,31.7383,0.0,64.0,1006.9,14.168641,12.599999
20181009T1700,31.0483,0.0,66.0,1007.2,16.327497,14.759999
20181009T1800,29.8683,0.0,71.0,1007.5,14.145756,16.56
20181009T1900,29.3783,0.0,74.0,1007.9,11.726277,12.599999
20181009T2000,29.0983,0.0,77.0,1008.6,7.5685663,9.0
20181009T2100,28.8883,0.0,78.0,1009.3,4.5820518,6.8399997
20181009T2200,28.5883,0.0,81.0,1009.6,2.5455842,4.68
20181009T2300,28.2483,0.0,84.0,1009.5,1.0182338,5.04
20181010T0000,27.9583,0.0,86.0,1009.6,1.08,4.68
20181010T0100,27.6683,0.0,88.0,1009.4,1.4399999,1.4399999
20181010T0200,27.3483,0.0,90.0,1008.9,1.4399999,6.12
20181010T0300,27.0583,0.0,91.0,1008.6,2.16,6.12
20181010T0400,26.8383,0.0,92.0,1008.8,2.4149535,7.2
20181010T0500,26.7183,0.0,92.0,1009.4,3.096837,7.5599995
20181010T0600,26.5883,0.0,92.0,1009.9,2.5455842,7.5599995
20181010T0700,26.7583,0.0,91.0,1010.6,2.5959969,7.2
20181010T0800,27.4183,0.0,88.0,1011.3,1.9386592,6.4799995
20181010T0900,28.268301,0.0,81.0,1011.6,0.8049845,4.68
20181010T1000,29.6183,0.0,74.0,1011.5,3.4152596,7.92
20181010T1100,31.028301,0.0,66.0,1010.5,8.373386,12.959999
20181010T1200,31.8383,0.0,61.0,1009.9,11.269782,16.56
20181010T1300,32.1083,0.0,61.0,1008.9,13.53236,18.0
20181010T1400,31.8883,0.0,62.0,1008.2,15.192682,19.08
20181010T1500,31.3183,0.0,65.0,1007.5,15.9134655,18.72
20181010T1600,30.5483,0.0,69.0,1007.4,16.981165,17.64
20181010T1700,30.9683,0.0,65.0,1007.2,16.92383,16.919998
20181010T1800,29.8883,0.0,71.0,1007.5,14.372974,19.08
20181010T1900,29.2883,0.0,77.0,1007.8,14.039999,18.72
20181010T2000,28.9083,0.0,81.0,1008.1,12.57426,15.84
20181010T2100,28.5783,0.0,84.0,1008.6,10.630672,14.759999
20181010T2200,28.2983,0.0,87.0,1008.9,9.290511,13.32
20181010T2300,28.1383,0.0,88.0,1009.0,8.913181,12.24
20181011T0000,28.1383,0.0,86.0,1009.3,8.78872,11.879999
20181011T0100,28.0583,0.0,86.0,1009.2,7.754637,11.159999
20181011T0200,27.6683,0.0,86.0,1008.9,7.2805495,10.799999
20181011T0300,27.5083,0.0,85.0,1008.7,5.8603754,11.159999
20181011T0400,27.1983,0.0,86.0,1008.7,4.8433046,10.440001
20181011T0500,26.9083,0.0,87.0,1009.2,5.4119864,10.799999
20181011T0600,26.5783,0.0,89.0,1009.4,5.506941,13.679999
20181011T0700,26.7283,0.0,88.0,1010.0,5.6920996,14.04
20181011T0800,27.1483,0.0,86.0,1010.6,4.0249224,11.5199995
20181011T0900,28.0483,0.0,81.0,1011.0,0.71999997,9.0
20181011T1000,29.4983,0.0,76.0,1010.8,4.68,10.440001
20181011T1100,30.9183,0.0,68.0,1009.9,8.759178,12.24
20181011T1200,31.6983,0.0,65.0,1009.3,11.720751,14.04
20181011T1300,32.0183,0.0,62.0,1008.5,13.708391,14.759999
20181011T1400,31.8283,0.0,63.0,1007.8,14.658676,15.84
20181011T1500,31.1783,0.0,66.0,1007.3,14.693999,16.56
20181011T1600,30.3483,0.0,70.0,1007.0,14.386494,15.84
20181011T1700,31.1383,0.0,64.0,1007.3,14.003029,14.759999
20181011T1800,30.0583,0.0,70.0,1007.6,11.27553,15.119999
20181011T1900,29.4283,0.0,75.0,1007.9,9.904906,14.4
20181011T2000,29.018301,0.0,79.0,1008.3,8.854829,11.879999
20181011T2100,28.6683,0.0,83.0,1008.8,7.7879906,12.24
20181011T2200,28.358301,0.0,86.0,1009.1,7.8954163,13.32
20181011T2300,28.2483,0.0,84.0,1009.1,7.653705,12.959999
20181012T0000,27.9183,0.0,86.0,1009.2,6.792466,11.879999
20181012T0100,27.528301,0.0,90.0,1009.2,6.28713,9.72
20181012T0200,27.2283,0.0,92.0,1008.9,6.12,10.440001
20181012T0300,27.1683,0.0,91.0,1008.6,5.3517847,11.879999
20181012T0400,26.8483,0.0,91.0,1008.7,5.315336,11.159999
20181012T0500,26.4483,0.0,91.0,1009.4,6.9899354,13.32
20181012T0600,26.0383,0.0,91.0,1009.9,6.87779,14.4
20181012T0700,26.1483,0.0,89.0,1010.6,6.4799995,14.759999
20181012T0800,27.0783,0.0,83.0,1011.2,5.0528407,12.599999
20181012T0900,28.4983,0.0,76.0,1011.5,2.5959969,9.36
20181012T1000,30.3983,0.0,69.0,1011.3,2.2768397,8.64
20181012T1100,32.0783,0.0,61.0,1010.4,5.0911684,11.5199995
20181012T1200,33.3583,0.0,55.0,1009.7,7.2,13.32
20181012T1300,33.8783,0.0,54.0,1008.9,9.0,11.5199995
20181012T1400,33.8283,0.0,56.0,1008.2,10.464797,13.679999
20181012T1500,32.6083,0.0,64.0,1007.6,13.797913,16.199999
20181012T1600,31.2983,0.0,69.0,1007.5,14.84318,15.4800005
20181012T1700,31.3483,0.0,61.0,1007.8,17.373497,16.919998
20181012T1800,30.0483,0.0,67.0,1008.0,15.192682,20.880001
20181012T1900,29.358301,0.0,72.0,1008.3,13.608762,20.519999
20181012T2000,29.0883,0.0,74.0,1008.8,10.195057,17.64
20181012T2100,28.7183,0.0,78.0,1009.3,6.696387,12.959999
20181012T2200,28.2983,0.0,85.0,1009.7,3.319036,11.159999
20181012T2300,27.8883,0.0,90.0,1009.7,1.4399999,9.72
20181013T0000,27.7183,0.0,91.0,1009.8,0.5091169,6.8399997
20181013T0100,27.358301,0.0,88.0,1009.8,1.5273507,8.28
20181013T0200,27.1983,0.0,90.0,1009.5,2.5959969,10.08
20181013T0300,27.278301,0.0,90.0,1009.4,3.0547013,9.36
20181013T0400,27.0383,0.0,91.0,1009.6,1.835647,9.0
20181013T0500,26.8483,0.0,89.0,1010.2,2.5959969,8.28
20181013T0600,26.5383,0.0,89.0,1010.7,3.671294,7.5599995
20181013T0700,26.8183,0.0,88.0,1011.4,5.04,8.28
20181013T0800,27.5083,0.0,84.0,1012.0,5.4477882,7.2
20181013T0900,29.0683,0.0,76.0,1012.3,3.4152596,9.36
20181013T1000,31.1283,0.0,66.0,1012.1,1.9386592,9.36
20181013T1100,32.9283,0.0,54.0,1011.3,3.4152596,7.5599995
20181013T1200,33.9883,0.0,51.0,1010.7,3.396233,9.72
20181013T1300,34.8883,0.0,46.0,1010.0,4.452954,9.36
20181013T1400,35.4183,0.0,42.0,1009.2,7.754637,11.879999
20181013T1500,34.9683,0.0,45.0,1008.5,12.0694,15.4800005
20181013T1600,33.1683,0.0,56.0,1008.4,15.111424,15.4800005
20181013T1700,31.8483,0.0,55.0,1009.5,15.978484,17.28
20181013T1800,30.2983,0.0,61.0,1009.6,12.904882,18.0
20181013T1900,29.5383,0.0,65.0,1010.0,11.480557,17.64
20181013T2000,29.0683,0.0,70.0,1010.5,7.928177,12.24
20181013T2100,28.6383,0.0,75.0,1011.0,3.96,10.799999
20181013T2200,28.1583,0.0,78.0,1011.4,3.671294,8.28
20181013T2300,27.6783,0.0,80.0,1011.3,4.2136917,8.28
20181014T0000,27.2583,0.0,82.0,1011.3,4.39436,5.3999996
20181014T0100,26.8683,0.0,84.0,1011.1,4.3349743,5.3999996
20181014T0200,26.5083,0.0,86.0,1010.8,4.072935,6.4799995
20181014T0300,26.2183,0.0,87.0,1010.6,3.319036,5.7599998
20181014T0400,26.0083,0.0,87.0,1010.8,2.4149535,3.2399998
20181014T0500,25.858301,0.0,87.0,1011.6,2.0991426,2.8799999
20181014T0600,25.7283,0.0,86.0,1012.1,1.5273507,2.52
20181014T0700,26.4683,0.0,81.0,1012.7,2.5455842,5.04
20181014T0800,27.9783,0.0,72.0,1013.3,2.7416782,7.5599995
20181014T0900,29.7583,0.0,62.0,1013.7,2.1897945,5.04
20181014T1000,31.528301,0.0,53.0,1013.6,1.5273507,4.32
20181014T1100,32.8983,0.0,48.0,1013.0,4.2136917,7.2
20181014T1200,33.6583,0.0,46.0,1012.4,7.289444,9.0
20181014T1300,33.8583,0.0,46.0,1011.7,9.422101,11.159999
20181014T1400,33.728302,0.0,48.0,1010.9,12.371645,12.24
20181014T1500,33.0583,0.0,52.0,1010.2,15.111424,13.32
20181014T1600,31.6483,0.0,58.0,1009.9,15.463244,15.119999
20181014T1700,31.7083,0.0,50.0,1010.1,13.237039,13.32
20181014T1800,30.1583,0.0,58.0,1010.2,9.983106,14.759999
20181014T1900,29.3183,0.0,64.0,1010.6,8.39657,12.599999
20181014T2000,28.8783,0.0,69.0,1011.1,6.9153743,11.879999
20181014T2100,28.5083,0.0,74.0,1011.7,3.8939953,9.72
20181014T2200,28.0983,0.0,80.0,1011.9,1.609969,7.92
20181014T2300,27.7583,0.0,81.0,1011.7,2.16,9.0
20181015T0000,27.278301,0.0,89.0,1011.8,2.7416782,5.7599998
20181015T0100,26.938301,0.0,90.0,1011.6,2.2768397,6.8399997
20181015T0200,26.608301,0.0,91.0,1011.2,1.4399999,7.2
20181015T0300,26.2583,0.0,92.0,1010.8,1.609969,6.12
20181015T0400,25.7483,0.0,94.0,1010.9,1.2979984,7.92
20181015T0500,25.358301,0.0,94.0,1011.5,1.9386592,11.159999
20181015T0600,24.8983,0.0,94.0,1011.9,3.319036,12.24
20181015T0700,24.9183,0.0,91.0,1012.5,3.9763298,10.08
20181015T0800,26.6783,0.0,80.0,1013.2,3.9763298,10.08
20181015T0900,29.4583,0.0,67.0,1013.4,3.6,7.5599995
20181015T1000,32.2683,0.0,50.0,1013.2,4.802999,7.5599995
20181015T1100,34.0283,0.0,41.0,1012.3,4.379589,10.08
20181015T1200,34.9683,0.0,39.0,1011.5,4.3349743,10.440001
20181015T1300,35.3883,0.0,39.0,1010.8,5.8048253,9.72
20181015T1400,35.1783,0.0,41.0,1010.2,9.983106,13.32
20181015T1500,33.9683,0.0,48.0,1009.6,14.986553,16.199999
20181015T1600,32.4083,0.0,54.0,1009.6,17.31746,15.84
20181015T1700,31.8183,0.0,52.0,1009.7,16.279802,18.0
20181015T1800,30.2283,0.0,56.0,1009.9,15.124284,18.359999
20181015T1900,29.5983,0.0,59.0,1010.4,13.783817,16.56
20181015T2000,29.1183,0.0,65.0,1010.8,10.464797,15.119999
20181015T2100,28.5983,0.0,71.0,1011.3,7.42159,12.599999
20181015T2200,28.0783,0.0,76.0,1011.6,5.315336,13.32
20181015T2300,27.6483,0.0,78.0,1011.6,3.396233,9.36